Workbook

Sheet Hallazgos
A1: Hallazgos principales – Resultados federales 2018-2024
A2: Cifras calculadas con los archivos del PREP de cada elección; ver hojas de detalle y Metodología.
A4: Cómo leer este archivo
A5: Todas las cifras salen de los archivos del PREP de cada elección (presidencia, diputaciones y senadurías 2018 y 2024; diputaciones 2021). Los porcentajes son sobre el total de votos emitidos. Hay dos lecturas: "bloques como compitieron" (la coalición de cada año tal cual) y "partidos" (el voto de coalición repartido entre sus partidos, para ver el crecimiento real de cada uno). Ver hoja Metodología.
A6: Nacional
A7: Presidencia: el bloque de Morena y aliados pasó de 53.2% (2018) a 59.8% (2024). Hay que tener en cuenta que sus integrantes cambian: PES en 2018, PVEM en 2021 y 2024.
A8: Diputaciones: el bloque de Morena y aliados pasó de 43.6% (2018) a 42.8% (2021), 54.7% (2024). Hay que tener en cuenta que sus integrantes cambian: PES en 2018, PVEM en 2021 y 2024.
A9: Senadurías: el bloque de Morena y aliados pasó de 43.7% (2018) a 55.1% (2024). Hay que tener en cuenta que sus integrantes cambian: PES en 2018, PVEM en 2021 y 2024.
A10: Presidencia: PAN + PRI + PRD sumados fueron 34.3% (2018), 27.5% (2024).
A11: Diputaciones: PAN + PRI + PRD sumados fueron 39.9% (2018), 39.6% (2021), 30.5% (2024).
A12: Senadurías: PAN + PRI + PRD sumados fueron 38.9% (2018), 30.0% (2024).
A13: MC creció en todos los cargos: diputaciones 4.3% (2018), 7.0% (2021), 10.9% (2024); presidencia 1.7% (2018), 10.3% (2024) (en 2018 MC iba con PAN y PRD, por eso su voto propio aparece bajo en la presidencia); senadurías 4.6% (2018), 10.9% (2024).
... A37: No se incluyen las diputaciones y senadurías de representación proporcional ni los cómputos oficiales. Los nombres de los bloques son una asignación mía a partir de las coaliciones de cada archivo. Al repartir el voto de coalición entre partidos se usa la regla de división en partes iguales con el residuo al partido con más votos propios en la casilla; es una aproximación, no el resultado oficial por partido.

Sheet Nacional
A1: Resumen nacional 2018-2024: presidencia, diputaciones y senadurías
A2: % sobre el total de votos emitidos, voto de coalición repartido entre sus partidos. Δ en puntos porcentuales (votos en cifras absolutas).
B4: Presidencia | D4: Diputaciones | G4: Senadurías | I4: Cambio
A5: Indicador | B5: 2018 | C5: 2024 | D5: 2018 | E5: 2021 | F5: 2024 | G5: 2018 | H5: 2024 | I5: Presidencia Δ 2024 vs 2018 | J5: Diputaciones Δ 2021 vs 2018 | K5: Diputaciones Δ 2024 vs 2021 | L5: Diputaciones Δ 2024 vs 2018 | M5: Senadurías Δ 2024 vs 2018
A6: Votos emitidos | B6: ='Base votos'!R36 -> 56611027 | C6: ='Base votos'!R69 -> 60115184 | D6: ='Base votos'!R102 -> 56300247 | E6: ='Base votos'!R135 -> 49151320 | F6: ='Base votos'!R168 -> 59466468 | G6: ='Base votos'!R201 -> 56691869 | H6: ='Base votos'!R234 -> 60003726 | I6: =C6-B6 -> 3504157 | J6: =E6-D6 -> -7148927 | K6: =F6-E6 -> 10315148 | L6: =F6-D6 -> 3166221 | M6: =H6-G6 -> 3311857
A7: Lista nominal (con dato) | B7: ='Base votos'!S36 -> 89129689 | C7: ='Base votos'!S69 -> 98468994 | D7: ='Base votos'!S102 -> 88948697 | E7: ='Base votos'!S135 -> 93328771 | F7: ='Base votos'!S168 -> 98214289 | G7: ='Base votos'!S201 -> 89127226 | H7: ='Base votos'!S234 -> 98438250 | I7: =C7-B7 -> 9339305 | J7: =E7-D7 -> 4380074 | K7: =F7-E7 -> 4885518 | L7: =F7-D7 -> 9265592 | M7: =H7-G7 -> 9311024
A8: Participación | B8: ='Base votos'!R36/'Base votos'!S36 -> 0.63515342 | C8: ='Base votos'!R69/'Base votos'!S69 -> 0.61049861 | D8: ='Base votos'!R102/'Base votos'!S102 -> 0.6329519 | E8: ='Base votos'!R135/'Base votos'!S135 -> 0.52664703 | F8: ='Base votos'!R168/'Base votos'!S168 -> 0.60547674 | G8: ='Base votos'!R201/'Base votos'!S201 -> 0.63607802 | H8: ='Base votos'!R234/'Base votos'!S234 -> 0.60955702 | I8: =(C8-B8)*100 -> -2.4654812 | J8: =(E8-D8)*100 -> -10.630487 | K8: =(F8-E8)*100 -> 7.8829715 | L8: =(F8-D8)*100 -> -2.7475158 | M8: =(H8-G8)*100 -> -2.6520998
A9: Votos nulos % | B9: ='Base votos'!Q36/'Base votos'!R36 -> 0.027752791 | C9: ='Base votos'!Q69/'Base votos'!R69 -> 0.023291021 | D9: ='Base votos'!Q102/'Base votos'!R102 -> 0.039833129 | E9: ='Base votos'!Q135/'Base votos'!R135 -> 0.034044294 | F9: ='Base votos'!Q168/'Base votos'!R168 -> 0.036825274 | G9: ='Base votos'!Q201/'Base votos'!R201 -> 0.041352614 | H9: ='Base votos'!Q234/'Base votos'!R234 -> 0.039496414 | I9: =(C9-B9)*100 -> -0.44617702 | J9: =(E9-D9)*100 -> -0.57888347 | K9: =(F9-E9)*100 -> 0.27809801 | L9: =(F9-D9)*100 -> -0.30078546 | M9: =(H9-G9)*100 -> -0.18562005
A10: Morena | B10: ='Base votos'!D36/'Base votos'!R36 -> 0.44775158 | C10: ='Base votos'!D69/'Base votos'!R69 -> 0.45814089 | D10: ='Base votos'!D102/'Base votos'!R102 -> 0.3749315 | E10: ='Base votos'!D135/'Base votos'!R135 -> 0.34177762 | F10: ='Base votos'!D168/'Base votos'!R168 -> 0.41080205 | G10: ='Base votos'!D201/'Base votos'!R201 -> 0.37744192 | H10: ='Base votos'!D234/'Base votos'!R234 -> 0.41006547 | I10: =(C10-B10)*100 -> 1.0389308 | J10: =(E10-D10)*100 -> -3.3153882 | K10: =(F10-E10)*100 -> 6.9024434 | L10: =(F10-D10)*100 -> 3.5870552 | M10: =(H10-G10)*100 -> 3.2623546
A11: PT | B11: ='Base votos'!E36/'Base votos'!R36 -> 0.058816103 | C11: ='Base votos'!E69/'Base votos'!R69 -> 0.062981193 | D11: ='Base votos'!E102/'Base votos'!R102 -> 0.038113616 | E11: ='Base votos'!E135/'Base votos'!R135 -> 0.03194429 | F11: ='Base votos'!E168/'Base votos'!R168 -> 0.053288082 | G11: ='Base votos'!E201/'Base votos'!R201 -> 0.037010546 | H11: ='Base votos'!E234/'Base votos'!R234 -> 0.05238283 | I11: =(C11-B11)*100 -> 0.41650898 | J11: =(E11-D11)*100 -> -0.61693265 | K11: =(F11-E11)*100 -> 2.1343792 | L11: =(F11-D11)*100 -> 1.5174466 | M11: =(H11-G11)*100 -> 1.5372285
A12: PVEM | B12: ='Base votos'!F36/'Base votos'!R36 -> 0.017705755 | C12: ='Base votos'!F69/'Base votos'!R69 -> 0.076472676 | D12: ='Base votos'!F102/'Base votos'!R102 -> 0.047504392 | E12: ='Base votos'!F135/'Base votos'!R135 -> 0.054053828 | F12: ='Base votos'!F168/'Base votos'!R168 -> 0.083025311 | G12: ='Base votos'!F201/'Base votos'!R201 -> 0.044190588 | H12: ='Base votos'!F234/'Base votos'!R234 -> 0.088477656 | I12: =(C12-B12)*100 -> 5.8766921 | J12: =(E12-D12)*100 -> 0.65494361 | K12: =(F12-E12)*100 -> 2.8971483 | L12: =(F12-D12)*100 -> 3.5520919 | M12: =(H12-G12)*100 -> 4.4287068
A13: PES | B13: ='Base votos'!G36/'Base votos'!R36 -> 0.025369015 | C13: ='Base votos'!G69/'Base votos'!R69 -> 0 | D13: ='Base votos'!G102/'Base votos'!R102 -> 0.02280141 | E13: ='Base votos'!G135/'Base votos'!R135 -> 0.027517959 | F13: ='Base votos'!G168/'Base votos'!R168 -> 0 | G13: ='Base votos'!G201/'Base votos'!R201 -> 0.022057713 | H13: ='Base votos'!G234/'Base votos'!R234 -> 0 | I13: =(C13-B13)*100 -> -2.5369015 | J13: =(E13-D13)*100 -> 0.47165491 | K13: =(F13-E13)*100 -> -2.7517959 | L13: =(F13-D13)*100 -> -2.280141 | M13: =(H13-G13)*100 -> -2.2057713
A14: PAN | B14: ='Base votos'!H36/'Base votos'!R36 -> 0.17843084 | C14: ='Base votos'!H69/'Base votos'!R69 -> 0.16161676 | D14: ='Base votos'!H102/'Base votos'!R102 -> 0.18044177 | E14: ='Base votos'!H135/'Base votos'!R135 -> 0.18268376 | F14: ='Base votos'!H168/'Base votos'!R168 -> 0.16994463 | G14: ='Base votos'!H201/'Base votos'!R201 -> 0.17699279 | H14: ='Base votos'!H234/'Base votos'!R234 -> 0.16932482 | I14: =(C14-B14)*100 -> -1.6814083 | J14: =(E14-D14)*100 -> 0.2241995 | K14: =(F14-E14)*100 -> -1.2739129 | L14: =(F14-D14)*100 -> -1.0497134 | M14: =(H14-G14)*100 -> -0.76679706
A15: PRI | B15: ='Base votos'!I36/'Base votos'!R36 -> 0.13716828 | C15: ='Base votos'!I69/'Base votos'!R69 -> 0.095337012 | D15: ='Base votos'!I102/'Base votos'!R102 -> 0.16606904 | E15: ='Base votos'!I135/'Base votos'!R135 -> 0.17769976 | F15: ='Base votos'!I168/'Base votos'!R168 -> 0.11136567 | G15: ='Base votos'!I201/'Base votos'!R201 -> 0.15972022 | H15: ='Base votos'!I234/'Base votos'!R234 -> 0.10883451 | I15: =(C15-B15)*100 -> -4.1831265 | J15: =(E15-D15)*100 -> 1.1630724 | K15: =(F15-E15)*100 -> -6.6334096 | L15: =(F15-D15)*100 -> -5.4703371 | M15: =(H15-G15)*100 -> -5.0885716
A16: PRD | B16: ='Base votos'!J36/'Base votos'!R36 -> 0.027473005 | C16: ='Base votos'!J69/'Base votos'!R69 -> 0.017564181 | D16: ='Base votos'!J102/'Base votos'!R102 -> 0.052276183 | E16: ='Base votos'!J135/'Base votos'!R135 -> 0.035900582 | F16: ='Base votos'!J168/'Base votos'!R168 -> 0.023446844 | G16: ='Base votos'!J201/'Base votos'!R201 -> 0.052228795 | H16: ='Base votos'!J234/'Base votos'!R234 -> 0.021836277 | I16: =(C16-B16)*100 -> -0.99088231 | J16: =(E16-D16)*100 -> -1.6375601 | K16: =(F16-E16)*100 -> -1.2453738 | L16: =(F16-D16)*100 -> -2.8829339 | M16: =(H16-G16)*100 -> -3.0392518
A17: MC | B17: ='Base votos'!K36/'Base votos'!R36 -> 0.0168464 | C17: ='Base votos'!K69/'Base votos'!R69 -> 0.10321369 | D17: ='Base votos'!K102/'Base votos'!R102 -> 0.043475422 | E17: ='Base votos'!K135/'Base votos'!R135 -> 0.070191035 | F17: ='Base votos'!K168/'Base votos'!R168 -> 0.10926164 | G17: ='Base votos'!K201/'Base votos'!R201 -> 0.046146247 | H17: ='Base votos'!K234/'Base votos'!R234 -> 0.10879721 | I17: =(C17-B17)*100 -> 8.6367291 | J17: =(E17-D17)*100 -> 2.6715612 | K17: =(F17-E17)*100 -> 3.9070609 | L17: =(F17-D17)*100 -> 6.5786221 | M17: =(H17-G17)*100 -> 6.2650963
A18: Nueva Alianza | B18: ='Base votos'!L36/'Base votos'!R36 -> 0.0092256761 | C18: ='Base votos'!L69/'Base votos'!R69 -> 0 | D18: ='Base votos'!L102/'Base votos'!R102 -> 0.024388294 | E18: ='Base votos'!L135/'Base votos'!R135 -> 0 | F18: ='Base votos'!L168/'Base votos'!R168 -> 0 | G18: ='Base votos'!L201/'Base votos'!R201 -> 0.022732766 | H18: ='Base votos'!L234/'Base votos'!R234 -> 0 | I18: =(C18-B18)*100 -> -0.92256761 | J18: =(E18-D18)*100 -> -2.4388294 | K18: =(F18-E18)*100 -> 0 | L18: =(F18-D18)*100 -> -2.4388294 | M18: =(H18-G18)*100 -> -2.2732766
A19: RSP | B19: ='Base votos'!M36/'Base votos'!R36 -> 0 | C19: ='Base votos'!M69/'Base votos'!R69 -> 0 | D19: ='Base votos'!M102/'Base votos'!R102 -> 0 | E19: ='Base votos'!M135/'Base votos'!R135 -> 0.017670227 | F19: ='Base votos'!M168/'Base votos'!R168 -> 0 | G19: ='Base votos'!M201/'Base votos'!R201 -> 0 | H19: ='Base votos'!M234/'Base votos'!R234 -> 0 | I19: =(C19-B19)*100 -> 0 | J19: =(E19-D19)*100 -> 1.7670227 | K19: =(F19-E19)*100 -> -1.7670227 | L19: =(F19-D19)*100 -> 0 | M19: =(H19-G19)*100 -> 0
A20: FXM | B20: ='Base votos'!N36/'Base votos'!R36 -> 0 | C20: ='Base votos'!N69/'Base votos'!R69 -> 0 | D20: ='Base votos'!N102/'Base votos'!R102 -> 0 | E20: ='Base votos'!N135/'Base votos'!R135 -> 0.02476198 | F20: ='Base votos'!N168/'Base votos'!R168 -> 0 | G20: ='Base votos'!N201/'Base votos'!R201 -> 0 | H20: ='Base votos'!N234/'Base votos'!R234 -> 0 | I20: =(C20-B20)*100 -> 0 | J20: =(E20-D20)*100 -> 2.476198 | K20: =(F20-E20)*100 -> -2.476198 | L20: =(F20-D20)*100 -> 0 | M20: =(H20-G20)*100 -> 0
A21: Independientes | B21: ='Base votos'!O36/'Base votos'!R36 -> 0.052895613 | C21: ='Base votos'!O69/'Base votos'!R69 -> 0 | D21: ='Base votos'!O102/'Base votos'!R102 -> 0.0095798336 | E21: ='Base votos'!O135/'Base votos'!R135 -> 0.00090152208 | F21: ='Base votos'!O168/'Base votos'!R168 -> 0.0012109682 | G21: ='Base votos'!O201/'Base votos'!R201 -> 0.019564516 | H21: ='Base votos'!O234/'Base votos'!R234 -> 0 | I21: =(C21-B21)*100 -> -5.2895613 | J21: =(E21-D21)*100 -> -0.86783116 | K21: =(F21-E21)*100 -> 0.03094461 | L21: =(F21-D21)*100 -> -0.83688655 | M21: =(H21-G21)*100 -> -1.9564516
A22: No registrados | B22: ='Base votos'!P36/'Base votos'!R36 -> 0.00056494294 | C22: ='Base votos'!P69/'Base votos'!R69 -> 0.0013825792 | D22: ='Base votos'!P102/'Base votos'!R102 -> 0.00058541484 | E22: ='Base votos'!P135/'Base votos'!R135 -> 0.00085314087 | F22: ='Base votos'!P168/'Base votos'!R168 -> 0.00082952631 | G22: ='Base votos'!P201/'Base votos'!R201 -> 0.00056127978 | H22: ='Base votos'!P234/'Base votos'!R234 -> 0.00078481793 | I22: =(C22-B22)*100 -> 0.081763621 | J22: =(E22-D22)*100 -> 0.026772603 | K22: =(F22-E22)*100 -> -0.0023614558 | L22: =(F22-D22)*100 -> 0.024411148 | M22: =(H22-G22)*100 -> 0.022353815
A23: Morena + PT | B23: =('Base votos'!D36+'Base votos'!E36)/'Base votos'!R36 -> 0.50656769 | C23: =('Base votos'!D69+'Base votos'!E69)/'Base votos'!R69 -> 0.52112208 | D23: =('Base votos'!D102+'Base votos'!E102)/'Base votos'!R102 -> 0.41304512 | E23: =('Base votos'!D135+'Base votos'!E135)/'Base votos'!R135 -> 0.37372191 | F23: =('Base votos'!D168+'Base votos'!E168)/'Base votos'!R168 -> 0.46409013 | G23: =('Base votos'!D201+'Base votos'!E201)/'Base votos'!R201 -> 0.41445247 | H23: =('Base votos'!D234+'Base votos'!E234)/'Base votos'!R234 -> 0.4624483 | I23: =(C23-B23)*100 -> 1.4554398 | J23: =(E23-D23)*100 -> -3.9323209 | K23: =(F23-E23)*100 -> 9.0368226 | L23: =(F23-D23)*100 -> 5.1045017 | M23: =(H23-G23)*100 -> 4.7995831
A24: PAN + PRI + PRD | B24: =('Base votos'!H36+'Base votos'!I36+'Base votos'!J36)/'Base votos'!R36 -> 0.34307212 | C24: =('Base votos'!H69+'Base votos'!I69+'Base votos'!J69)/'Base votos'!R69 -> 0.27451795 | D24: =('Base votos'!H102+'Base votos'!I102+'Base votos'!J102)/'Base votos'!R102 -> 0.39878699 | E24: =('Base votos'!H135+'Base votos'!I135+'Base votos'!J135)/'Base votos'!R135 -> 0.39628411 | F24: =('Base votos'!H168+'Base votos'!I168+'Base votos'!J168)/'Base votos'!R168 -> 0.30475714 | G24: =('Base votos'!H201+'Base votos'!I201+'Base votos'!J201)/'Base votos'!R201 -> 0.38894181 | H24: =('Base votos'!H234+'Base votos'!I234+'Base votos'!J234)/'Base votos'!R234 -> 0.2999956 | I24: =(C24-B24)*100 -> -6.855417 | J24: =(E24-D24)*100 -> -0.25028814 | K24: =(F24-E24)*100 -> -9.1526963 | L24: =(F24-D24)*100 -> -9.4029845 | M24: =(H24-G24)*100 -> -8.8946204
A25: Bloque de Morena y aliados (como compitió) | B25: ='Base votos'!U36/'Base votos'!R36 -> 0.5319367 | C25: ='Base votos'!U69/'Base votos'!R69 -> 0.59759476 | D25: ='Base votos'!U102/'Base votos'!R102 -> 0.43584652 | E25: ='Base votos'!U135/'Base votos'!R135 -> 0.42777573 | F25: ='Base votos'!U168/'Base votos'!R168 -> 0.54711544 | G25: ='Base votos'!U201/'Base votos'!R201 -> 0.43651018 | H25: ='Base votos'!U234/'Base votos'!R234 -> 0.55092595 | I25: =(C25-B25)*100 -> 6.5658059 | J25: =(E25-D25)*100 -> -0.80707906 | K25: =(F25-E25)*100 -> 11.933971 | L25: =(F25-D25)*100 -> 11.126892 | M25: =(H25-G25)*100 -> 11.441577
A26: Bloque del PAN y aliados (como compitió) | B26: ='Base votos'!V36/'Base votos'!R36 -> 0.22275024 | C26: ='Base votos'!V69/'Base votos'!R69 -> 0.27451795 | D26: ='Base votos'!V102/'Base votos'!R102 -> 0.27619337 | E26: ='Base votos'!V135/'Base votos'!R135 -> 0.39628411 | F26: ='Base votos'!V168/'Base votos'!R168 -> 0.30475714 | G26: ='Base votos'!V201/'Base votos'!R201 -> 0.27536783 | H26: ='Base votos'!V234/'Base votos'!R234 -> 0.2999956 | I26: =(C26-B26)*100 -> 5.1767706 | J26: =(E26-D26)*100 -> 12.009074 | K26: =(F26-E26)*100 -> -9.1526963 | L26: =(F26-D26)*100 -> 2.8563774 | M26: =(H26-G26)*100 -> 2.4627773
A27: Tercer bloque (PRI en 2018 / MC en 2021-24) | B27: ='Base votos'!W36/'Base votos'!R36 -> 0.16409971 | C27: ='Base votos'!W69/'Base votos'!R69 -> 0.10321369 | D27: ='Base votos'!W102/'Base votos'!R102 -> 0.23796173 | E27: ='Base votos'!W135/'Base votos'!R135 -> 0.070191035 | F27: ='Base votos'!W168/'Base votos'!R168 -> 0.10926164 | G27: ='Base votos'!W201/'Base votos'!R201 -> 0.22664358 | H27: ='Base votos'!W234/'Base votos'!R234 -> 0.10879721 | I27: =(C27-B27)*100 -> -6.0886017 | J27: =(E27-D27)*100 -> -16.777069 | K27: =(F27-E27)*100 -> 3.9070609 | L27: =(F27-D27)*100 -> -12.870008 | M27: =(H27-G27)*100 -> -11.784637
A28: Bloque ganador (nacional) | B28: Morena y aliados | C28: Morena y aliados | D28: Morena y aliados | E28: Morena y aliados | F28: Morena y aliados | G28: Morena y aliados | H28: Morena y aliados
A29: Estados ganados por Morena y aliados (de 32) | B29: 31 | C29: 31 | D29: 25 | E29: 20 | F29: 28 | G29: 25 | H29: 29
A30: Estados ganados por el bloque del PAN | B30: 1 | C30: 1 | D30: 6 | E30: 11 | F30: 4 | G30: 6 | H30: 3
A31: Estados ganados por el tercer bloque | B31: 0 | C31: 0 | D31: 1 | E31: 1 | F31: 0 | G31: 1 | H31: 0

Sheet Presidencia - Partidos
A1: Presidencia: voto por partido y cambio por estado (2018 – 2024)
A2: % sobre el total de votos emitidos. El voto de coalición se reparte entre sus partidos (ver Metodología). Las columnas Δ están en puntos porcentuales: verde = sube, rojo = baja.
B3: Morena | E3: PT | H3: PVEM | K3: PAN | N3: PRI | Q3: PRD | T3: MC | W3: Morena + PT | Z3: PAN + PRI + PRD
A4: Estado | B4: 2018 | C4: 2024 | D4: Δ 2024 vs 2018 (pts) | E4: 2018 | F4: 2024 | G4: Δ 2024 vs 2018 (pts) | H4: 2018 | I4: 2024 | J4: Δ 2024 vs 2018 (pts) | K4: 2018 | L4: 2024 | M4: Δ 2024 vs 2018 (pts) | N4: 2018 | O4: 2024 | P4: Δ 2024 vs 2018 (pts) | Q4: 2018 | R4: 2024 | S4: Δ 2024 vs 2018 (pts) | T4: 2018 | U4: 2024 | V4: Δ 2024 vs 2018 (pts) | W4: 2018 | X4: 2024 | Y4: Δ 2024 vs 2018 (pts) | Z4: 2018 | AA4: 2024 | AB4: Δ 2024 vs 2018 (pts)
A5: Aguascalientes | B5: =('Base votos'!D4)/'Base votos'!R4 -> 0.32775447 | C5: =('Base votos'!D37)/'Base votos'!R37 -> 0.35528982 | D5: =(C5-B5)*100 -> 2.7535349 | E5: =('Base votos'!E4)/'Base votos'!R4 -> 0.04720142 | F5: =('Base votos'!E37)/'Base votos'!R37 -> 0.036545279 | G5: =(F5-E5)*100 -> -1.0656141 | H5: =('Base votos'!F4)/'Base votos'!R4 -> 0.011707235 | I5: =('Base votos'!F37)/'Base votos'!R37 -> 0.035496111 | J5: =(I5-H5)*100 -> 2.3788876 | K5: =('Base votos'!H4)/'Base votos'!R4 -> 0.2950619 | L5: =('Base votos'!H37)/'Base votos'!R37 -> 0.36916316 | M5: =(L5-K5)*100 -> 7.4101261 | N5: =('Base votos'!I4)/'Base votos'!R4 -> 0.16166999 | O5: =('Base votos'!I37)/'Base votos'!R37 -> 0.06808487 | P5: =(O5-N5)*100 -> -9.3585117 | Q5: =('Base votos'!J4)/'Base votos'!R4 -> 0.014827858 | R5: =('Base votos'!J37)/'Base votos'!R37 -> 0.022437793 | S5: =(R5-Q5)*100 -> 0.7609935 | T5: =('Base votos'!K4)/'Base votos'!R4 -> 0.0091016671 | U5: =('Base votos'!K37)/'Base votos'!R37 -> 0.089303887 | V5: =(U5-T5)*100 -> 8.020222 | W5: =('Base votos'!D4+'Base votos'!E4)/'Base votos'!R4 -> 0.37495589 | X5: =('Base votos'!D37+'Base votos'!E37)/'Base votos'!R37 -> 0.3918351 | Y5: =(X5-W5)*100 -> 1.6879208 | Z5: =('Base votos'!H4+'Base votos'!I4+'Base votos'!J4)/'Base votos'!R4 -> 0.47155974 | AA5: =('Base votos'!H37+'Base votos'!I37+'Base votos'!J37)/'Base votos'!R37 -> 0.45968582 | AB5: =(AA5-Z5)*100 -> -1.1873921
A6: Baja California | B6: =('Base votos'!D5)/'Base votos'!R5 -> 0.5503232 | C6: =('Base votos'!D38)/'Base votos'!R38 -> 0.54523361 | D6: =(C6-B6)*100 -> -0.50895878 | E6: =('Base votos'!E5)/'Base votos'!R5 -> 0.060106839 | F6: =('Base votos'!E38)/'Base votos'!R38 -> 0.061074783 | G6: =(F6-E6)*100 -> 0.09679441 | H6: =('Base votos'!F5)/'Base votos'!R5 -> 0.0068929702 | I6: =('Base votos'!F38)/'Base votos'!R38 -> 0.060198688 | J6: =(I6-H6)*100 -> 5.3305718 | K6: =('Base votos'!H5)/'Base votos'!R5 -> 0.17170552 | L6: =('Base votos'!H38)/'Base votos'!R38 -> 0.15305771 | M6: =(L6-K6)*100 -> -1.8647809 | N6: =('Base votos'!I5)/'Base votos'!R5 -> 0.074396804 | O6: =('Base votos'!I38)/'Base votos'!R38 -> 0.047957712 | P6: =(O6-N6)*100 -> -2.6439093 | Q6: =('Base votos'!J5)/'Base votos'!R5 -> 0.010282101 | R6: =('Base votos'!J38)/'Base votos'!R38 -> 0.010898956 | S6: =(R6-Q6)*100 -> 0.061685474 | T6: =('Base votos'!K5)/'Base votos'!R5 -> 0.0095437917 | U6: =('Base votos'!K38)/'Base votos'!R38 -> 0.099505682 | V6: =(U6-T6)*100 -> 8.9961891 | W6: =('Base votos'!D5+'Base votos'!E5)/'Base votos'!R5 -> 0.61043004 | X6: =('Base votos'!D38+'Base votos'!E38)/'Base votos'!R38 -> 0.6063084 | Y6: =(X6-W6)*100 -> -0.41216437 | Z6: =('Base votos'!H5+'Base votos'!I5+'Base votos'!J5)/'Base votos'!R5 -> 0.25638443 | AA6: =('Base votos'!H38+'Base votos'!I38+'Base votos'!J38)/'Base votos'!R38 -> 0.21191438 | AB6: =(AA6-Z6)*100 -> -4.4470047
A7: Baja California Sur | B7: =('Base votos'!D6)/'Base votos'!R6 -> 0.51855141 | C7: =('Base votos'!D39)/'Base votos'!R39 -> 0.44368092 | D7: =(C7-B7)*100 -> -7.4870493 | E7: =('Base votos'!E6)/'Base votos'!R6 -> 0.090815747 | F7: =('Base votos'!E39)/'Base votos'!R39 -> 0.087606479 | G7: =(F7-E7)*100 -> -0.32092676 | H7: =('Base votos'!F6)/'Base votos'!R6 -> 0.0099673807 | I7: =('Base votos'!F39)/'Base votos'!R39 -> 0.060104855 | J7: =(I7-H7)*100 -> 5.0137474 | K7: =('Base votos'!H6)/'Base votos'!R6 -> 0.17599245 | L7: =('Base votos'!H39)/'Base votos'!R39 -> 0.24096045 | M7: =(L7-K7)*100 -> 6.4968008 | N7: =('Base votos'!I6)/'Base votos'!R6 -> 0.074568818 | O7: =('Base votos'!I39)/'Base votos'!R39 -> 0.043094602 | P7: =(O7-N7)*100 -> -3.1474216 | Q7: =('Base votos'!J6)/'Base votos'!R6 -> 0.0058041256 | R7: =('Base votos'!J39)/'Base votos'!R39 -> 0.013325924 | S7: =(R7-Q7)*100 -> 0.75217979 | T7: =('Base votos'!K6)/'Base votos'!R6 -> 0.0057116822 | U7: =('Base votos'!K39)/'Base votos'!R39 -> 0.087697632 | V7: =(U7-T7)*100 -> 8.198595 | W7: =('Base votos'!D6+'Base votos'!E6)/'Base votos'!R6 -> 0.60936716 | X7: =('Base votos'!D39+'Base votos'!E39)/'Base votos'!R39 -> 0.5312874 | Y7: =(X7-W7)*100 -> -7.8079761 | Z7: =('Base votos'!H6+'Base votos'!I6+'Base votos'!J6)/'Base votos'!R6 -> 0.25636539 | AA7: =('Base votos'!H39+'Base votos'!I39+'Base votos'!J39)/'Base votos'!R39 -> 0.29738098 | AB7: =(AA7-Z7)*100 -> 4.101559
A8: Campeche | B8: =('Base votos'!D7)/'Base votos'!R7 -> 0.50673678 | C8: =('Base votos'!D40)/'Base votos'!R40 -> 0.50204278 | D8: =(C8-B8)*100 -> -0.46940024 | E8: =('Base votos'!E7)/'Base votos'!R7 -> 0.07617446 | F8: =('Base votos'!E40)/'Base votos'!R40 -> 0.061871164 | G8: =(F8-E8)*100 -> -1.4303297 | H8: =('Base votos'!F7)/'Base votos'!R7 -> 0.011511588 | I8: =('Base votos'!F40)/'Base votos'!R40 -> 0.049064552 | J8: =(I8-H8)*100 -> 3.7552963 | K8: =('Base votos'!H7)/'Base votos'!R7 -> 0.10099278 | L8: =('Base votos'!H40)/'Base votos'!R40 -> 0.056541013 | M8: =(L8-K8)*100 -> -4.4451765 | N8: =('Base votos'!I7)/'Base votos'!R7 -> 0.19231582 | O8: =('Base votos'!I40)/'Base votos'!R40 -> 0.091808177 | P8: =(O8-N8)*100 -> -10.050764 | Q8: =('Base votos'!J7)/'Base votos'!R7 -> 0.011702892 | R8: =('Base votos'!J40)/'Base votos'!R40 -> 0.0064923643 | S8: =(R8-Q8)*100 -> -0.52105277 | T8: =('Base votos'!K7)/'Base votos'!R7 -> 0.008352853 | U8: =('Base votos'!K40)/'Base votos'!R40 -> 0.20991087 | V8: =(U8-T8)*100 -> 20.155802 | W8: =('Base votos'!D7+'Base votos'!E7)/'Base votos'!R7 -> 0.58291124 | X8: =('Base votos'!D40+'Base votos'!E40)/'Base votos'!R40 -> 0.56391394 | Y8: =(X8-W8)*100 -> -1.8997299 | Z8: =('Base votos'!H7+'Base votos'!I7+'Base votos'!J7)/'Base votos'!R7 -> 0.30501149 | AA8: =('Base votos'!H40+'Base votos'!I40+'Base votos'!J40)/'Base votos'!R40 -> 0.15484155 | AB8: =(AA8-Z8)*100 -> -15.016994
A9: Coahuila | B9: =('Base votos'!D8)/'Base votos'!R8 -> 0.37643168 | C9: =('Base votos'!D41)/'Base votos'!R41 -> 0.43766354 | D9: =(C9-B9)*100 -> 6.1231858 | E9: =('Base votos'!E8)/'Base votos'!R8 -> 0.049474565 | F9: =('Base votos'!E41)/'Base votos'!R41 -> 0.050048813 | G9: =(F9-E9)*100 -> 0.057424812 | H9: =('Base votos'!F8)/'Base votos'!R8 -> 0.0091302332 | I9: =('Base votos'!F41)/'Base votos'!R41 -> 0.049476651 | J9: =(I9-H9)*100 -> 4.0346417 | K9: =('Base votos'!H8)/'Base votos'!R8 -> 0.20717793 | L9: =('Base votos'!H41)/'Base votos'!R41 -> 0.063165753 | M9: =(L9-K9)*100 -> -14.401218 | N9: =('Base votos'!I8)/'Base votos'!R8 -> 0.24566414 | O9: =('Base votos'!I41)/'Base votos'!R41 -> 0.31029912 | P9: =(O9-N9)*100 -> 6.4634976 | Q9: =('Base votos'!J8)/'Base votos'!R8 -> 0.0085434198 | R9: =('Base votos'!J41)/'Base votos'!R41 -> 0.015031702 | S9: =(R9-Q9)*100 -> 0.6488282 | T9: =('Base votos'!K8)/'Base votos'!R8 -> 0.0084996822 | U9: =('Base votos'!K41)/'Base votos'!R41 -> 0.054041993 | V9: =(U9-T9)*100 -> 4.554231 | W9: =('Base votos'!D8+'Base votos'!E8)/'Base votos'!R8 -> 0.42590624 | X9: =('Base votos'!D41+'Base votos'!E41)/'Base votos'!R41 -> 0.48771235 | Y9: =(X9-W9)*100 -> 6.1806106 | Z9: =('Base votos'!H8+'Base votos'!I8+'Base votos'!J8)/'Base votos'!R8 -> 0.46138549 | AA9: =('Base votos'!H41+'Base votos'!I41+'Base votos'!J41)/'Base votos'!R41 -> 0.38849657 | AB9: =(AA9-Z9)*100 -> -7.288892
A10: Colima | B10: =('Base votos'!D9)/'Base votos'!R9 -> 0.48294827 | C10: =('Base votos'!D42)/'Base votos'!R42 -> 0.42988343 | D10: =(C10-B10)*100 -> -5.3064837 | E10: =('Base votos'!E9)/'Base votos'!R9 -> 0.070209229 | F10: =('Base votos'!E42)/'Base votos'!R42 -> 0.047192734 | G10: =(F10-E10)*100 -> -2.3016496 | H10: =('Base votos'!F9)/'Base votos'!R9 -> 0.022344764 | I10: =('Base votos'!F42)/'Base votos'!R42 -> 0.067001244 | J10: =(I10-H10)*100 -> 4.465648 | K10: =('Base votos'!H9)/'Base votos'!R9 -> 0.14258492 | L10: =('Base votos'!H42)/'Base votos'!R42 -> 0.14773654 | M10: =(L10-K10)*100 -> 0.51516207 | N10: =('Base votos'!I9)/'Base votos'!R9 -> 0.15048562 | O10: =('Base votos'!I42)/'Base votos'!R42 -> 0.13676492 | P10: =(O10-N10)*100 -> -1.3720703 | Q10: =('Base votos'!J9)/'Base votos'!R9 -> 0.0085749716 | R10: =('Base votos'!J42)/'Base votos'!R42 -> 0.015113824 | S10: =(R10-Q10)*100 -> 0.65388521 | T10: =('Base votos'!K9)/'Base votos'!R9 -> 0.014265235 | U10: =('Base votos'!K42)/'Base votos'!R42 -> 0.13332562 | V10: =(U10-T10)*100 -> 11.906038 | W10: =('Base votos'!D9+'Base votos'!E9)/'Base votos'!R9 -> 0.5531575 | X10: =('Base votos'!D42+'Base votos'!E42)/'Base votos'!R42 -> 0.47707616 | Y10: =(X10-W10)*100 -> -7.6081333 | Z10: =('Base votos'!H9+'Base votos'!I9+'Base votos'!J9)/'Base votos'!R9 -> 0.30164552 | AA10: =('Base votos'!H42+'Base votos'!I42+'Base votos'!J42)/'Base votos'!R42 -> 0.29961528 | AB10: =(AA10-Z10)*100 -> -0.20302306
A11: Chiapas | B11: =('Base votos'!D10)/'Base votos'!R10 -> 0.49750294 | C11: =('Base votos'!D43)/'Base votos'!R43 -> 0.42280298 | D11: =(C11-B11)*100 -> -7.4699962 | E11: =('Base votos'!E10)/'Base votos'!R10 -> 0.078698905 | F11: =('Base votos'!E43)/'Base votos'!R43 -> 0.10936983 | G11: =(F11-E11)*100 -> 3.0670926 | H11: =('Base votos'!F10)/'Base votos'!R10 -> 0.10271927 | I11: =('Base votos'!F43)/'Base votos'!R43 -> 0.1833444 | J11: =(I11-H11)*100 -> 8.0625129 | K11: =('Base votos'!H10)/'Base votos'!R10 -> 0.043178529 | L11: =('Base votos'!H43)/'Base votos'!R43 -> 0.059546503 | M11: =(L11-K11)*100 -> 1.6367973 | N11: =('Base votos'!I10)/'Base votos'!R10 -> 0.1128246 | O11: =('Base votos'!I43)/'Base votos'!R43 -> 0.092570517 | P11: =(O11-N11)*100 -> -2.0254087 | Q11: =('Base votos'!J10)/'Base votos'!R10 -> 0.02329355 | R11: =('Base votos'!J43)/'Base votos'!R43 -> 0.014827183 | S11: =(R11-Q11)*100 -> -0.84663675 | T11: =('Base votos'!K10)/'Base votos'!R10 -> 0.01520376 | U11: =('Base votos'!K43)/'Base votos'!R43 -> 0.07404129 | V11: =(U11-T11)*100 -> 5.883753 | W11: =('Base votos'!D10+'Base votos'!E10)/'Base votos'!R10 -> 0.57620184 | X11: =('Base votos'!D43+'Base votos'!E43)/'Base votos'!R43 -> 0.53217281 | Y11: =(X11-W11)*100 -> -4.4029036 | Z11: =('Base votos'!H10+'Base votos'!I10+'Base votos'!J10)/'Base votos'!R10 -> 0.17929668 | AA11: =('Base votos'!H43+'Base votos'!I43+'Base votos'!J43)/'Base votos'!R43 -> 0.1669442 | AB11: =(AA11-Z11)*100 -> -1.2352481
A12: Chihuahua | B12: =('Base votos'!D11)/'Base votos'!R11 -> 0.34606628 | C12: =('Base votos'!D44)/'Base votos'!R44 -> 0.43727461 | D12: =(C12-B12)*100 -> 9.120833 | E12: =('Base votos'!E11)/'Base votos'!R11 -> 0.057258121 | F12: =('Base votos'!E44)/'Base votos'!R44 -> 0.052445713 | G12: =(F12-E12)*100 -> -0.48124077 | H12: =('Base votos'!F11)/'Base votos'!R11 -> 0.012025115 | I12: =('Base votos'!F44)/'Base votos'!R44 -> 0.048915486 | J12: =(I12-H12)*100 -> 3.689037 | K12: =('Base votos'!H11)/'Base votos'!R11 -> 0.25960574 | L12: =('Base votos'!H44)/'Base votos'!R44 -> 0.23644258 | M12: =(L12-K12)*100 -> -2.3163161 | N12: =('Base votos'!I11)/'Base votos'!R11 -> 0.13877588 | O12: =('Base votos'!I44)/'Base votos'!R44 -> 0.089129439 | P12: =(O12-N12)*100 -> -4.9646439 | Q12: =('Base votos'!J11)/'Base votos'!R11 -> 0.011865887 | R12: =('Base votos'!J44)/'Base votos'!R44 -> 0.014736847 | S12: =(R12-Q12)*100 -> 0.28709606 | T12: =('Base votos'!K11)/'Base votos'!R11 -> 0.013480252 | U12: =('Base votos'!K44)/'Base votos'!R44 -> 0.095507685 | V12: =(U12-T12)*100 -> 8.2027433 | W12: =('Base votos'!D11+'Base votos'!E11)/'Base votos'!R11 -> 0.4033244 | X12: =('Base votos'!D44+'Base votos'!E44)/'Base votos'!R44 -> 0.48972032 | Y12: =(X12-W12)*100 -> 8.6395922 | Z12: =('Base votos'!H11+'Base votos'!I11+'Base votos'!J11)/'Base votos'!R11 -> 0.41024751 | AA12: =('Base votos'!H44+'Base votos'!I44+'Base votos'!J44)/'Base votos'!R44 -> 0.34030887 | AB12: =(AA12-Z12)*100 -> -6.9938639
A13: Ciudad de México | B13: =('Base votos'!D12)/'Base votos'!R12 -> 0.50174792 | C13: =('Base votos'!D45)/'Base votos'!R45 -> 0.44764016 | D13: =(C13-B13)*100 -> -5.410776 | E13: =('Base votos'!E12)/'Base votos'!R12 -> 0.048153784 | F13: =('Base votos'!E45)/'Base votos'!R45 -> 0.051248219 | G13: =(F13-E13)*100 -> 0.30944347 | H13: =('Base votos'!F12)/'Base votos'!R12 -> 0.0071204106 | I13: =('Base votos'!F45)/'Base votos'!R45 -> 0.053119624 | J13: =(I13-H13)*100 -> 4.5999213 | K13: =('Base votos'!H12)/'Base votos'!R12 -> 0.17878331 | L13: =('Base votos'!H45)/'Base votos'!R45 -> 0.24811009 | M13: =(L13-K13)*100 -> 6.9326778 | N13: =('Base votos'!I12)/'Base votos'!R12 -> 0.10870983 | O13: =('Base votos'!I45)/'Base votos'!R45 -> 0.074310515 | P13: =(O13-N13)*100 -> -3.4399317 | Q13: =('Base votos'!J12)/'Base votos'!R12 -> 0.050703606 | R13: =('Base votos'!J45)/'Base votos'!R45 -> 0.023033585 | S13: =(R13-Q13)*100 -> -2.7670021 | T13: =('Base votos'!K12)/'Base votos'!R12 -> 0.009627871 | U13: =('Base votos'!K45)/'Base votos'!R45 -> 0.08345176 | V13: =(U13-T13)*100 -> 7.3823889 | W13: =('Base votos'!D12+'Base votos'!E12)/'Base votos'!R12 -> 0.5499017 | X13: =('Base votos'!D45+'Base votos'!E45)/'Base votos'!R45 -> 0.49888837 | Y13: =(X13-W13)*100 -> -5.1013326 | Z13: =('Base votos'!H12+'Base votos'!I12+'Base votos'!J12)/'Base votos'!R12 -> 0.33819675 | AA13: =('Base votos'!H45+'Base votos'!I45+'Base votos'!J45)/'Base votos'!R45 -> 0.34545419 | AB13: =(AA13-Z13)*100 -> 0.72574399
A14: Durango | B14: =('Base votos'!D13)/'Base votos'!R13 -> 0.34482599 | C14: =('Base votos'!D46)/'Base votos'!R46 -> 0.46272355 | D14: =(C14-B14)*100 -> 11.789756 | E14: =('Base votos'!E13)/'Base votos'!R13 -> 0.092850766 | F14: =('Base votos'!E46)/'Base votos'!R46 -> 0.068570181 | G14: =(F14-E14)*100 -> -2.4280585 | H14: =('Base votos'!F13)/'Base votos'!R13 -> 0.013614278 | I14: =('Base votos'!F46)/'Base votos'!R46 -> 0.053160185 | J14: =(I14-H14)*100 -> 3.9545907 | K14: =('Base votos'!H13)/'Base votos'!R13 -> 0.23157084 | L14: =('Base votos'!H46)/'Base votos'!R46 -> 0.12647546 | M14: =(L14-K14)*100 -> -10.509538 | N14: =('Base votos'!I13)/'Base votos'!R13 -> 0.1724607 | O14: =('Base votos'!I46)/'Base votos'!R46 -> 0.1780976 | P14: =(O14-N14)*100 -> 0.56369013 | Q14: =('Base votos'!J13)/'Base votos'!R13 -> 0.011843836 | R14: =('Base votos'!J46)/'Base votos'!R46 -> 0.016751614 | S14: =(R14-Q14)*100 -> 0.49077786 | T14: =('Base votos'!K13)/'Base votos'!R13 -> 0.012743368 | U14: =('Base votos'!K46)/'Base votos'!R46 -> 0.072060957 | V14: =(U14-T14)*100 -> 5.9317589 | W14: =('Base votos'!D13+'Base votos'!E13)/'Base votos'!R13 -> 0.43767675 | X14: =('Base votos'!D46+'Base votos'!E46)/'Base votos'!R46 -> 0.53129373 | Y14: =(X14-W14)*100 -> 9.3616976 | Z14: =('Base votos'!H13+'Base votos'!I13+'Base votos'!J13)/'Base votos'!R13 -> 0.41587537 | AA14: =('Base votos'!H46+'Base votos'!I46+'Base votos'!J46)/'Base votos'!R46 -> 0.32132467 | AB14: =(AA14-Z14)*100 -> -9.4550702
A15: Guanajuato | B15: =('Base votos'!D14)/'Base votos'!R14 -> 0.25005086 | C15: =('Base votos'!D47)/'Base votos'!R47 -> 0.38875036 | D15: =(C15-B15)*100 -> 13.86995 | E15: =('Base votos'!E14)/'Base votos'!R14 -> 0.039533644 | F15: =('Base votos'!E47)/'Base votos'!R47 -> 0.035536691 | G15: =(F15-E15)*100 -> -0.39969534 | H15: =('Base votos'!F14)/'Base votos'!R14 -> 0.026151749 | I15: =('Base votos'!F47)/'Base votos'!R47 -> 0.04786321 | J15: =(I15-H15)*100 -> 2.1711461 | K15: =('Base votos'!H14)/'Base votos'!R14 -> 0.37002598 | L15: =('Base votos'!H47)/'Base votos'!R47 -> 0.33280587 | M15: =(L15-K15)*100 -> -3.7220118 | N15: =('Base votos'!I14)/'Base votos'!R14 -> 0.12729553 | O15: =('Base votos'!I47)/'Base votos'!R47 -> 0.056043075 | P15: =(O15-N15)*100 -> -7.1252456 | Q15: =('Base votos'!J14)/'Base votos'!R14 -> 0.019795639 | R15: =('Base votos'!J47)/'Base votos'!R47 -> 0.011038414 | S15: =(R15-Q15)*100 -> -0.87572252 | T15: =('Base votos'!K14)/'Base votos'!R14 -> 0.01453544 | U15: =('Base votos'!K47)/'Base votos'!R47 -> 0.10560684 | V15: =(U15-T15)*100 -> 9.1071404 | W15: =('Base votos'!D14+'Base votos'!E14)/'Base votos'!R14 -> 0.2895845 | X15: =('Base votos'!D47+'Base votos'!E47)/'Base votos'!R47 -> 0.42428705 | Y15: =(X15-W15)*100 -> 13.470254 | Z15: =('Base votos'!H14+'Base votos'!I14+'Base votos'!J14)/'Base votos'!R14 -> 0.51711715 | AA15: =('Base votos'!H47+'Base votos'!I47+'Base votos'!J47)/'Base votos'!R47 -> 0.39988735 | AB15: =(AA15-Z15)*100 -> -11.72298
A16: Guerrero | B16: =('Base votos'!D15)/'Base votos'!R15 -> 0.51704752 | C16: =('Base votos'!D48)/'Base votos'!R48 -> 0.52832333 | D16: =(C16-B16)*100 -> 1.1275815 | E16: =('Base votos'!E15)/'Base votos'!R15 -> 0.084574289 | F16: =('Base votos'!E48)/'Base votos'!R48 -> 0.086797626 | G16: =(F16-E16)*100 -> 0.22233366 | H16: =('Base votos'!F15)/'Base votos'!R15 -> 0.026184369 | I16: =('Base votos'!F48)/'Base votos'!R48 -> 0.10150635 | J16: =(I16-H16)*100 -> 7.5321986 | K16: =('Base votos'!H15)/'Base votos'!R15 -> 0.048872446 | L16: =('Base votos'!H48)/'Base votos'!R48 -> 0.040683182 | M16: =(L16-K16)*100 -> -0.81892644 | N16: =('Base votos'!I15)/'Base votos'!R15 -> 0.14226433 | O16: =('Base votos'!I48)/'Base votos'!R48 -> 0.10242823 | P16: =(O16-N16)*100 -> -3.9836102 | Q16: =('Base votos'!J15)/'Base votos'!R15 -> 0.066056345 | R16: =('Base votos'!J48)/'Base votos'!R48 -> 0.044702277 | S16: =(R16-Q16)*100 -> -2.1354068 | T16: =('Base votos'!K15)/'Base votos'!R15 -> 0.020111113 | U16: =('Base votos'!K48)/'Base votos'!R48 -> 0.063755242 | V16: =(U16-T16)*100 -> 4.3644129 | W16: =('Base votos'!D15+'Base votos'!E15)/'Base votos'!R15 -> 0.60162181 | X16: =('Base votos'!D48+'Base votos'!E48)/'Base votos'!R48 -> 0.61512096 | Y16: =(X16-W16)*100 -> 1.3499152 | Z16: =('Base votos'!H15+'Base votos'!I15+'Base votos'!J15)/'Base votos'!R15 -> 0.25719312 | AA16: =('Base votos'!H48+'Base votos'!I48+'Base votos'!J48)/'Base votos'!R48 -> 0.18781369 | AB16: =(AA16-Z16)*100 -> -6.9379434
... A37: Nacional | B37: =('Base votos'!D36)/'Base votos'!R36 -> 0.44775158 | C37: =('Base votos'!D69)/'Base votos'!R69 -> 0.45814089 | D37: =(C37-B37)*100 -> 1.0389308 | E37: =('Base votos'!E36)/'Base votos'!R36 -> 0.058816103 | F37: =('Base votos'!E69)/'Base votos'!R69 -> 0.062981193 | G37: =(F37-E37)*100 -> 0.41650898 | H37: =('Base votos'!F36)/'Base votos'!R36 -> 0.017705755 | I37: =('Base votos'!F69)/'Base votos'!R69 -> 0.076472676 | J37: =(I37-H37)*100 -> 5.8766921 | K37: =('Base votos'!H36)/'Base votos'!R36 -> 0.17843084 | L37: =('Base votos'!H69)/'Base votos'!R69 -> 0.16161676 | M37: =(L37-K37)*100 -> -1.6814083 | N37: =('Base votos'!I36)/'Base votos'!R36 -> 0.13716828 | O37: =('Base votos'!I69)/'Base votos'!R69 -> 0.095337012 | P37: =(O37-N37)*100 -> -4.1831265 | Q37: =('Base votos'!J36)/'Base votos'!R36 -> 0.027473005 | R37: =('Base votos'!J69)/'Base votos'!R69 -> 0.017564181 | S37: =(R37-Q37)*100 -> -0.99088231 | T37: =('Base votos'!K36)/'Base votos'!R36 -> 0.0168464 | U37: =('Base votos'!K69)/'Base votos'!R69 -> 0.10321369 | V37: =(U37-T37)*100 -> 8.6367291 | W37: =('Base votos'!D36+'Base votos'!E36)/'Base votos'!R36 -> 0.50656769 | X37: =('Base votos'!D69+'Base votos'!E69)/'Base votos'!R69 -> 0.52112208 | Y37: =(X37-W37)*100 -> 1.4554398 | Z37: =('Base votos'!H36+'Base votos'!I36+'Base votos'!J36)/'Base votos'!R36 -> 0.34307212 | AA37: =('Base votos'!H69+'Base votos'!I69+'Base votos'!J69)/'Base votos'!R69 -> 0.27451795 | AB37: =(AA37-Z37)*100 -> -6.855417

Sheet Presidencia - Bloques
A1: Presidencia: bloques como compitieron, participación, nulos, márgenes y cambios de ganador por estado (2018 – 2024)
A2: Bloque = partido solo + sus combinaciones de coalición, tal como compitieron ese año (los nombres cambian entre años; ver encabezados). % sobre el total de votos emitidos. Δ en puntos porcentuales.
B3: Participación | E3: Votos nulos % | H3: Votos emitidos | L3: Bloque de Morena y aliados | O3: Bloque del PAN y aliados | R3: Tercer bloque (PRI en 2018 / MC en 2021-2024) | U3: Margen de victoria (pts) | X3: Bloque ganador y cambios
A4: Estado | B4: 2018 | C4: 2024 | D4: Δ 2024 vs 2018 (pts) | E4: 2018 | F4: 2024 | G4: Δ 2024 vs 2018 (pts) | H4: 2018 | I4: 2024 | J4: Δ 2024 vs 2018 (votos) | K4: Δ 2024 vs 2018 (%) | L4: 2018 (Juntos Haremos Historia (PT-Morena-PES)) | M4: 2024 (Sigamos Haciendo Historia (PVEM-PT-Morena)) | N4: Δ 2024 vs 2018 (pts) | O4: 2018 (Por México al Frente (PAN-PRD-MC)) | P4: 2024 (Fuerza y Corazón por México (PAN-PRI-PRD)) | Q4: Δ 2024 vs 2018 (pts) | R4: 2018 (Todos por México (PRI-PVEM-NA)) | S4: 2024 (MC) | T4: Δ 2024 vs 2018 (pts) | U4: 2018 | V4: 2024 | W4: Δ 2024 vs 2018 (pts) | X4: Ganador 2018 | Y4: Ganador 2024 | Z4: Cambio 2018 → 2024
A5: Aguascalientes | B5: ='Base votos'!R4/'Base votos'!S4 -> 0.59368066 | C5: ='Base votos'!R37/'Base votos'!S37 -> 0.60559637 | D5: =(C5-B5)*100 -> 1.1915704 | E5: ='Base votos'!Q4/'Base votos'!R4 -> 0.026223209 | F5: ='Base votos'!Q37/'Base votos'!R37 -> 0.021321082 | G5: =(F5-E5)*100 -> -0.49021276 | H5: ='Base votos'!R4 -> 561106 | I5: ='Base votos'!R37 -> 666242 | J5: =I5-H5 -> 105136 | K5: =I5/H5-1 -> 0.1873728 | L5: ='Base votos'!U4/'Base votos'!R4 -> 0.39658817 | M5: ='Base votos'!U37/'Base votos'!R37 -> 0.42733121 | N5: =(M5-L5)*100 -> 3.0743043 | O5: ='Base votos'!V4/'Base votos'!R4 -> 0.31899142 | P5: ='Base votos'!V37/'Base votos'!R37 -> 0.45968582 | Q5: =(P5-O5)*100 -> 14.06944 | R5: ='Base votos'!W4/'Base votos'!R4 -> 0.18470485 | S5: ='Base votos'!W37/'Base votos'!R37 -> 0.089303887 | T5: =(S5-R5)*100 -> -9.5400964 | U5: =(MAX('Base votos'!U4:W4)-LARGE('Base votos'!U4:W4,2))/'Base votos'!R4*100 -> 7.7596746 | V5: =(MAX('Base votos'!U37:W37)-LARGE('Base votos'!U37:W37,2))/'Base votos'!R37*100 -> 3.235461 | W5: =(V5-U5) -> -4.5242137 | X5: Morena y aliados | Y5: PAN y aliados | Z5: Morena y aliados → PAN y aliados
A6: Baja California | B6: ='Base votos'!R5/'Base votos'!S5 -> 0.52608611 | C6: ='Base votos'!R38/'Base votos'!S38 -> 0.48723924 | D6: =(C6-B6)*100 -> -3.8846864 | E6: ='Base votos'!Q5/'Base votos'!R5 -> 0.019605512 | F6: ='Base votos'!Q38/'Base votos'!R38 -> 0.020195689 | G6: =(F6-E6)*100 -> 0.059017685 | H6: ='Base votos'!R5 -> 1438422 | I6: ='Base votos'!R38 -> 1560333 | J6: =I6-H6 -> 121911 | K6: =I6/H6-1 -> 0.084753292 | L6: ='Base votos'!U5/'Base votos'!R5 -> 0.63885216 | M6: ='Base votos'!U38/'Base votos'!R38 -> 0.66650709 | N6: =(M6-L6)*100 -> 2.7654927 | O6: ='Base votos'!V5/'Base votos'!R5 -> 0.19153141 | P6: ='Base votos'!V38/'Base votos'!R38 -> 0.21191438 | Q6: =(P6-O6)*100 -> 2.0382966 | R6: ='Base votos'!W5/'Base votos'!R5 -> 0.086361999 | S6: ='Base votos'!W38/'Base votos'!R38 -> 0.099505682 | T6: =(S6-R6)*100 -> 1.3143683 | U6: =(MAX('Base votos'!U5:W5)-LARGE('Base votos'!U5:W5,2))/'Base votos'!R5*100 -> 44.732074 | V6: =(MAX('Base votos'!U38:W38)-LARGE('Base votos'!U38:W38,2))/'Base votos'!R38*100 -> 45.459271 | W6: =(V6-U6) -> 0.7271961 | X6: Morena y aliados | Y6: Morena y aliados | Z6: Se mantiene: Morena y aliados
A7: Baja California Sur | B7: ='Base votos'!R6/'Base votos'!S6 -> 0.58657732 | C7: ='Base votos'!R39/'Base votos'!S39 -> 0.55367536 | D7: =(C7-B7)*100 -> -3.2901963 | E7: ='Base votos'!Q6/'Base votos'!R6 -> 0.021938802 | F7: ='Base votos'!Q39/'Base votos'!R39 -> 0.022167727 | G7: =(F7-E7)*100 -> 0.022892422 | H7: ='Base votos'!R6 -> 302888 | I7: ='Base votos'!R39 -> 340089 | J7: =I7-H7 -> 37201 | K7: =I7/H7-1 -> 0.12282098 | L7: ='Base votos'!U6/'Base votos'!R6 -> 0.63997913 | M7: ='Base votos'!U39/'Base votos'!R39 -> 0.59139225 | N7: =(M7-L7)*100 -> -4.8586881 | O7: ='Base votos'!V6/'Base votos'!R6 -> 0.18750825 | P7: ='Base votos'!V39/'Base votos'!R39 -> 0.29738098 | Q7: =(P7-O7)*100 -> 10.987273 | R7: ='Base votos'!W6/'Base votos'!R6 -> 0.093110325 | S7: ='Base votos'!W39/'Base votos'!R39 -> 0.087697632 | T7: =(S7-R7)*100 -> -0.54126925 | U7: =(MAX('Base votos'!U6:W6)-LARGE('Base votos'!U6:W6,2))/'Base votos'!R6*100 -> 45.247088 | V7: =(MAX('Base votos'!U39:W39)-LARGE('Base votos'!U39:W39,2))/'Base votos'!R39*100 -> 29.401127 | W7: =(V7-U7) -> -15.845961 | X7: Morena y aliados | Y7: Morena y aliados | Z7: Se mantiene: Morena y aliados
A8: Campeche | B8: ='Base votos'!R7/'Base votos'!S7 -> 0.69978534 | C8: ='Base votos'!R40/'Base votos'!S40 -> 0.64611133 | D8: =(C8-B8)*100 -> -5.3674007 | E8: ='Base votos'!Q7/'Base votos'!R7 -> 0.026104056 | F8: ='Base votos'!Q40/'Base votos'!R40 -> 0.021307245 | G8: =(F8-E8)*100 -> -0.47968107 | H8: ='Base votos'!R7 -> 449547 | I8: ='Base votos'!R40 -> 449143 | J8: =I8-H8 -> -404 | K8: =I8/H8-1 -> -0.00089868245 | L8: ='Base votos'!U7/'Base votos'!R7 -> 0.61230973 | M8: ='Base votos'!U40/'Base votos'!R40 -> 0.61297849 | N8: =(M8-L8)*100 -> 0.066876948 | O8: ='Base votos'!V7/'Base votos'!R7 -> 0.12104852 | P8: ='Base votos'!V40/'Base votos'!R40 -> 0.15484155 | Q8: =(P8-O8)*100 -> 3.3793032 | R8: ='Base votos'!W7/'Base votos'!R7 -> 0.21484739 | S8: ='Base votos'!W40/'Base votos'!R40 -> 0.20991087 | T8: =(S8-R8)*100 -> -0.49365161 | U8: =(MAX('Base votos'!U7:W7)-LARGE('Base votos'!U7:W7,2))/'Base votos'!R7*100 -> 39.746233 | V8: =(MAX('Base votos'!U40:W40)-LARGE('Base votos'!U40:W40,2))/'Base votos'!R40*100 -> 40.306762 | W8: =(V8-U8) -> 0.56052856 | X8: Morena y aliados | Y8: Morena y aliados | Z8: Se mantiene: Morena y aliados
A9: Coahuila | B9: ='Base votos'!R8/'Base votos'!S8 -> 0.63591138 | C9: ='Base votos'!R41/'Base votos'!S41 -> 0.65785324 | D9: =(C9-B9)*100 -> 2.1941866 | E9: ='Base votos'!Q8/'Base votos'!R8 -> 0.017762586 | F9: ='Base votos'!Q41/'Base votos'!R41 -> 0.019515216 | G9: =(F9-E9)*100 -> 0.17526302 | H9: ='Base votos'!R8 -> 1371816 | I9: ='Base votos'!R41 -> 1588709 | J9: =I9-H9 -> 216893 | K9: =I9/H9-1 -> 0.15810648 | L9: ='Base votos'!U8/'Base votos'!R8 -> 0.44420097 | M9: ='Base votos'!U41/'Base votos'!R41 -> 0.537189 | N9: =(M9-L9)*100 -> 9.2988029 | O9: ='Base votos'!V8/'Base votos'!R8 -> 0.22422103 | P9: ='Base votos'!V41/'Base votos'!R41 -> 0.38849657 | Q9: =(P9-O9)*100 -> 16.427554 | R9: ='Base votos'!W8/'Base votos'!R8 -> 0.26117132 | S9: ='Base votos'!W41/'Base votos'!R41 -> 0.054041993 | T9: =(S9-R9)*100 -> -20.712933 | U9: =(MAX('Base votos'!U8:W8)-LARGE('Base votos'!U8:W8,2))/'Base votos'!R8*100 -> 18.302965 | V9: =(MAX('Base votos'!U41:W41)-LARGE('Base votos'!U41:W41,2))/'Base votos'!R41*100 -> 14.869243 | W9: =(V9-U9) -> -3.4337219 | X9: Morena y aliados | Y9: Morena y aliados | Z9: Se mantiene: Morena y aliados
A10: Colima | B10: ='Base votos'!R9/'Base votos'!S9 -> 0.64131735 | C10: ='Base votos'!R42/'Base votos'!S42 -> 0.5901331 | D10: =(C10-B10)*100 -> -5.1184249 | E10: ='Base votos'!Q9/'Base votos'!R9 -> 0.026566288 | F10: ='Base votos'!Q42/'Base votos'!R42 -> 0.020962657 | G10: =(F10-E10)*100 -> -0.56036316 | H10: ='Base votos'!R9 -> 341109 | I10: ='Base votos'!R42 -> 345710 | J10: =I10-H10 -> 4601 | K10: =I10/H10-1 -> 0.013488357 | L10: ='Base votos'!U9/'Base votos'!R9 -> 0.57845439 | M10: ='Base votos'!U42/'Base votos'!R42 -> 0.54407741 | N10: =(M10-L10)*100 -> -3.4376988 | O10: ='Base votos'!V9/'Base votos'!R9 -> 0.16542513 | P10: ='Base votos'!V42/'Base votos'!R42 -> 0.29961528 | Q10: =(P10-O10)*100 -> 13.419016 | R10: ='Base votos'!W9/'Base votos'!R9 -> 0.18177181 | S10: ='Base votos'!W42/'Base votos'!R42 -> 0.13332562 | T10: =(S10-R10)*100 -> -4.8446189 | U10: =(MAX('Base votos'!U9:W9)-LARGE('Base votos'!U9:W9,2))/'Base votos'!R9*100 -> 39.668259 | V10: =(MAX('Base votos'!U42:W42)-LARGE('Base votos'!U42:W42,2))/'Base votos'!R42*100 -> 24.446212 | W10: =(V10-U10) -> -15.222046 | X10: Morena y aliados | Y10: Morena y aliados | Z10: Se mantiene: Morena y aliados
A11: Chiapas | B11: ='Base votos'!R10/'Base votos'!S10 -> 0.69270047 | C11: ='Base votos'!R43/'Base votos'!S43 -> 0.62633599 | D11: =(C11-B11)*100 -> -6.6364476 | E11: ='Base votos'!Q10/'Base votos'!R10 -> 0.056515573 | F11: ='Base votos'!Q43/'Base votos'!R43 -> 0.042579777 | G11: =(F11-E11)*100 -> -1.3935796 | H11: ='Base votos'!R10 -> 2425650 | I11: ='Base votos'!R43 -> 2472958 | J11: =I11-H11 -> 47308 | K11: =I11/H11-1 -> 0.019503226 | L11: ='Base votos'!U10/'Base votos'!R10 -> 0.61249521 | M11: ='Base votos'!U43/'Base votos'!R43 -> 0.71551721 | N11: =(M11-L11)*100 -> 10.3022 | O11: ='Base votos'!V10/'Base votos'!R10 -> 0.081675839 | P11: ='Base votos'!V43/'Base votos'!R43 -> 0.1669442 | Q11: =(P11-O11)*100 -> 8.5268363 | R11: ='Base votos'!W10/'Base votos'!R10 -> 0.23204626 | S11: ='Base votos'!W43/'Base votos'!R43 -> 0.07404129 | T11: =(S11-R11)*100 -> -15.800497 | U11: =(MAX('Base votos'!U10:W10)-LARGE('Base votos'!U10:W10,2))/'Base votos'!R10*100 -> 38.044895 | V11: =(MAX('Base votos'!U43:W43)-LARGE('Base votos'!U43:W43,2))/'Base votos'!R43*100 -> 54.8573 | W11: =(V11-U11) -> 16.812405 | X11: Morena y aliados | Y11: Morena y aliados | Z11: Se mantiene: Morena y aliados
A12: Chihuahua | B12: ='Base votos'!R11/'Base votos'!S11 -> 0.54446855 | C12: ='Base votos'!R44/'Base votos'!S44 -> 0.5322307 | D12: =(C12-B12)*100 -> -1.2237848 | E12: ='Base votos'!Q11/'Base votos'!R11 -> 0.032679358 | F12: ='Base votos'!Q44/'Base votos'!R44 -> 0.024161328 | G12: =(F12-E12)*100 -> -0.85180305 | H12: ='Base votos'!R11 -> 1494705 | I12: ='Base votos'!R44 -> 1644653 | J12: =I12-H12 -> 149948 | K12: =I12/H12-1 -> 0.10031946 | L12: ='Base votos'!U11/'Base votos'!R11 -> 0.43062143 | M12: ='Base votos'!U44/'Base votos'!R44 -> 0.53863581 | N12: =(M12-L12)*100 -> 10.801438 | O12: ='Base votos'!V11/'Base votos'!R11 -> 0.28495188 | P12: ='Base votos'!V44/'Base votos'!R44 -> 0.34030887 | Q12: =(P12-O12)*100 -> 5.5356987 | R12: ='Base votos'!W11/'Base votos'!R11 -> 0.16105185 | S12: ='Base votos'!W44/'Base votos'!R44 -> 0.095507685 | T12: =(S12-R12)*100 -> -6.5544162 | U12: =(MAX('Base votos'!U11:W11)-LARGE('Base votos'!U11:W11,2))/'Base votos'!R11*100 -> 14.566955 | V12: =(MAX('Base votos'!U44:W44)-LARGE('Base votos'!U44:W44,2))/'Base votos'!R44*100 -> 19.832694 | W12: =(V12-U12) -> 5.2657395 | X12: Morena y aliados | Y12: Morena y aliados | Z12: Se mantiene: Morena y aliados
A13: Ciudad de México | B13: ='Base votos'!R12/'Base votos'!S12 -> 0.70613038 | C13: ='Base votos'!R45/'Base votos'!S45 -> 0.70346545 | D13: =(C13-B13)*100 -> -0.2664936 | E13: ='Base votos'!Q12/'Base votos'!R12 -> 0.020641643 | F13: ='Base votos'!Q45/'Base votos'!R45 -> 0.017352138 | G13: =(F13-E13)*100 -> -0.32895053 | H13: ='Base votos'!R12 -> 5405868 | I13: ='Base votos'!R45 -> 5607551 | J13: =I13-H13 -> 201683 | K13: =I13/H13-1 -> 0.037308162 | L13: ='Base votos'!U12/'Base votos'!R12 -> 0.57686906 | M13: ='Base votos'!U45/'Base votos'!R45 -> 0.552008 | N13: =(M13-L13)*100 -> -2.4861064 | O13: ='Base votos'!V12/'Base votos'!R12 -> 0.23911479 | P13: ='Base votos'!V45/'Base votos'!R45 -> 0.34545419 | Q13: =(P13-O13)*100 -> 10.63394 | R13: ='Base votos'!W12/'Base votos'!R12 -> 0.12062318 | S13: ='Base votos'!W45/'Base votos'!R45 -> 0.08345176 | T13: =(S13-R13)*100 -> -3.7171422 | U13: =(MAX('Base votos'!U12:W12)-LARGE('Base votos'!U12:W12,2))/'Base votos'!R12*100 -> 33.775427 | V13: =(MAX('Base votos'!U45:W45)-LARGE('Base votos'!U45:W45,2))/'Base votos'!R45*100 -> 20.655381 | W13: =(V13-U13) -> -13.120046 | X13: Morena y aliados | Y13: Morena y aliados | Z13: Se mantiene: Morena y aliados
A14: Durango | B14: ='Base votos'!R13/'Base votos'!S13 -> 0.57122359 | C14: ='Base votos'!R46/'Base votos'!S46 -> 0.55547592 | D14: =(C14-B14)*100 -> -1.5747673 | E14: ='Base votos'!Q13/'Base votos'!R13 -> 0.022880819 | F14: ='Base votos'!Q46/'Base votos'!R46 -> 0.021264331 | G14: =(F14-E14)*100 -> -0.16164879 | H14: ='Base votos'!R13 -> 733715 | I14: ='Base votos'!R46 -> 778910 | J14: =I14-H14 -> 45195 | K14: =I14/H14-1 -> 0.061597487 | L14: ='Base votos'!U13/'Base votos'!R13 -> 0.46452505 | M14: ='Base votos'!U46/'Base votos'!R46 -> 0.58445392 | N14: =(M14-L14)*100 -> 11.992886 | O14: ='Base votos'!V13/'Base votos'!R13 -> 0.25615805 | P14: ='Base votos'!V46/'Base votos'!R46 -> 0.32132467 | Q14: =(P14-O14)*100 -> 6.5166627 | R14: ='Base votos'!W13/'Base votos'!R13 -> 0.19256932 | S14: ='Base votos'!W46/'Base votos'!R46 -> 0.072060957 | T14: =(S14-R14)*100 -> -12.050836 | U14: =(MAX('Base votos'!U13:W13)-LARGE('Base votos'!U13:W13,2))/'Base votos'!R13*100 -> 20.836701 | V14: =(MAX('Base votos'!U46:W46)-LARGE('Base votos'!U46:W46,2))/'Base votos'!R46*100 -> 26.312924 | W14: =(V14-U14) -> 5.4762236 | X14: Morena y aliados | Y14: Morena y aliados | Z14: Se mantiene: Morena y aliados
A15: Guanajuato | B15: ='Base votos'!R14/'Base votos'!S14 -> 0.53196919 | C15: ='Base votos'!R47/'Base votos'!S47 -> 0.56962358 | D15: =(C15-B15)*100 -> 3.7654387 | E15: ='Base votos'!Q14/'Base votos'!R14 -> 0.029777115 | F15: ='Base votos'!Q47/'Base votos'!R47 -> 0.020683616 | G15: =(F15-E15)*100 -> -0.90934984 | H15: ='Base votos'!R14 -> 2325007 | I15: ='Base votos'!R47 -> 2759092 | J15: =I15-H15 -> 434085 | K15: =I15/H15-1 -> 0.18670266 | L15: ='Base votos'!U14/'Base votos'!R14 -> 0.30418059 | M15: ='Base votos'!U47/'Base votos'!R47 -> 0.47215026 | N15: =(M15-L15)*100 -> 16.796967 | O15: ='Base votos'!V14/'Base votos'!R14 -> 0.40435706 | P15: ='Base votos'!V47/'Base votos'!R47 -> 0.39988735 | Q15: =(P15-O15)*100 -> -0.44697079 | R15: ='Base votos'!W14/'Base votos'!R14 -> 0.16416811 | S15: ='Base votos'!W47/'Base votos'!R47 -> 0.10560684 | T15: =(S15-R15)*100 -> -5.8561263 | U15: =(MAX('Base votos'!U14:W14)-LARGE('Base votos'!U14:W14,2))/'Base votos'!R14*100 -> 10.017647 | V15: =(MAX('Base votos'!U47:W47)-LARGE('Base votos'!U47:W47,2))/'Base votos'!R47*100 -> 7.2262904 | W15: =(V15-U15) -> -2.7913569 | X15: PAN y aliados | Y15: Morena y aliados | Z15: PAN y aliados → Morena y aliados
A16: Guerrero | B16: ='Base votos'!R15/'Base votos'!S15 -> 0.64214925 | C16: ='Base votos'!R48/'Base votos'!S48 -> 0.58454568 | D16: =(C16-B16)*100 -> -5.7603568 | E16: ='Base votos'!Q15/'Base votos'!R15 -> 0.041018189 | F16: ='Base votos'!Q48/'Base votos'!R48 -> 0.030881233 | G16: =(F16-E16)*100 -> -1.0136956 | H16: ='Base votos'!R15 -> 1613138 | I16: ='Base votos'!R48 -> 1550100 | J16: =I16-H16 -> -63038 | K16: =I16/H16-1 -> -0.039077872 | L16: ='Base votos'!U15/'Base votos'!R15 -> 0.63116919 | M16: ='Base votos'!U48/'Base votos'!R48 -> 0.71662731 | N16: =(M16-L16)*100 -> 8.5458127 | O16: ='Base votos'!V15/'Base votos'!R15 -> 0.1350399 | P16: ='Base votos'!V48/'Base votos'!R48 -> 0.18781369 | Q16: =(P16-O16)*100 -> 5.2773786 | R16: ='Base votos'!W15/'Base votos'!R15 -> 0.17716959 | S16: ='Base votos'!W48/'Base votos'!R48 -> 0.063755242 | T16: =(S16-R16)*100 -> -11.341435 | U16: =(MAX('Base votos'!U15:W15)-LARGE('Base votos'!U15:W15,2))/'Base votos'!R15*100 -> 45.39996 | V16: =(MAX('Base votos'!U48:W48)-LARGE('Base votos'!U48:W48,2))/'Base votos'!R48*100 -> 52.881362 | W16: =(V16-U16) -> 7.4814029 | X16: Morena y aliados | Y16: Morena y aliados | Z16: Se mantiene: Morena y aliados
... A37: Nacional | B37: ='Base votos'!R36/'Base votos'!S36 -> 0.63515342 | C37: ='Base votos'!R69/'Base votos'!S69 -> 0.61049861 | D37: =(C37-B37)*100 -> -2.4654812 | E37: ='Base votos'!Q36/'Base votos'!R36 -> 0.027752791 | F37: ='Base votos'!Q69/'Base votos'!R69 -> 0.023291021 | G37: =(F37-E37)*100 -> -0.44617702 | H37: ='Base votos'!R36 -> 56611027 | I37: ='Base votos'!R69 -> 60115184 | J37: =I37-H37 -> 3504157 | K37: =I37/H37-1 -> 0.061898842 | L37: ='Base votos'!U36/'Base votos'!R36 -> 0.5319367 | M37: ='Base votos'!U69/'Base votos'!R69 -> 0.59759476 | N37: =(M37-L37)*100 -> 6.5658059 | O37: ='Base votos'!V36/'Base votos'!R36 -> 0.22275024 | P37: ='Base votos'!V69/'Base votos'!R69 -> 0.27451795 | Q37: =(P37-O37)*100 -> 5.1767706 | R37: ='Base votos'!W36/'Base votos'!R36 -> 0.16409971 | S37: ='Base votos'!W69/'Base votos'!R69 -> 0.10321369 | T37: =(S37-R37)*100 -> -6.0886017 | U37: =(MAX('Base votos'!U36:W36)-LARGE('Base votos'!U36:W36,2))/'Base votos'!R36*100 -> 30.918646 | V37: =(MAX('Base votos'!U69:W69)-LARGE('Base votos'!U69:W69,2))/'Base votos'!R69*100 -> 32.307681 | W37: =(V37-U37) -> 1.3890353 | X37: Morena y aliados | Y37: Morena y aliados | Z37: Se mantiene: Morena y aliados

Sheet Diputaciones - Partidos
A1: Diputaciones: voto por partido y cambio por estado (2018 – 2021 – 2024)
A2: % sobre el total de votos emitidos. El voto de coalición se reparte entre sus partidos (ver Metodología). Las columnas Δ están en puntos porcentuales: verde = sube, rojo = baja.
B3: Morena | H3: PT | N3: PVEM | T3: PAN | Z3: PRI | AF3: PRD | AL3: MC | AR3: Morena + PT | AX3: PAN + PRI + PRD
A4: Estado | B4: 2018 | C4: 2021 | D4: 2024 | E4: Δ 2021 vs 2018 (pts) | F4: Δ 2024 vs 2021 (pts) | G4: Δ 2024 vs 2018 (pts) | H4: 2018 | I4: 2021 | J4: 2024 | K4: Δ 2021 vs 2018 (pts) | L4: Δ 2024 vs 2021 (pts) | M4: Δ 2024 vs 2018 (pts) | N4: 2018 | O4: 2021 | P4: 2024 | Q4: Δ 2021 vs 2018 (pts) | R4: Δ 2024 vs 2021 (pts) | S4: Δ 2024 vs 2018 (pts) | T4: 2018 | U4: 2021 | V4: 2024 | W4: Δ 2021 vs 2018 (pts) | X4: Δ 2024 vs 2021 (pts) | Y4: Δ 2024 vs 2018 (pts) | Z4: 2018 | AA4: 2021 | AB4: 2024 | AC4: Δ 2021 vs 2018 (pts) | AD4: Δ 2024 vs 2021 (pts) | AE4: Δ 2024 vs 2018 (pts) | AF4: 2018 | AG4: 2021 | AH4: 2024 | AI4: Δ 2021 vs 2018 (pts) | AJ4: Δ 2024 vs 2021 (pts) | AK4: Δ 2024 vs 2018 (pts) | AL4: 2018 | AM4: 2021 | AN4: 2024 | AO4: Δ 2021 vs 2018 (pts) | AP4: Δ 2024 vs 2021 (pts) | AQ4: Δ 2024 vs 2018 (pts) | AR4: 2018 | AS4: 2021 | AT4: 2024 | AU4: Δ 2021 vs 2018 (pts) | AV4: Δ 2024 vs 2021 (pts) | AW4: Δ 2024 vs 2018 (pts) | AX4: 2018 | AY4: 2021 | AZ4: 2024 | BA4: Δ 2021 vs 2018 (pts) | BB4: Δ 2024 vs 2021 (pts) | BC4: Δ 2024 vs 2018 (pts)
A5: Aguascalientes | B5: =('Base votos'!D70)/'Base votos'!R70 -> 0.26516574 | C5: =('Base votos'!D103)/'Base votos'!R103 -> 0.25056216 | D5: =('Base votos'!D136)/'Base votos'!R136 -> 0.30921912 | E5: =(C5-B5)*100 -> -1.460358 | F5: =(D5-C5)*100 -> 5.8656961 | G5: =(D5-B5)*100 -> 4.4053381 | H5: =('Base votos'!E70)/'Base votos'!R70 -> 0.030278472 | I5: =('Base votos'!E103)/'Base votos'!R103 -> 0.023285897 | J5: =('Base votos'!E136)/'Base votos'!R136 -> 0.026530252 | K5: =(I5-H5)*100 -> -0.69925755 | L5: =(J5-I5)*100 -> 0.32443552 | M5: =(J5-H5)*100 -> -0.37482203 | N5: =('Base votos'!F70)/'Base votos'!R70 -> 0.043766318 | O5: =('Base votos'!F103)/'Base votos'!R103 -> 0.03571373 | P5: =('Base votos'!F136)/'Base votos'!R136 -> 0.03684055 | Q5: =(O5-N5)*100 -> -0.80525885 | R5: =(P5-O5)*100 -> 0.11268205 | S5: =(P5-N5)*100 -> -0.6925768 | T5: =('Base votos'!H70)/'Base votos'!R70 -> 0.32880624 | U5: =('Base votos'!H103)/'Base votos'!R103 -> 0.44601508 | V5: =('Base votos'!H136)/'Base votos'!R136 -> 0.4135951 | W5: =(U5-T5)*100 -> 11.720884 | X5: =(V5-U5)*100 -> -3.2419981 | Y5: =(V5-T5)*100 -> 8.4788861 | Z5: =('Base votos'!I70)/'Base votos'!R70 -> 0.18796372 | AA5: =('Base votos'!I103)/'Base votos'!R103 -> 0.090638179 | AB5: =('Base votos'!I136)/'Base votos'!R136 -> 0.075669766 | AC5: =(AA5-Z5)*100 -> -9.7325545 | AD5: =(AB5-AA5)*100 -> -1.4968413 | AE5: =(AB5-Z5)*100 -> -11.229396 | AF5: =('Base votos'!J70)/'Base votos'!R70 -> 0.023252429 | AG5: =('Base votos'!J103)/'Base votos'!R103 -> 0.027726771 | AH5: =('Base votos'!J136)/'Base votos'!R136 -> 0.024873539 | AI5: =(AG5-AF5)*100 -> 0.44743415 | AJ5: =(AH5-AG5)*100 -> -0.28532319 | AK5: =(AH5-AF5)*100 -> 0.16211096 | AL5: =('Base votos'!K70)/'Base votos'!R70 -> 0.0218005 | AM5: =('Base votos'!K103)/'Base votos'!R103 -> 0.038827983 | AN5: =('Base votos'!K136)/'Base votos'!R136 -> 0.080617065 | AO5: =(AM5-AL5)*100 -> 1.7027483 | AP5: =(AN5-AM5)*100 -> 4.1789082 | AQ5: =(AN5-AL5)*100 -> 5.8816565 | AR5: =('Base votos'!D70+'Base votos'!E70)/'Base votos'!R70 -> 0.29544421 | AS5: =('Base votos'!D103+'Base votos'!E103)/'Base votos'!R103 -> 0.27384806 | AT5: =('Base votos'!D136+'Base votos'!E136)/'Base votos'!R136 -> 0.33574937 | AU5: =(AS5-AR5)*100 -> -2.1596156 | AV5: =(AT5-AS5)*100 -> 6.1901316 | AW5: =(AT5-AR5)*100 -> 4.030516 | AX5: =('Base votos'!H70+'Base votos'!I70+'Base votos'!J70)/'Base votos'!R70 -> 0.54002239 | AY5: =('Base votos'!H103+'Base votos'!I103+'Base votos'!J103)/'Base votos'!R103 -> 0.56438003 | AZ5: =('Base votos'!H136+'Base votos'!I136+'Base votos'!J136)/'Base votos'!R136 -> 0.5141384 | BA5: =(AY5-AX5)*100 -> 2.4357638 | BB5: =(AZ5-AY5)*100 -> -5.0241626 | BC5: =(AZ5-AX5)*100 -> -2.5883987
A6: Baja California | B6: =('Base votos'!D71)/'Base votos'!R71 -> 0.5055354 | C6: =('Base votos'!D104)/'Base votos'!R104 -> 0.44378125 | D6: =('Base votos'!D137)/'Base votos'!R137 -> 0.51868319 | E6: =(C6-B6)*100 -> -6.1754152 | F6: =(D6-C6)*100 -> 7.4901949 | G6: =(D6-B6)*100 -> 1.3147796 | H6: =('Base votos'!E71)/'Base votos'!R71 -> 0.04933539 | I6: =('Base votos'!E104)/'Base votos'!R104 -> 0.023817304 | J6: =('Base votos'!E137)/'Base votos'!R137 -> 0.055387963 | K6: =(I6-H6)*100 -> -2.5518086 | L6: =(J6-I6)*100 -> 3.1570659 | M6: =(J6-H6)*100 -> 0.6052573 | N6: =('Base votos'!F71)/'Base votos'!R71 -> 0.034624996 | O6: =('Base votos'!F104)/'Base votos'!R104 -> 0.024517106 | P6: =('Base votos'!F137)/'Base votos'!R137 -> 0.065206243 | Q6: =(O6-N6)*100 -> -1.010789 | R6: =(P6-O6)*100 -> 4.0689137 | S6: =(P6-N6)*100 -> 3.0581247 | T6: =('Base votos'!H71)/'Base votos'!R71 -> 0.18997869 | U6: =('Base votos'!H104)/'Base votos'!R104 -> 0.14782024 | V6: =('Base votos'!H137)/'Base votos'!R137 -> 0.15474748 | W6: =(U6-T6)*100 -> -4.2158451 | X6: =(V6-U6)*100 -> 0.69272377 | Y6: =(V6-T6)*100 -> -3.5231213 | Z6: =('Base votos'!I71)/'Base votos'!R71 -> 0.090780799 | AA6: =('Base votos'!I104)/'Base votos'!R104 -> 0.056663476 | AB6: =('Base votos'!I137)/'Base votos'!R137 -> 0.049829198 | AC6: =(AA6-Z6)*100 -> -3.4117322 | AD6: =(AB6-AA6)*100 -> -0.68342783 | AE6: =(AB6-Z6)*100 -> -4.0951601 | AF6: =('Base votos'!J71)/'Base votos'!R71 -> 0.016527404 | AG6: =('Base votos'!J104)/'Base votos'!R104 -> 0.013763661 | AH6: =('Base votos'!J137)/'Base votos'!R137 -> 0.012160041 | AI6: =(AG6-AF6)*100 -> -0.27637433 | AJ6: =(AH6-AG6)*100 -> -0.160362 | AK6: =(AH6-AF6)*100 -> -0.43673633 | AL6: =('Base votos'!K71)/'Base votos'!R71 -> 0.027022975 | AM6: =('Base votos'!K104)/'Base votos'!R104 -> 0.046341843 | AN6: =('Base votos'!K137)/'Base votos'!R137 -> 0.090360723 | AO6: =(AM6-AL6)*100 -> 1.9318868 | AP6: =(AN6-AM6)*100 -> 4.401888 | AQ6: =(AN6-AL6)*100 -> 6.3337748 | AR6: =('Base votos'!D71+'Base votos'!E71)/'Base votos'!R71 -> 0.55487079 | AS6: =('Base votos'!D104+'Base votos'!E104)/'Base votos'!R104 -> 0.46759855 | AT6: =('Base votos'!D137+'Base votos'!E137)/'Base votos'!R137 -> 0.57407116 | AU6: =(AS6-AR6)*100 -> -8.7272239 | AV6: =(AT6-AS6)*100 -> 10.647261 | AW6: =(AT6-AR6)*100 -> 1.9200369 | AX6: =('Base votos'!H71+'Base votos'!I71+'Base votos'!J71)/'Base votos'!R71 -> 0.2972869 | AY6: =('Base votos'!H104+'Base votos'!I104+'Base votos'!J104)/'Base votos'!R104 -> 0.21824738 | AZ6: =('Base votos'!H137+'Base votos'!I137+'Base votos'!J137)/'Base votos'!R137 -> 0.21673672 | BA6: =(AY6-AX6)*100 -> -7.9039516 | BB6: =(AZ6-AY6)*100 -> -0.15106606 | BC6: =(AZ6-AX6)*100 -> -8.0550177
A7: Baja California Sur | B7: =('Base votos'!D72)/'Base votos'!R72 -> 0.41529568 | C7: =('Base votos'!D105)/'Base votos'!R105 -> 0.36604189 | D7: =('Base votos'!D138)/'Base votos'!R138 -> 0.41936696 | E7: =(C7-B7)*100 -> -4.9253794 | F7: =(D7-C7)*100 -> 5.3325074 | G7: =(D7-B7)*100 -> 0.40712803 | H7: =('Base votos'!E72)/'Base votos'!R72 -> 0.071497865 | I7: =('Base votos'!E105)/'Base votos'!R105 -> 0.062811287 | J7: =('Base votos'!E138)/'Base votos'!R138 -> 0.086334905 | K7: =(I7-H7)*100 -> -0.86865773 | L7: =(J7-I7)*100 -> 2.3523618 | M7: =(J7-H7)*100 -> 1.4837041 | N7: =('Base votos'!F72)/'Base votos'!R72 -> 0.04457157 | O7: =('Base votos'!F105)/'Base votos'!R105 -> 0.031034064 | P7: =('Base votos'!F138)/'Base votos'!R138 -> 0.061460263 | Q7: =(O7-N7)*100 -> -1.3537506 | R7: =(P7-O7)*100 -> 3.0426199 | S7: =(P7-N7)*100 -> 1.6888693 | T7: =('Base votos'!H72)/'Base votos'!R72 -> 0.25227775 | U7: =('Base votos'!H105)/'Base votos'!R105 -> 0.34695555 | V7: =('Base votos'!H138)/'Base votos'!R138 -> 0.27013104 | W7: =(U7-T7)*100 -> 9.4677796 | X7: =(V7-U7)*100 -> -7.6824506 | Y7: =(V7-T7)*100 -> 1.785329 | Z7: =('Base votos'!I72)/'Base votos'!R72 -> 0.083145813 | AA7: =('Base votos'!I105)/'Base votos'!R105 -> 0.044725352 | AB7: =('Base votos'!I138)/'Base votos'!R138 -> 0.042172646 | AC7: =(AA7-Z7)*100 -> -3.842046 | AD7: =(AB7-AA7)*100 -> -0.25527065 | AE7: =(AB7-Z7)*100 -> -4.0973167 | AF7: =('Base votos'!J72)/'Base votos'!R72 -> 0.013261459 | AG7: =('Base votos'!J105)/'Base votos'!R105 -> 0.010815118 | AH7: =('Base votos'!J138)/'Base votos'!R138 -> 0.014517914 | AI7: =(AG7-AF7)*100 -> -0.24463412 | AJ7: =(AH7-AG7)*100 -> 0.37027964 | AK7: =(AH7-AF7)*100 -> 0.12564552 | AL7: =('Base votos'!K72)/'Base votos'!R72 -> 0.02048892 | AM7: =('Base votos'!K105)/'Base votos'!R105 -> 0.03278835 | AN7: =('Base votos'!K138)/'Base votos'!R138 -> 0.072843119 | AO7: =(AM7-AL7)*100 -> 1.2299429 | AP7: =(AN7-AM7)*100 -> 4.0054769 | AQ7: =(AN7-AL7)*100 -> 5.2354198 | AR7: =('Base votos'!D72+'Base votos'!E72)/'Base votos'!R72 -> 0.48679355 | AS7: =('Base votos'!D105+'Base votos'!E105)/'Base votos'!R105 -> 0.42885318 | AT7: =('Base votos'!D138+'Base votos'!E138)/'Base votos'!R138 -> 0.50570187 | AU7: =(AS7-AR7)*100 -> -5.7940371 | AV7: =(AT7-AS7)*100 -> 7.6848692 | AW7: =(AT7-AR7)*100 -> 1.8908321 | AX7: =('Base votos'!H72+'Base votos'!I72+'Base votos'!J72)/'Base votos'!R72 -> 0.34868502 | AY7: =('Base votos'!H105+'Base votos'!I105+'Base votos'!J105)/'Base votos'!R105 -> 0.40249602 | AZ7: =('Base votos'!H138+'Base votos'!I138+'Base votos'!J138)/'Base votos'!R138 -> 0.3268216 | BA7: =(AY7-AX7)*100 -> 5.3810994 | BB7: =(AZ7-AY7)*100 -> -7.5674416 | BC7: =(AZ7-AX7)*100 -> -2.1863422
A8: Campeche | B8: =('Base votos'!D73)/'Base votos'!R73 -> 0.39532161 | C8: =('Base votos'!D106)/'Base votos'!R106 -> 0.40691571 | D8: =('Base votos'!D139)/'Base votos'!R139 -> 0.41690797 | E8: =(C8-B8)*100 -> 1.1594097 | F8: =(D8-C8)*100 -> 0.99922649 | G8: =(D8-B8)*100 -> 2.1586362 | H8: =('Base votos'!E73)/'Base votos'!R73 -> 0.039899844 | I8: =('Base votos'!E106)/'Base votos'!R106 -> 0.018034934 | J8: =('Base votos'!E139)/'Base votos'!R139 -> 0.043459829 | K8: =(I8-H8)*100 -> -2.186491 | L8: =(J8-I8)*100 -> 2.5424895 | M8: =(J8-H8)*100 -> 0.35599853 | N8: =('Base votos'!F73)/'Base votos'!R73 -> 0.024794124 | O8: =('Base votos'!F106)/'Base votos'!R106 -> 0.013247608 | P8: =('Base votos'!F139)/'Base votos'!R139 -> 0.040476676 | Q8: =(O8-N8)*100 -> -1.1546517 | R8: =(P8-O8)*100 -> 2.7229069 | S8: =(P8-N8)*100 -> 1.5682552 | T8: =('Base votos'!H73)/'Base votos'!R73 -> 0.14748498 | U8: =('Base votos'!H106)/'Base votos'!R106 -> 0.052556932 | V8: =('Base votos'!H139)/'Base votos'!R139 -> 0.045745418 | W8: =(U8-T8)*100 -> -9.4928045 | X8: =(V8-U8)*100 -> -0.68115138 | Y8: =(V8-T8)*100 -> -10.173956 | Z8: =('Base votos'!I73)/'Base votos'!R73 -> 0.26900067 | AA8: =('Base votos'!I106)/'Base votos'!R106 -> 0.25876538 | AB8: =('Base votos'!I139)/'Base votos'!R139 -> 0.099814506 | AC8: =(AA8-Z8)*100 -> -1.0235289 | AD8: =(AB8-AA8)*100 -> -15.895087 | AE8: =(AB8-Z8)*100 -> -16.918616 | AF8: =('Base votos'!J73)/'Base votos'!R73 -> 0.022632985 | AG8: =('Base votos'!J106)/'Base votos'!R106 -> 0.010220189 | AH8: =('Base votos'!J139)/'Base votos'!R139 -> 0.0067692901 | AI8: =(AG8-AF8)*100 -> -1.2412796 | AJ8: =(AH8-AG8)*100 -> -0.34508986 | AK8: =(AH8-AF8)*100 -> -1.5863695 | AL8: =('Base votos'!K73)/'Base votos'!R73 -> 0.020456265 | AM8: =('Base votos'!K106)/'Base votos'!R106 -> 0.18845858 | AN8: =('Base votos'!K139)/'Base votos'!R139 -> 0.31696786 | AO8: =(AM8-AL8)*100 -> 16.800232 | AP8: =(AN8-AM8)*100 -> 12.850928 | AQ8: =(AN8-AL8)*100 -> 29.65116 | AR8: =('Base votos'!D73+'Base votos'!E73)/'Base votos'!R73 -> 0.43522146 | AS8: =('Base votos'!D106+'Base votos'!E106)/'Base votos'!R106 -> 0.42495064 | AT8: =('Base votos'!D139+'Base votos'!E139)/'Base votos'!R139 -> 0.4603678 | AU8: =(AS8-AR8)*100 -> -1.0270813 | AV8: =(AT8-AS8)*100 -> 3.541716 | AW8: =(AT8-AR8)*100 -> 2.5146347 | AX8: =('Base votos'!H73+'Base votos'!I73+'Base votos'!J73)/'Base votos'!R73 -> 0.43911863 | AY8: =('Base votos'!H106+'Base votos'!I106+'Base votos'!J106)/'Base votos'!R106 -> 0.3215425 | AZ8: =('Base votos'!H139+'Base votos'!I139+'Base votos'!J139)/'Base votos'!R139 -> 0.15232921 | BA8: =(AY8-AX8)*100 -> -11.757613 | BB8: =(AZ8-AY8)*100 -> -16.921328 | BC8: =(AZ8-AX8)*100 -> -28.678941
A9: Coahuila | B9: =('Base votos'!D74)/'Base votos'!R74 -> 0.30527525 | C9: =('Base votos'!D107)/'Base votos'!R107 -> 0.33160123 | D9: =('Base votos'!D140)/'Base votos'!R140 -> 0.38586085 | E9: =(C9-B9)*100 -> 2.6325976 | F9: =(D9-C9)*100 -> 5.4259622 | G9: =(D9-B9)*100 -> 8.0585598 | H9: =('Base votos'!E74)/'Base votos'!R74 -> 0.025611402 | I9: =('Base votos'!E107)/'Base votos'!R107 -> 0.016325292 | J9: =('Base votos'!E140)/'Base votos'!R140 -> 0.041070902 | K9: =(I9-H9)*100 -> -0.92861102 | L9: =(J9-I9)*100 -> 2.474561 | M9: =(J9-H9)*100 -> 1.54595 | N9: =('Base votos'!F74)/'Base votos'!R74 -> 0.022068488 | O9: =('Base votos'!F107)/'Base votos'!R107 -> 0.029674702 | P9: =('Base votos'!F140)/'Base votos'!R140 -> 0.045284993 | Q9: =(O9-N9)*100 -> 0.76062147 | R9: =(P9-O9)*100 -> 1.5610291 | S9: =(P9-N9)*100 -> 2.3216506 | T9: =('Base votos'!H74)/'Base votos'!R74 -> 0.25285902 | U9: =('Base votos'!H107)/'Base votos'!R107 -> 0.14578835 | V9: =('Base votos'!H140)/'Base votos'!R140 -> 0.062351938 | W9: =(U9-T9)*100 -> -10.707067 | X9: =(V9-U9)*100 -> -8.3436411 | Y9: =(V9-T9)*100 -> -19.050708 | Z9: =('Base votos'!I74)/'Base votos'!R74 -> 0.29901141 | AA9: =('Base votos'!I107)/'Base votos'!R107 -> 0.39472859 | AB9: =('Base votos'!I140)/'Base votos'!R140 -> 0.38706786 | AC9: =(AA9-Z9)*100 -> 9.571718 | AD9: =(AB9-AA9)*100 -> -0.76607286 | AE9: =(AB9-Z9)*100 -> 8.8056451 | AF9: =('Base votos'!J74)/'Base votos'!R74 -> 0.017560723 | AG9: =('Base votos'!J107)/'Base votos'!R107 -> 0.011409583 | AH9: =('Base votos'!J140)/'Base votos'!R140 -> 0.017378371 | AI9: =(AG9-AF9)*100 -> -0.61511398 | AJ9: =(AH9-AG9)*100 -> 0.5968788 | AK9: =(AH9-AF9)*100 -> -0.018235184 | AL9: =('Base votos'!K74)/'Base votos'!R74 -> 0.025213593 | AM9: =('Base votos'!K107)/'Base votos'!R107 -> 0.017966155 | AN9: =('Base votos'!K140)/'Base votos'!R140 -> 0.038693023 | AO9: =(AM9-AL9)*100 -> -0.72474381 | AP9: =(AN9-AM9)*100 -> 2.0726868 | AQ9: =(AN9-AL9)*100 -> 1.347943 | AR9: =('Base votos'!D74+'Base votos'!E74)/'Base votos'!R74 -> 0.33088665 | AS9: =('Base votos'!D107+'Base votos'!E107)/'Base votos'!R107 -> 0.34792652 | AT9: =('Base votos'!D140+'Base votos'!E140)/'Base votos'!R140 -> 0.42693175 | AU9: =(AS9-AR9)*100 -> 1.7039866 | AV9: =(AT9-AS9)*100 -> 7.9005232 | AW9: =(AT9-AR9)*100 -> 9.6045098 | AX9: =('Base votos'!H74+'Base votos'!I74+'Base votos'!J74)/'Base votos'!R74 -> 0.56943116 | AY9: =('Base votos'!H107+'Base votos'!I107+'Base votos'!J107)/'Base votos'!R107 -> 0.55192652 | AZ9: =('Base votos'!H140+'Base votos'!I140+'Base votos'!J140)/'Base votos'!R140 -> 0.46679817 | BA9: =(AY9-AX9)*100 -> -1.7504632 | BB9: =(AZ9-AY9)*100 -> -8.5128352 | BC9: =(AZ9-AX9)*100 -> -10.263298
A10: Colima | B10: =('Base votos'!D75)/'Base votos'!R75 -> 0.37725979 | C10: =('Base votos'!D108)/'Base votos'!R108 -> 0.30737397 | D10: =('Base votos'!D141)/'Base votos'!R141 -> 0.37657052 | E10: =(C10-B10)*100 -> -6.9885828 | F10: =(D10-C10)*100 -> 6.9196555 | G10: =(D10-B10)*100 -> -0.068927323 | H10: =('Base votos'!E75)/'Base votos'!R75 -> 0.047260481 | I10: =('Base votos'!E108)/'Base votos'!R108 -> 0.024430963 | J10: =('Base votos'!E141)/'Base votos'!R141 -> 0.042042991 | K10: =(I10-H10)*100 -> -2.2829517 | L10: =(J10-I10)*100 -> 1.7612028 | M10: =(J10-H10)*100 -> -0.52174895 | N10: =('Base votos'!F75)/'Base votos'!R75 -> 0.052960162 | O10: =('Base votos'!F108)/'Base votos'!R108 -> 0.16891728 | P10: =('Base votos'!F141)/'Base votos'!R141 -> 0.071377096 | Q10: =(O10-N10)*100 -> 11.595712 | R10: =(P10-O10)*100 -> -9.7540189 | S10: =(P10-N10)*100 -> 1.8416934 | T10: =('Base votos'!H75)/'Base votos'!R75 -> 0.15499013 | U10: =('Base votos'!H108)/'Base votos'!R108 -> 0.11111335 | V10: =('Base votos'!H141)/'Base votos'!R141 -> 0.14653467 | W10: =(U10-T10)*100 -> -4.3876782 | X10: =(V10-U10)*100 -> 3.5421315 | Y10: =(V10-T10)*100 -> -0.84554671 | Z10: =('Base votos'!I75)/'Base votos'!R75 -> 0.20100558 | AA10: =('Base votos'!I108)/'Base votos'!R108 -> 0.14650852 | AB10: =('Base votos'!I141)/'Base votos'!R141 -> 0.14947635 | AC10: =(AA10-Z10)*100 -> -5.4497061 | AD10: =(AB10-AA10)*100 -> 0.29678267 | AE10: =(AB10-Z10)*100 -> -5.1529235 | AF10: =('Base votos'!J75)/'Base votos'!R75 -> 0.022562856 | AG10: =('Base votos'!J108)/'Base votos'!R108 -> 0.010215119 | AH10: =('Base votos'!J141)/'Base votos'!R141 -> 0.021572322 | AI10: =(AG10-AF10)*100 -> -1.2347737 | AJ10: =(AH10-AG10)*100 -> 1.1357203 | AK10: =(AH10-AF10)*100 -> -0.099053402 | AL10: =('Base votos'!K75)/'Base votos'!R75 -> 0.056047365 | AM10: =('Base votos'!K108)/'Base votos'!R108 -> 0.12881933 | AN10: =('Base votos'!K141)/'Base votos'!R141 -> 0.15991104 | AO10: =(AM10-AL10)*100 -> 7.2771967 | AP10: =(AN10-AM10)*100 -> 3.1091708 | AQ10: =(AN10-AL10)*100 -> 10.386368 | AR10: =('Base votos'!D75+'Base votos'!E75)/'Base votos'!R75 -> 0.42452027 | AS10: =('Base votos'!D108+'Base votos'!E108)/'Base votos'!R108 -> 0.33180493 | AT10: =('Base votos'!D141+'Base votos'!E141)/'Base votos'!R141 -> 0.41861351 | AU10: =(AS10-AR10)*100 -> -9.2715346 | AV10: =(AT10-AS10)*100 -> 8.6808583 | AW10: =(AT10-AR10)*100 -> -0.59067627 | AX10: =('Base votos'!H75+'Base votos'!I75+'Base votos'!J75)/'Base votos'!R75 -> 0.37855857 | AY10: =('Base votos'!H108+'Base votos'!I108+'Base votos'!J108)/'Base votos'!R108 -> 0.26783699 | AZ10: =('Base votos'!H141+'Base votos'!I141+'Base votos'!J141)/'Base votos'!R141 -> 0.31758333 | BA10: =(AY10-AX10)*100 -> -11.072158 | BB10: =(AZ10-AY10)*100 -> 4.9746345 | BC10: =(AZ10-AX10)*100 -> -6.0975236
A11: Chiapas | B11: =('Base votos'!D76)/'Base votos'!R76 -> 0.42810338 | C11: =('Base votos'!D109)/'Base votos'!R109 -> 0.35222012 | D11: =('Base votos'!D142)/'Base votos'!R142 -> 0.39884573 | E11: =(C11-B11)*100 -> -7.5883266 | F11: =(D11-C11)*100 -> 4.6625618 | G11: =(D11-B11)*100 -> -2.9257648 | H11: =('Base votos'!E76)/'Base votos'!R76 -> 0.050826706 | I11: =('Base votos'!E109)/'Base votos'!R109 -> 0.06799714 | J11: =('Base votos'!E142)/'Base votos'!R142 -> 0.1099827 | K11: =(I11-H11)*100 -> 1.7170434 | L11: =(J11-I11)*100 -> 4.1985558 | M11: =(J11-H11)*100 -> 5.9155992 | N11: =('Base votos'!F76)/'Base votos'!R76 -> 0.15295208 | O11: =('Base votos'!F109)/'Base votos'!R109 -> 0.19464499 | P11: =('Base votos'!F142)/'Base votos'!R142 -> 0.20146684 | Q11: =(O11-N11)*100 -> 4.1692912 | R11: =(P11-O11)*100 -> 0.68218447 | S11: =(P11-N11)*100 -> 4.8514757 | T11: =('Base votos'!H76)/'Base votos'!R76 -> 0.038766695 | U11: =('Base votos'!H109)/'Base votos'!R109 -> 0.033168435 | V11: =('Base votos'!H142)/'Base votos'!R142 -> 0.046235807 | W11: =(U11-T11)*100 -> -0.559826 | X11: =(V11-U11)*100 -> 1.3067373 | Y11: =(V11-T11)*100 -> 0.74691125 | Z11: =('Base votos'!I76)/'Base votos'!R76 -> 0.13204607 | AA11: =('Base votos'!I109)/'Base votos'!R109 -> 0.12039299 | AB11: =('Base votos'!I142)/'Base votos'!R142 -> 0.091820085 | AC11: =(AA11-Z11)*100 -> -1.1653073 | AD11: =(AB11-AA11)*100 -> -2.857291 | AE11: =(AB11-Z11)*100 -> -4.0225983 | AF11: =('Base votos'!J76)/'Base votos'!R76 -> 0.033751661 | AG11: =('Base votos'!J109)/'Base votos'!R109 -> 0.023047779 | AH11: =('Base votos'!J142)/'Base votos'!R142 -> 0.015948226 | AI11: =(AG11-AF11)*100 -> -1.0703882 | AJ11: =(AH11-AG11)*100 -> -0.70995528 | AK11: =(AH11-AF11)*100 -> -1.7803435 | AL11: =('Base votos'!K76)/'Base votos'!R76 -> 0.027614882 | AM11: =('Base votos'!K109)/'Base votos'!R109 -> 0.0304916 | AN11: =('Base votos'!K142)/'Base votos'!R142 -> 0.060696917 | AO11: =(AM11-AL11)*100 -> 0.28767172 | AP11: =(AN11-AM11)*100 -> 3.0205317 | AQ11: =(AN11-AL11)*100 -> 3.3082035 | AR11: =('Base votos'!D76+'Base votos'!E76)/'Base votos'!R76 -> 0.47893009 | AS11: =('Base votos'!D109+'Base votos'!E109)/'Base votos'!R109 -> 0.42021726 | AT11: =('Base votos'!D142+'Base votos'!E142)/'Base votos'!R142 -> 0.50882843 | AU11: =(AS11-AR11)*100 -> -5.8712831 | AV11: =(AT11-AS11)*100 -> 8.8611175 | AW11: =(AT11-AR11)*100 -> 2.9898344 | AX11: =('Base votos'!H76+'Base votos'!I76+'Base votos'!J76)/'Base votos'!R76 -> 0.20456442 | AY11: =('Base votos'!H109+'Base votos'!I109+'Base votos'!J109)/'Base votos'!R109 -> 0.17660921 | AZ11: =('Base votos'!H142+'Base votos'!I142+'Base votos'!J142)/'Base votos'!R142 -> 0.15400412 | BA11: =(AY11-AX11)*100 -> -2.7955216 | BB11: =(AZ11-AY11)*100 -> -2.260509 | BC11: =(AZ11-AX11)*100 -> -5.0560306
A12: Chihuahua | B12: =('Base votos'!D77)/'Base votos'!R77 -> 0.2870355 | C12: =('Base votos'!D110)/'Base votos'!R110 -> 0.29900735 | D12: =('Base votos'!D143)/'Base votos'!R143 -> 0.41881339 | E12: =(C12-B12)*100 -> 1.1971852 | F12: =(D12-C12)*100 -> 11.980604 | G12: =(D12-B12)*100 -> 13.177789 | H12: =('Base votos'!E77)/'Base votos'!R77 -> 0.034989154 | I12: =('Base votos'!E110)/'Base votos'!R110 -> 0.018088344 | J12: =('Base votos'!E143)/'Base votos'!R143 -> 0.04154602 | K12: =(I12-H12)*100 -> -1.690081 | L12: =(J12-I12)*100 -> 2.3457676 | M12: =(J12-H12)*100 -> 0.65568661 | N12: =('Base votos'!F77)/'Base votos'!R77 -> 0.040603339 | O12: =('Base votos'!F110)/'Base votos'!R110 -> 0.02813685 | P12: =('Base votos'!F143)/'Base votos'!R143 -> 0.049448241 | Q12: =(O12-N12)*100 -> -1.2466489 | R12: =(P12-O12)*100 -> 2.1311391 | S12: =(P12-N12)*100 -> 0.88449024 | T12: =('Base votos'!H77)/'Base votos'!R77 -> 0.26860164 | U12: =('Base votos'!H110)/'Base votos'!R110 -> 0.36201603 | V12: =('Base votos'!H143)/'Base votos'!R143 -> 0.25333058 | W12: =(U12-T12)*100 -> 9.3414388 | X12: =(V12-U12)*100 -> -10.868545 | Y12: =(V12-T12)*100 -> -1.5271064 | Z12: =('Base votos'!I77)/'Base votos'!R77 -> 0.17311822 | AA12: =('Base votos'!I110)/'Base votos'!R110 -> 0.12141155 | AB12: =('Base votos'!I143)/'Base votos'!R143 -> 0.10505906 | AC12: =(AA12-Z12)*100 -> -5.1706673 | AD12: =(AB12-AA12)*100 -> -1.6352494 | AE12: =(AB12-Z12)*100 -> -6.8059167 | AF12: =('Base votos'!J77)/'Base votos'!R77 -> 0.020784899 | AG12: =('Base votos'!J110)/'Base votos'!R110 -> 0.011581065 | AH12: =('Base votos'!J143)/'Base votos'!R143 -> 0.0169843 | AI12: =(AG12-AF12)*100 -> -0.92038337 | AJ12: =(AH12-AG12)*100 -> 0.54032347 | AK12: =(AH12-AF12)*100 -> -0.3800599 | AL12: =('Base votos'!K77)/'Base votos'!R77 -> 0.025802429 | AM12: =('Base votos'!K110)/'Base votos'!R110 -> 0.084723271 | AN12: =('Base votos'!K143)/'Base votos'!R143 -> 0.085339185 | AO12: =(AM12-AL12)*100 -> 5.8920842 | AP12: =(AN12-AM12)*100 -> 0.061591406 | AQ12: =(AN12-AL12)*100 -> 5.9536756 | AR12: =('Base votos'!D77+'Base votos'!E77)/'Base votos'!R77 -> 0.32202465 | AS12: =('Base votos'!D110+'Base votos'!E110)/'Base votos'!R110 -> 0.31709569 | AT12: =('Base votos'!D143+'Base votos'!E143)/'Base votos'!R143 -> 0.46035941 | AU12: =(AS12-AR12)*100 -> -0.49289579 | AV12: =(AT12-AS12)*100 -> 14.326372 | AW12: =(AT12-AR12)*100 -> 13.833476 | AX12: =('Base votos'!H77+'Base votos'!I77+'Base votos'!J77)/'Base votos'!R77 -> 0.46250477 | AY12: =('Base votos'!H110+'Base votos'!I110+'Base votos'!J110)/'Base votos'!R110 -> 0.49500865 | AZ12: =('Base votos'!H143+'Base votos'!I143+'Base votos'!J143)/'Base votos'!R143 -> 0.37537393 | BA12: =(AY12-AX12)*100 -> 3.2503881 | BB12: =(AZ12-AY12)*100 -> -11.963471 | BC12: =(AZ12-AX12)*100 -> -8.7130831
A13: Ciudad de México | B13: =('Base votos'!D78)/'Base votos'!R78 -> 0.44674342 | C13: =('Base votos'!D111)/'Base votos'!R111 -> 0.37986548 | D13: =('Base votos'!D144)/'Base votos'!R144 -> 0.40816812 | E13: =(C13-B13)*100 -> -6.6877939 | F13: =(D13-C13)*100 -> 2.8302631 | G13: =(D13-B13)*100 -> -3.8575307 | H13: =('Base votos'!E78)/'Base votos'!R78 -> 0.033133027 | I13: =('Base votos'!E111)/'Base votos'!R111 -> 0.021486662 | J13: =('Base votos'!E144)/'Base votos'!R144 -> 0.044291462 | K13: =(I13-H13)*100 -> -1.1646365 | L13: =(J13-I13)*100 -> 2.28048 | M13: =(J13-H13)*100 -> 1.1158435 | N13: =('Base votos'!F78)/'Base votos'!R78 -> 0.044442779 | O13: =('Base votos'!F111)/'Base votos'!R111 -> 0.02978991 | P13: =('Base votos'!F144)/'Base votos'!R144 -> 0.061693948 | Q13: =(O13-N13)*100 -> -1.465287 | R13: =(P13-O13)*100 -> 3.1904039 | S13: =(P13-N13)*100 -> 1.7251169 | T13: =('Base votos'!H78)/'Base votos'!R78 -> 0.1598317 | U13: =('Base votos'!H111)/'Base votos'!R111 -> 0.25902446 | V13: =('Base votos'!H144)/'Base votos'!R144 -> 0.25229026 | W13: =(U13-T13)*100 -> 9.9192761 | X13: =(V13-U13)*100 -> -0.67342086 | Y13: =(V13-T13)*100 -> 9.2458553 | Z13: =('Base votos'!I78)/'Base votos'!R78 -> 0.095418674 | AA13: =('Base votos'!I111)/'Base votos'!R111 -> 0.14584457 | AB13: =('Base votos'!I144)/'Base votos'!R144 -> 0.090498432 | AC13: =(AA13-Z13)*100 -> 5.0425898 | AD13: =(AB13-AA13)*100 -> -5.534614 | AE13: =(AB13-Z13)*100 -> -0.49202421 | AF13: =('Base votos'!J78)/'Base votos'!R78 -> 0.10907052 | AG13: =('Base votos'!J111)/'Base votos'!R111 -> 0.048879207 | AH13: =('Base votos'!J144)/'Base votos'!R144 -> 0.033047129 | AI13: =(AG13-AF13)*100 -> -6.0191315 | AJ13: =(AH13-AG13)*100 -> -1.5832077 | AK13: =(AH13-AF13)*100 -> -7.6023393 | AL13: =('Base votos'!K78)/'Base votos'!R78 -> 0.027568547 | AM13: =('Base votos'!K111)/'Base votos'!R111 -> 0.03610352 | AN13: =('Base votos'!K144)/'Base votos'!R144 -> 0.085756907 | AO13: =(AM13-AL13)*100 -> 0.85349735 | AP13: =(AN13-AM13)*100 -> 4.9653387 | AQ13: =(AN13-AL13)*100 -> 5.818836 | AR13: =('Base votos'!D78+'Base votos'!E78)/'Base votos'!R78 -> 0.47987645 | AS13: =('Base votos'!D111+'Base votos'!E111)/'Base votos'!R111 -> 0.40135215 | AT13: =('Base votos'!D144+'Base votos'!E144)/'Base votos'!R144 -> 0.45245958 | AU13: =(AS13-AR13)*100 -> -7.8524304 | AV13: =(AT13-AS13)*100 -> 5.1107432 | AW13: =(AT13-AR13)*100 -> -2.7416872 | AX13: =('Base votos'!H78+'Base votos'!I78+'Base votos'!J78)/'Base votos'!R78 -> 0.3643209 | AY13: =('Base votos'!H111+'Base votos'!I111+'Base votos'!J111)/'Base votos'!R111 -> 0.45374824 | AZ13: =('Base votos'!H144+'Base votos'!I144+'Base votos'!J144)/'Base votos'!R144 -> 0.37583582 | BA13: =(AY13-AX13)*100 -> 8.9427343 | BB13: =(AZ13-AY13)*100 -> -7.7912426 | BC13: =(AZ13-AX13)*100 -> 1.1514918
A14: Durango | B14: =('Base votos'!D79)/'Base votos'!R79 -> 0.28596579 | C14: =('Base votos'!D112)/'Base votos'!R112 -> 0.3302977 | D14: =('Base votos'!D145)/'Base votos'!R145 -> 0.3962413 | E14: =(C14-B14)*100 -> 4.4331911 | F14: =(D14-C14)*100 -> 6.5943598 | G14: =(D14-B14)*100 -> 11.027551 | H14: =('Base votos'!E79)/'Base votos'!R79 -> 0.072500447 | I14: =('Base votos'!E112)/'Base votos'!R112 -> 0.030486392 | J14: =('Base votos'!E145)/'Base votos'!R145 -> 0.058742161 | K14: =(I14-H14)*100 -> -4.2014055 | L14: =(J14-I14)*100 -> 2.8255769 | M14: =(J14-H14)*100 -> -1.3758287 | N14: =('Base votos'!F79)/'Base votos'!R79 -> 0.043629748 | O14: =('Base votos'!F112)/'Base votos'!R112 -> 0.054416589 | P14: =('Base votos'!F145)/'Base votos'!R145 -> 0.055487719 | Q14: =(O14-N14)*100 -> 1.0786841 | R14: =(P14-O14)*100 -> 0.10711294 | S14: =(P14-N14)*100 -> 1.1857971 | T14: =('Base votos'!H79)/'Base votos'!R79 -> 0.2495025 | U14: =('Base votos'!H112)/'Base votos'!R112 -> 0.180176 | V14: =('Base votos'!H145)/'Base votos'!R145 -> 0.1353007 | W14: =(U14-T14)*100 -> -6.9326495 | X14: =(V14-U14)*100 -> -4.48753 | Y14: =(V14-T14)*100 -> -11.42018 | Z14: =('Base votos'!I79)/'Base votos'!R79 -> 0.22150183 | AA14: =('Base votos'!I112)/'Base votos'!R112 -> 0.2369046 | AB14: =('Base votos'!I145)/'Base votos'!R145 -> 0.23419007 | AC14: =(AA14-Z14)*100 -> 1.540277 | AD14: =(AB14-AA14)*100 -> -0.27145298 | AE14: =(AB14-Z14)*100 -> 1.268824 | AF14: =('Base votos'!J79)/'Base votos'!R79 -> 0.017597222 | AG14: =('Base votos'!J112)/'Base votos'!R112 -> 0.019372396 | AH14: =('Base votos'!J145)/'Base votos'!R145 -> 0.02280575 | AI14: =(AG14-AF14)*100 -> 0.17751739 | AJ14: =(AH14-AG14)*100 -> 0.34333531 | AK14: =(AH14-AF14)*100 -> 0.5208527 | AL14: =('Base votos'!K79)/'Base votos'!R79 -> 0.027918723 | AM14: =('Base votos'!K112)/'Base votos'!R112 -> 0.051331014 | AN14: =('Base votos'!K145)/'Base votos'!R145 -> 0.069226966 | AO14: =(AM14-AL14)*100 -> 2.3412291 | AP14: =(AN14-AM14)*100 -> 1.7895952 | AQ14: =(AN14-AL14)*100 -> 4.1308243 | AR14: =('Base votos'!D79+'Base votos'!E79)/'Base votos'!R79 -> 0.35846624 | AS14: =('Base votos'!D112+'Base votos'!E112)/'Base votos'!R112 -> 0.3607841 | AT14: =('Base votos'!D145+'Base votos'!E145)/'Base votos'!R145 -> 0.45498346 | AU14: =(AS14-AR14)*100 -> 0.23178561 | AV14: =(AT14-AS14)*100 -> 9.4199367 | AW14: =(AT14-AR14)*100 -> 9.6517223 | AX14: =('Base votos'!H79+'Base votos'!I79+'Base votos'!J79)/'Base votos'!R79 -> 0.48860155 | AY14: =('Base votos'!H112+'Base votos'!I112+'Base votos'!J112)/'Base votos'!R112 -> 0.436453 | AZ14: =('Base votos'!H145+'Base votos'!I145+'Base votos'!J145)/'Base votos'!R145 -> 0.39229652 | BA14: =(AY14-AX14)*100 -> -5.2148551 | BB14: =(AZ14-AY14)*100 -> -4.4156477 | BC14: =(AZ14-AX14)*100 -> -9.6305028
A15: Guanajuato | B15: =('Base votos'!D80)/'Base votos'!R80 -> 0.20696582 | C15: =('Base votos'!D113)/'Base votos'!R113 -> 0.24050629 | D15: =('Base votos'!D146)/'Base votos'!R146 -> 0.35319252 | E15: =(C15-B15)*100 -> 3.3540471 | F15: =(D15-C15)*100 -> 11.268623 | G15: =(D15-B15)*100 -> 14.62267 | H15: =('Base votos'!E80)/'Base votos'!R80 -> 0.023620242 | I15: =('Base votos'!E113)/'Base votos'!R113 -> 0.018687932 | J15: =('Base votos'!E146)/'Base votos'!R146 -> 0.025773058 | K15: =(I15-H15)*100 -> -0.49323094 | L15: =(J15-I15)*100 -> 0.70851256 | M15: =(J15-H15)*100 -> 0.21528162 | N15: =('Base votos'!F80)/'Base votos'!R80 -> 0.08060091 | O15: =('Base votos'!F113)/'Base votos'!R113 -> 0.053864288 | P15: =('Base votos'!F146)/'Base votos'!R146 -> 0.056862362 | Q15: =(O15-N15)*100 -> -2.6736622 | R15: =(P15-O15)*100 -> 0.29980739 | S15: =(P15-N15)*100 -> -2.3738548 | T15: =('Base votos'!H80)/'Base votos'!R80 -> 0.38506872 | U15: =('Base votos'!H113)/'Base votos'!R113 -> 0.42045208 | V15: =('Base votos'!H146)/'Base votos'!R146 -> 0.38187162 | W15: =(U15-T15)*100 -> 3.5383359 | X15: =(V15-U15)*100 -> -3.8580459 | Y15: =(V15-T15)*100 -> -0.31971002 | Z15: =('Base votos'!I80)/'Base votos'!R80 -> 0.14470909 | AA15: =('Base votos'!I113)/'Base votos'!R113 -> 0.12087925 | AB15: =('Base votos'!I146)/'Base votos'!R146 -> 0.066434173 | AC15: =(AA15-Z15)*100 -> -2.3829842 | AD15: =(AB15-AA15)*100 -> -5.4445078 | AE15: =(AB15-Z15)*100 -> -7.8274919 | AF15: =('Base votos'!J80)/'Base votos'!R80 -> 0.029504928 | AG15: =('Base votos'!J113)/'Base votos'!R113 -> 0.021794282 | AH15: =('Base votos'!J146)/'Base votos'!R146 -> 0.011688768 | AI15: =(AG15-AF15)*100 -> -0.77106455 | AJ15: =(AH15-AG15)*100 -> -1.0105514 | AK15: =(AH15-AF15)*100 -> -1.781616 | AL15: =('Base votos'!K80)/'Base votos'!R80 -> 0.027741473 | AM15: =('Base votos'!K113)/'Base votos'!R113 -> 0.043463738 | AN15: =('Base votos'!K146)/'Base votos'!R146 -> 0.076804982 | AO15: =(AM15-AL15)*100 -> 1.5722266 | AP15: =(AN15-AM15)*100 -> 3.3341244 | AQ15: =(AN15-AL15)*100 -> 4.9063509 | AR15: =('Base votos'!D80+'Base votos'!E80)/'Base votos'!R80 -> 0.23058606 | AS15: =('Base votos'!D113+'Base votos'!E113)/'Base votos'!R113 -> 0.25919422 | AT15: =('Base votos'!D146+'Base votos'!E146)/'Base votos'!R146 -> 0.37896558 | AU15: =(AS15-AR15)*100 -> 2.8608161 | AV15: =(AT15-AS15)*100 -> 11.977135 | AW15: =(AT15-AR15)*100 -> 14.837951 | AX15: =('Base votos'!H80+'Base votos'!I80+'Base votos'!J80)/'Base votos'!R80 -> 0.55928274 | AY15: =('Base votos'!H113+'Base votos'!I113+'Base votos'!J113)/'Base votos'!R113 -> 0.56312561 | AZ15: =('Base votos'!H146+'Base votos'!I146+'Base votos'!J146)/'Base votos'!R146 -> 0.45999456 | BA15: =(AY15-AX15)*100 -> 0.38428716 | BB15: =(AZ15-AY15)*100 -> -10.313105 | BC15: =(AZ15-AX15)*100 -> -9.9288179
A16: Guerrero | B16: =('Base votos'!D81)/'Base votos'!R81 -> 0.4003146 | C16: =('Base votos'!D114)/'Base votos'!R114 -> 0.39641837 | D16: =('Base votos'!D147)/'Base votos'!R147 -> 0.47993417 | E16: =(C16-B16)*100 -> -0.3896233 | F16: =(D16-C16)*100 -> 8.3515802 | G16: =(D16-B16)*100 -> 7.9619569 | H16: =('Base votos'!E81)/'Base votos'!R81 -> 0.062196224 | I16: =('Base votos'!E114)/'Base votos'!R114 -> 0.040313435 | J16: =('Base votos'!E147)/'Base votos'!R147 -> 0.071119546 | K16: =(I16-H16)*100 -> -2.1882789 | L16: =(J16-I16)*100 -> 3.0806111 | M16: =(J16-H16)*100 -> 0.89233222 | N16: =('Base votos'!F81)/'Base votos'!R81 -> 0.045499343 | O16: =('Base votos'!F114)/'Base votos'!R114 -> 0.035415591 | P16: =('Base votos'!F147)/'Base votos'!R147 -> 0.10019597 | Q16: =(O16-N16)*100 -> -1.0083751 | R16: =(P16-O16)*100 -> 6.4780374 | S16: =(P16-N16)*100 -> 5.4696623 | T16: =('Base votos'!H81)/'Base votos'!R81 -> 0.044232219 | U16: =('Base votos'!H114)/'Base votos'!R114 -> 0.031732764 | V16: =('Base votos'!H147)/'Base votos'!R147 -> 0.038375196 | W16: =(U16-T16)*100 -> -1.2499455 | X16: =(V16-U16)*100 -> 0.66424317 | Y16: =(V16-T16)*100 -> -0.58570232 | Z16: =('Base votos'!I81)/'Base votos'!R81 -> 0.18187838 | AA16: =('Base votos'!I114)/'Base votos'!R114 -> 0.25194885 | AB16: =('Base votos'!I147)/'Base votos'!R147 -> 0.1223325 | AC16: =(AA16-Z16)*100 -> 7.0070466 | AD16: =(AB16-AA16)*100 -> -12.961635 | AE16: =(AB16-Z16)*100 -> -5.9545887 | AF16: =('Base votos'!J81)/'Base votos'!R81 -> 0.12986338 | AG16: =('Base votos'!J114)/'Base votos'!R114 -> 0.13099708 | AH16: =('Base votos'!J147)/'Base votos'!R147 -> 0.060753997 | AI16: =(AG16-AF16)*100 -> 0.11336931 | AJ16: =(AH16-AG16)*100 -> -7.0243079 | AK16: =(AH16-AF16)*100 -> -6.9109386 | AL16: =('Base votos'!K81)/'Base votos'!R81 -> 0.03820497 | AM16: =('Base votos'!K114)/'Base votos'!R114 -> 0.029134073 | AN16: =('Base votos'!K147)/'Base votos'!R147 -> 0.075796287 | AO16: =(AM16-AL16)*100 -> -0.90708967 | AP16: =(AN16-AM16)*100 -> 4.6662213 | AQ16: =(AN16-AL16)*100 -> 3.7591317 | AR16: =('Base votos'!D81+'Base votos'!E81)/'Base votos'!R81 -> 0.46251082 | AS16: =('Base votos'!D114+'Base votos'!E114)/'Base votos'!R114 -> 0.4367318 | AT16: =('Base votos'!D147+'Base votos'!E147)/'Base votos'!R147 -> 0.55105372 | AU16: =(AS16-AR16)*100 -> -2.5779022 | AV16: =(AT16-AS16)*100 -> 11.432191 | AW16: =(AT16-AR16)*100 -> 8.8542892 | AX16: =('Base votos'!H81+'Base votos'!I81+'Base votos'!J81)/'Base votos'!R81 -> 0.35597398 | AY16: =('Base votos'!H114+'Base votos'!I114+'Base votos'!J114)/'Base votos'!R114 -> 0.41467869 | AZ16: =('Base votos'!H147+'Base votos'!I147+'Base votos'!J147)/'Base votos'!R147 -> 0.22146169 | BA16: =(AY16-AX16)*100 -> 5.8704704 | BB16: =(AZ16-AY16)*100 -> -19.3217 | BC16: =(AZ16-AX16)*100 -> -13.45123
... A37: Nacional | B37: =('Base votos'!D102)/'Base votos'!R102 -> 0.3749315 | C37: =('Base votos'!D135)/'Base votos'!R135 -> 0.34177762 | D37: =('Base votos'!D168)/'Base votos'!R168 -> 0.41080205 | E37: =(C37-B37)*100 -> -3.3153882 | F37: =(D37-C37)*100 -> 6.9024434 | G37: =(D37-B37)*100 -> 3.5870552 | H37: =('Base votos'!E102)/'Base votos'!R102 -> 0.038113616 | I37: =('Base votos'!E135)/'Base votos'!R135 -> 0.03194429 | J37: =('Base votos'!E168)/'Base votos'!R168 -> 0.053288082 | K37: =(I37-H37)*100 -> -0.61693265 | L37: =(J37-I37)*100 -> 2.1343792 | M37: =(J37-H37)*100 -> 1.5174466 | N37: =('Base votos'!F102)/'Base votos'!R102 -> 0.047504392 | O37: =('Base votos'!F135)/'Base votos'!R135 -> 0.054053828 | P37: =('Base votos'!F168)/'Base votos'!R168 -> 0.083025311 | Q37: =(O37-N37)*100 -> 0.65494361 | R37: =(P37-O37)*100 -> 2.8971483 | S37: =(P37-N37)*100 -> 3.5520919 | T37: =('Base votos'!H102)/'Base votos'!R102 -> 0.18044177 | U37: =('Base votos'!H135)/'Base votos'!R135 -> 0.18268376 | V37: =('Base votos'!H168)/'Base votos'!R168 -> 0.16994463 | W37: =(U37-T37)*100 -> 0.2241995 | X37: =(V37-U37)*100 -> -1.2739129 | Y37: =(V37-T37)*100 -> -1.0497134 | Z37: =('Base votos'!I102)/'Base votos'!R102 -> 0.16606904 | AA37: =('Base votos'!I135)/'Base votos'!R135 -> 0.17769976 | AB37: =('Base votos'!I168)/'Base votos'!R168 -> 0.11136567 | AC37: =(AA37-Z37)*100 -> 1.1630724 | AD37: =(AB37-AA37)*100 -> -6.6334096 | AE37: =(AB37-Z37)*100 -> -5.4703371 | AF37: =('Base votos'!J102)/'Base votos'!R102 -> 0.052276183 | AG37: =('Base votos'!J135)/'Base votos'!R135 -> 0.035900582 | AH37: =('Base votos'!J168)/'Base votos'!R168 -> 0.023446844 | AI37: =(AG37-AF37)*100 -> -1.6375601 | AJ37: =(AH37-AG37)*100 -> -1.2453738 | AK37: =(AH37-AF37)*100 -> -2.8829339 | AL37: =('Base votos'!K102)/'Base votos'!R102 -> 0.043475422 | AM37: =('Base votos'!K135)/'Base votos'!R135 -> 0.070191035 | AN37: =('Base votos'!K168)/'Base votos'!R168 -> 0.10926164 | AO37: =(AM37-AL37)*100 -> 2.6715612 | AP37: =(AN37-AM37)*100 -> 3.9070609 | AQ37: =(AN37-AL37)*100 -> 6.5786221 | AR37: =('Base votos'!D102+'Base votos'!E102)/'Base votos'!R102 -> 0.41304512 | AS37: =('Base votos'!D135+'Base votos'!E135)/'Base votos'!R135 -> 0.37372191 | AT37: =('Base votos'!D168+'Base votos'!E168)/'Base votos'!R168 -> 0.46409013 | AU37: =(AS37-AR37)*100 -> -3.9323209 | AV37: =(AT37-AS37)*100 -> 9.0368226 | AW37: =(AT37-AR37)*100 -> 5.1045017 | AX37: =('Base votos'!H102+'Base votos'!I102+'Base votos'!J102)/'Base votos'!R102 -> 0.39878699 | AY37: =('Base votos'!H135+'Base votos'!I135+'Base votos'!J135)/'Base votos'!R135 -> 0.39628411 | AZ37: =('Base votos'!H168+'Base votos'!I168+'Base votos'!J168)/'Base votos'!R168 -> 0.30475714 | BA37: =(AY37-AX37)*100 -> -0.25028814 | BB37: =(AZ37-AY37)*100 -> -9.1526963 | BC37: =(AZ37-AX37)*100 -> -9.4029845

Sheet Diputaciones - Bloques
A1: Diputaciones: bloques como compitieron, participación, nulos, márgenes y cambios de ganador por estado (2018 – 2021 – 2024)
A2: Bloque = partido solo + sus combinaciones de coalición, tal como compitieron ese año (los nombres cambian entre años; ver encabezados). % sobre el total de votos emitidos. Δ en puntos porcentuales.
B3: Participación | H3: Votos nulos % | N3: Votos emitidos | W3: Bloque de Morena y aliados | AC3: Bloque del PAN y aliados | AI3: Tercer bloque (PRI en 2018 / MC en 2021-2024) | AO3: Margen de victoria (pts) | AU3: Bloque ganador y cambios
A4: Estado | B4: 2018 | C4: 2021 | D4: 2024 | E4: Δ 2021 vs 2018 (pts) | F4: Δ 2024 vs 2021 (pts) | G4: Δ 2024 vs 2018 (pts) | H4: 2018 | I4: 2021 | J4: 2024 | K4: Δ 2021 vs 2018 (pts) | L4: Δ 2024 vs 2021 (pts) | M4: Δ 2024 vs 2018 (pts) | N4: 2018 | O4: 2021 | P4: 2024 | Q4: Δ 2021 vs 2018 (votos) | R4: Δ 2024 vs 2021 (votos) | S4: Δ 2024 vs 2018 (votos) | T4: Δ 2021 vs 2018 (%) | U4: Δ 2024 vs 2021 (%) | V4: Δ 2024 vs 2018 (%) | W4: 2018 (Juntos Haremos Historia (PT-Morena-PES)) | X4: 2021 (Juntos Hacemos Historia (Morena-PT-PVEM)) | Y4: 2024 (Sigamos Haciendo Historia (PVEM-PT-Morena)) | Z4: Δ 2021 vs 2018 (pts) | AA4: Δ 2024 vs 2021 (pts) | AB4: Δ 2024 vs 2018 (pts) | AC4: 2018 (Por México al Frente (PAN-PRD-MC)) | AD4: 2021 (Va por México (PAN-PRI-PRD)) | AE4: 2024 (Fuerza y Corazón por México (PAN-PRI-PRD)) | AF4: Δ 2021 vs 2018 (pts) | AG4: Δ 2024 vs 2021 (pts) | AH4: Δ 2024 vs 2018 (pts) | AI4: 2018 (Todos por México (PRI-PVEM-NA)) | AJ4: 2021 (MC) | AK4: 2024 (MC) | AL4: Δ 2021 vs 2018 (pts) | AM4: Δ 2024 vs 2021 (pts) | AN4: Δ 2024 vs 2018 (pts) | AO4: 2018 | AP4: 2021 | AQ4: 2024 | AR4: Δ 2021 vs 2018 (pts) | AS4: Δ 2024 vs 2021 (pts) | AT4: Δ 2024 vs 2018 (pts) | AU4: Ganador 2018 | AV4: Ganador 2021 | AW4: Ganador 2024 | AX4: Cambio 2018 → 2021 | AY4: Cambio 2021 → 2024 | AZ4: Cambio 2018 → 2024
A5: Aguascalientes | B5: ='Base votos'!R70/'Base votos'!S70 -> 0.58985869 | C5: ='Base votos'!R103/'Base votos'!S103 -> 0.50529039 | D5: ='Base votos'!R136/'Base votos'!S136 -> 0.59845248 | E5: =(C5-B5)*100 -> -8.45683 | F5: =(D5-C5)*100 -> 9.3162089 | G5: =(D5-B5)*100 -> 0.85937891 | H5: ='Base votos'!Q70/'Base votos'!R70 -> 0.039248806 | I5: ='Base votos'!Q103/'Base votos'!R103 -> 0.032852352 | J5: ='Base votos'!Q136/'Base votos'!R136 -> 0.031763821 | K5: =(I5-H5)*100 -> -0.63964543 | L5: =(J5-I5)*100 -> -0.10885312 | M5: =(J5-H5)*100 -> -0.74849855 | N5: ='Base votos'!R70 -> 556501 | O5: ='Base votos'!R103 -> 514088 | P5: ='Base votos'!R136 -> 656722 | Q5: =O5-N5 -> -42413 | R5: =P5-O5 -> 142634 | S5: =P5-N5 -> 100221 | T5: =O5/N5-1 -> -0.0762137 | U5: =P5/O5-1 -> 0.27745055 | V5: =P5/N5-1 -> 0.18009132 | W5: ='Base votos'!U70/'Base votos'!R70 -> 0.3208386 | X5: ='Base votos'!U103/'Base votos'!R103 -> 0.30956179 | Y5: ='Base votos'!U136/'Base votos'!R136 -> 0.37258992 | Z5: =(X5-W5)*100 -> -1.127681 | AA5: =(Y5-X5)*100 -> 6.3028137 | AB5: =(Y5-W5)*100 -> 5.1751327 | AC5: ='Base votos'!V70/'Base votos'!R70 -> 0.37385917 | AD5: ='Base votos'!V103/'Base votos'!R103 -> 0.56438003 | AE5: ='Base votos'!V136/'Base votos'!R136 -> 0.5141384 | AF5: =(AD5-AC5)*100 -> 19.052086 | AG5: =(AE5-AD5)*100 -> -5.0241626 | AH5: =(AE5-AC5)*100 -> 14.027924 | AI5: ='Base votos'!W70/'Base votos'!R70 -> 0.26507589 | AJ5: ='Base votos'!W103/'Base votos'!R103 -> 0.038827983 | AK5: ='Base votos'!W136/'Base votos'!R136 -> 0.080617065 | AL5: =(AJ5-AI5)*100 -> -22.624791 | AM5: =(AK5-AJ5)*100 -> 4.1789082 | AN5: =(AK5-AI5)*100 -> -18.445883 | AO5: =(MAX('Base votos'!U70:W70)-LARGE('Base votos'!U70:W70,2))/'Base votos'!R70*100 -> 5.302057 | AP5: =(MAX('Base votos'!U103:W103)-LARGE('Base votos'!U103:W103,2))/'Base votos'!R103*100 -> 25.481824 | AQ5: =(MAX('Base votos'!U136:W136)-LARGE('Base votos'!U136:W136,2))/'Base votos'!R136*100 -> 14.154848 | AR5: =(AP5-AO5) -> 20.179767 | AS5: =(AQ5-AP5) -> -11.326976 | AT5: =(AQ5-AO5) -> 8.8527909 | AU5: PAN y aliados | AV5: PAN y aliados | AW5: PAN y aliados | AX5: Se mantiene: PAN y aliados | AY5: Se mantiene: PAN y aliados | AZ5: Se mantiene: PAN y aliados
A6: Baja California | B6: ='Base votos'!R71/'Base votos'!S71 -> 0.5250554 | C6: ='Base votos'!R104/'Base votos'!S104 -> 0.38475623 | D6: ='Base votos'!R137/'Base votos'!S137 -> 0.48233645 | E6: =(C6-B6)*100 -> -14.029917 | F6: =(D6-C6)*100 -> 9.7580218 | G6: =(D6-B6)*100 -> -4.271895 | H6: ='Base votos'!Q71/'Base votos'!R71 -> 0.029228349 | I6: ='Base votos'!Q104/'Base votos'!R104 -> 0.032911167 | J6: ='Base votos'!Q137/'Base votos'!R137 -> 0.052281175 | K6: =(I6-H6)*100 -> 0.36828177 | L6: =(J6-I6)*100 -> 1.9370008 | M6: =(J6-H6)*100 -> 2.3052825 | N6: ='Base votos'!R71 -> 1434224 | O6: ='Base votos'!R104 -> 1123175 | P6: ='Base votos'!R137 -> 1542429 | Q6: =O6-N6 -> -311049 | R6: =P6-O6 -> 419254 | S6: =P6-N6 -> 108205 | T6: =O6/N6-1 -> -0.21687616 | U6: =P6/O6-1 -> 0.37327576 | V6: =P6/N6-1 -> 0.075444979 | W6: ='Base votos'!U71/'Base votos'!R71 -> 0.58888151 | X6: ='Base votos'!U104/'Base votos'!R104 -> 0.49211565 | Y6: ='Base votos'!U137/'Base votos'!R137 -> 0.6392774 | Z6: =(X6-W6)*100 -> -9.6765859 | AA6: =(Y6-X6)*100 -> 14.716175 | AB6: =(Y6-W6)*100 -> 5.0395886 | AC6: ='Base votos'!V71/'Base votos'!R71 -> 0.23352907 | AD6: ='Base votos'!V104/'Base votos'!R104 -> 0.21824738 | AE6: ='Base votos'!V137/'Base votos'!R137 -> 0.21673672 | AF6: =(AD6-AC6)*100 -> -1.5281693 | AG6: =(AE6-AD6)*100 -> -0.15106606 | AH6: =(AE6-AC6)*100 -> -1.6792354 | AI6: ='Base votos'!W71/'Base votos'!R71 -> 0.14744698 | AJ6: ='Base votos'!W104/'Base votos'!R104 -> 0.046341843 | AK6: ='Base votos'!W137/'Base votos'!R137 -> 0.090360723 | AL6: =(AJ6-AI6)*100 -> -10.110514 | AM6: =(AK6-AJ6)*100 -> 4.401888 | AN6: =(AK6-AI6)*100 -> -5.7086259 | AO6: =(MAX('Base votos'!U71:W71)-LARGE('Base votos'!U71:W71,2))/'Base votos'!R71*100 -> 35.535244 | AP6: =(MAX('Base votos'!U104:W104)-LARGE('Base votos'!U104:W104,2))/'Base votos'!R104*100 -> 27.386828 | AQ6: =(MAX('Base votos'!U137:W137)-LARGE('Base votos'!U137:W137,2))/'Base votos'!R137*100 -> 42.254068 | AR6: =(AP6-AO6) -> -8.1484166 | AS6: =(AQ6-AP6) -> 14.867241 | AT6: =(AQ6-AO6) -> 6.718824 | AU6: Morena y aliados | AV6: Morena y aliados | AW6: Morena y aliados | AX6: Se mantiene: Morena y aliados | AY6: Se mantiene: Morena y aliados | AZ6: Se mantiene: Morena y aliados
A7: Baja California Sur | B7: ='Base votos'!R72/'Base votos'!S72 -> 0.58116696 | C7: ='Base votos'!R105/'Base votos'!S105 -> 0.49832637 | D7: ='Base votos'!R138/'Base votos'!S138 -> 0.54632433 | E7: =(C7-B7)*100 -> -8.2840591 | F7: =(D7-C7)*100 -> 4.7997966 | G7: =(D7-B7)*100 -> -3.4842624 | H7: ='Base votos'!Q72/'Base votos'!R72 -> 0.036984068 | I7: ='Base votos'!Q105/'Base votos'!R105 -> 0.030923304 | J7: ='Base votos'!Q138/'Base votos'!R138 -> 0.032209664 | K7: =(I7-H7)*100 -> -0.60607638 | L7: =(J7-I7)*100 -> 0.12863596 | M7: =(J7-H7)*100 -> -0.47744042 | N7: ='Base votos'!R72 -> 299967 | O7: ='Base votos'!R105 -> 279886 | P7: ='Base votos'!R138 -> 335241 | Q7: =O7-N7 -> -20081 | R7: =P7-O7 -> 55355 | S7: =P7-N7 -> 35274 | T7: =O7/N7-1 -> -0.066944031 | U7: =P7/O7-1 -> 0.19777695 | V7: =P7/N7-1 -> 0.11759294 | W7: ='Base votos'!U72/'Base votos'!R72 -> 0.51113956 | X7: ='Base votos'!U105/'Base votos'!R105 -> 0.45988724 | Y7: ='Base votos'!U138/'Base votos'!R138 -> 0.56716213 | Z7: =(X7-W7)*100 -> -5.1252319 | AA7: =(Y7-X7)*100 -> 10.727489 | AB7: =(Y7-W7)*100 -> 5.6022572 | AC7: ='Base votos'!V72/'Base votos'!R72 -> 0.28602813 | AD7: ='Base votos'!V105/'Base votos'!R105 -> 0.40249602 | AE7: ='Base votos'!V138/'Base votos'!R138 -> 0.3268216 | AF7: =(AD7-AC7)*100 -> 11.646789 | AG7: =(AE7-AD7)*100 -> -7.5674416 | AH7: =(AE7-AC7)*100 -> 4.079347 | AI7: ='Base votos'!W72/'Base votos'!R72 -> 0.1651115 | AJ7: ='Base votos'!W105/'Base votos'!R105 -> 0.03278835 | AK7: ='Base votos'!W138/'Base votos'!R138 -> 0.072843119 | AL7: =(AJ7-AI7)*100 -> -13.232315 | AM7: =(AK7-AJ7)*100 -> 4.0054769 | AN7: =(AK7-AI7)*100 -> -9.2268377 | AO7: =(MAX('Base votos'!U72:W72)-LARGE('Base votos'!U72:W72,2))/'Base votos'!R72*100 -> 22.511143 | AP7: =(MAX('Base votos'!U105:W105)-LARGE('Base votos'!U105:W105,2))/'Base votos'!R105*100 -> 5.7391224 | AQ7: =(MAX('Base votos'!U138:W138)-LARGE('Base votos'!U138:W138,2))/'Base votos'!R138*100 -> 24.034053 | AR7: =(AP7-AO7) -> -16.772021 | AS7: =(AQ7-AP7) -> 18.294931 | AT7: =(AQ7-AO7) -> 1.5229102 | AU7: Morena y aliados | AV7: Morena y aliados | AW7: Morena y aliados | AX7: Se mantiene: Morena y aliados | AY7: Se mantiene: Morena y aliados | AZ7: Se mantiene: Morena y aliados
A8: Campeche | B8: ='Base votos'!R73/'Base votos'!S73 -> 0.6997832 | C8: ='Base votos'!R106/'Base votos'!S106 -> 0.63469757 | D8: ='Base votos'!R139/'Base votos'!S139 -> 0.64184487 | E8: =(C8-B8)*100 -> -6.5085626 | F8: =(D8-C8)*100 -> 0.71473 | G8: =(D8-B8)*100 -> -5.7938326 | H8: ='Base votos'!Q73/'Base votos'!R73 -> 0.034081905 | I8: ='Base votos'!Q106/'Base votos'!R106 -> 0.025934495 | J8: ='Base votos'!Q139/'Base votos'!R139 -> 0.029255087 | K8: =(I8-H8)*100 -> -0.81474105 | L8: =(J8-I8)*100 -> 0.33205918 | M8: =(J8-H8)*100 -> -0.48268187 | N8: ='Base votos'!R73 -> 449300 | O8: ='Base votos'!R106 -> 424454 | P8: ='Base votos'!R139 -> 445837 | Q8: =O8-N8 -> -24846 | R8: =P8-O8 -> 21383 | S8: =P8-N8 -> -3463 | T8: =O8/N8-1 -> -0.055299355 | U8: =P8/O8-1 -> 0.050377662 | V8: =P8/N8-1 -> -0.0077075451 | W8: ='Base votos'!U73/'Base votos'!R73 -> 0.45751836 | X8: ='Base votos'!U106/'Base votos'!R106 -> 0.43819825 | Y8: ='Base votos'!U139/'Base votos'!R139 -> 0.50084448 | Z8: =(X8-W8)*100 -> -1.9320112 | AA8: =(Y8-X8)*100 -> 6.2646229 | AB8: =(Y8-W8)*100 -> 4.3326117 | AC8: ='Base votos'!V73/'Base votos'!R73 -> 0.19057423 | AD8: ='Base votos'!V106/'Base votos'!R106 -> 0.3215425 | AE8: ='Base votos'!V139/'Base votos'!R139 -> 0.15232921 | AF8: =(AD8-AC8)*100 -> 13.096827 | AG8: =(AE8-AD8)*100 -> -16.921328 | AH8: =(AE8-AC8)*100 -> -3.8245012 | AI8: ='Base votos'!W73/'Base votos'!R73 -> 0.31753617 | AJ8: ='Base votos'!W106/'Base votos'!R106 -> 0.18845858 | AK8: ='Base votos'!W139/'Base votos'!R139 -> 0.31696786 | AL8: =(AJ8-AI8)*100 -> -12.907758 | AM8: =(AK8-AJ8)*100 -> 12.850928 | AN8: =(AK8-AI8)*100 -> -0.056830692 | AO8: =(MAX('Base votos'!U73:W73)-LARGE('Base votos'!U73:W73,2))/'Base votos'!R73*100 -> 13.998219 | AP8: =(MAX('Base votos'!U106:W106)-LARGE('Base votos'!U106:W106,2))/'Base votos'!R106*100 -> 11.665575 | AQ8: =(MAX('Base votos'!U139:W139)-LARGE('Base votos'!U139:W139,2))/'Base votos'!R139*100 -> 18.387662 | AR8: =(AP8-AO8) -> -2.3326444 | AS8: =(AQ8-AP8) -> 6.7220868 | AT8: =(AQ8-AO8) -> 4.3894424 | AU8: Morena y aliados | AV8: Morena y aliados | AW8: Morena y aliados | AX8: Se mantiene: Morena y aliados | AY8: Se mantiene: Morena y aliados | AZ8: Se mantiene: Morena y aliados
A9: Coahuila | B9: ='Base votos'!R74/'Base votos'!S74 -> 0.63366569 | C9: ='Base votos'!R107/'Base votos'!S107 -> 0.5781668 | D9: ='Base votos'!R140/'Base votos'!S140 -> 0.65397892 | E9: =(C9-B9)*100 -> -5.5498888 | F9: =(D9-C9)*100 -> 7.5812118 | G9: =(D9-B9)*100 -> 2.0313229 | H9: ='Base votos'!Q74/'Base votos'!R74 -> 0.024002585 | I9: ='Base votos'!Q107/'Base votos'!R107 -> 0.020504676 | J9: ='Base votos'!Q140/'Base votos'!R140 -> 0.021958436 | K9: =(I9-H9)*100 -> -0.34979083 | L9: =(J9-I9)*100 -> 0.14537599 | M9: =(J9-H9)*100 -> -0.20441484 | N9: ='Base votos'!R74 -> 1364978 | O9: ='Base votos'!R107 -> 1307848 | P9: ='Base votos'!R140 -> 1576615 | Q9: =O9-N9 -> -57130 | R9: =P9-O9 -> 268767 | S9: =P9-N9 -> 211637 | T9: =O9/N9-1 -> -0.041854154 | U9: =P9/O9-1 -> 0.20550324 | V9: =P9/N9-1 -> 0.15504792 | W9: ='Base votos'!U74/'Base votos'!R74 -> 0.3444583 | X9: ='Base votos'!U107/'Base votos'!R107 -> 0.37760122 | Y9: ='Base votos'!U140/'Base votos'!R140 -> 0.47221674 | Z9: =(X9-W9)*100 -> 3.3142921 | AA9: =(Y9-X9)*100 -> 9.4615523 | AB9: =(Y9-W9)*100 -> 12.775844 | AC9: ='Base votos'!V74/'Base votos'!R74 -> 0.29563334 | AD9: ='Base votos'!V107/'Base votos'!R107 -> 0.55192652 | AE9: ='Base votos'!V140/'Base votos'!R140 -> 0.46679817 | AF9: =(AD9-AC9)*100 -> 25.629319 | AG9: =(AE9-AD9)*100 -> -8.5128352 | AH9: =(AE9-AC9)*100 -> 17.116484 | AI9: ='Base votos'!W74/'Base votos'!R74 -> 0.33559002 | AJ9: ='Base votos'!W107/'Base votos'!R107 -> 0.017966155 | AK9: ='Base votos'!W140/'Base votos'!R140 -> 0.038693023 | AL9: =(AJ9-AI9)*100 -> -31.762387 | AM9: =(AK9-AJ9)*100 -> 2.0726868 | AN9: =(AK9-AI9)*100 -> -29.6897 | AO9: =(MAX('Base votos'!U74:W74)-LARGE('Base votos'!U74:W74,2))/'Base votos'!R74*100 -> 0.88682748 | AP9: =(MAX('Base votos'!U107:W107)-LARGE('Base votos'!U107:W107,2))/'Base votos'!R107*100 -> 17.43253 | AQ9: =(MAX('Base votos'!U140:W140)-LARGE('Base votos'!U140:W140,2))/'Base votos'!R140*100 -> 0.54185708 | AR9: =(AP9-AO9) -> 16.545703 | AS9: =(AQ9-AP9) -> -16.890673 | AT9: =(AQ9-AO9) -> -0.3449704 | AU9: Morena y aliados | AV9: PAN y aliados | AW9: Morena y aliados | AX9: Morena y aliados → PAN y aliados | AY9: PAN y aliados → Morena y aliados | AZ9: Se mantiene: Morena y aliados
A10: Colima | B10: ='Base votos'!R75/'Base votos'!S75 -> 0.63108796 | C10: ='Base votos'!R108/'Base votos'!S108 -> 0.53511744 | D10: ='Base votos'!R141/'Base votos'!S141 -> 0.57947892 | E10: =(C10-B10)*100 -> -9.5970514 | F10: =(D10-C10)*100 -> 4.4361479 | G10: =(D10-B10)*100 -> -5.1609036 | H10: ='Base votos'!Q75/'Base votos'!R75 -> 0.03472357 | I10: ='Base votos'!Q108/'Base votos'!R108 -> 0.028277169 | J10: ='Base votos'!Q141/'Base votos'!R141 -> 0.031614203 | K10: =(I10-H10)*100 -> -0.64464013 | L10: =(J10-I10)*100 -> 0.33370341 | M10: =(J10-H10)*100 -> -0.31093672 | N10: ='Base votos'!R75 -> 334931 | O10: ='Base votos'!R108 -> 297696 | P10: ='Base votos'!R141 -> 338582 | Q10: =O10-N10 -> -37235 | R10: =P10-O10 -> 40886 | S10: =P10-N10 -> 3651 | T10: =O10/N10-1 -> -0.11117215 | U10: =P10/O10-1 -> 0.13734145 | V10: =P10/N10-1 -> 0.010900753 | W10: ='Base votos'!U75/'Base votos'!R75 -> 0.44463785 | X10: ='Base votos'!U108/'Base votos'!R108 -> 0.50072221 | Y10: ='Base votos'!U141/'Base votos'!R141 -> 0.48999061 | Z10: =(X10-W10)*100 -> 5.6084362 | AA10: =(Y10-X10)*100 -> -1.0731605 | AB10: =(Y10-W10)*100 -> 4.5352757 | AC10: ='Base votos'!V75/'Base votos'!R75 -> 0.23360035 | AD10: ='Base votos'!V108/'Base votos'!R108 -> 0.26783699 | AE10: ='Base votos'!V141/'Base votos'!R141 -> 0.31758333 | AF10: =(AD10-AC10)*100 -> 3.4236635 | AG10: =(AE10-AD10)*100 -> 4.9746345 | AH10: =(AE10-AC10)*100 -> 8.3982979 | AI10: ='Base votos'!W75/'Base votos'!R75 -> 0.2864172 | AJ10: ='Base votos'!W108/'Base votos'!R108 -> 0.12881933 | AK10: ='Base votos'!W141/'Base votos'!R141 -> 0.15991104 | AL10: =(AJ10-AI10)*100 -> -15.759787 | AM10: =(AK10-AJ10)*100 -> 3.1091708 | AN10: =(AK10-AI10)*100 -> -12.650616 | AO10: =(MAX('Base votos'!U75:W75)-LARGE('Base votos'!U75:W75,2))/'Base votos'!R75*100 -> 15.822065 | AP10: =(MAX('Base votos'!U108:W108)-LARGE('Base votos'!U108:W108,2))/'Base votos'!R108*100 -> 23.288523 | AQ10: =(MAX('Base votos'!U141:W141)-LARGE('Base votos'!U141:W141,2))/'Base votos'!R141*100 -> 17.240728 | AR10: =(AP10-AO10) -> 7.4664577 | AS10: =(AQ10-AP10) -> -6.047795 | AT10: =(AQ10-AO10) -> 1.4186627 | AU10: Morena y aliados | AV10: Morena y aliados | AW10: Morena y aliados | AX10: Se mantiene: Morena y aliados | AY10: Se mantiene: Morena y aliados | AZ10: Se mantiene: Morena y aliados
A11: Chiapas | B11: ='Base votos'!R76/'Base votos'!S76 -> 0.68900929 | C11: ='Base votos'!R109/'Base votos'!S109 -> 0.61337162 | D11: ='Base votos'!R142/'Base votos'!S142 -> 0.62256839 | E11: =(C11-B11)*100 -> -7.5637669 | F11: =(D11-C11)*100 -> 0.91967727 | G11: =(D11-B11)*100 -> -6.6440896 | H11: ='Base votos'!Q76/'Base votos'!R76 -> 0.081122144 | I11: ='Base votos'!Q109/'Base votos'!R109 -> 0.062642133 | J11: ='Base votos'!Q142/'Base votos'!R142 -> 0.070180747 | K11: =(I11-H11)*100 -> -1.8480011 | L11: =(J11-I11)*100 -> 0.75386135 | M11: =(J11-H11)*100 -> -1.0941398 | N11: ='Base votos'!R76 -> 2406963 | O11: ='Base votos'!R109 -> 2244815 | P11: ='Base votos'!R142 -> 2455759 | Q11: =O11-N11 -> -162148 | R11: =P11-O11 -> 210944 | S11: =P11-N11 -> 48796 | T11: =O11/N11-1 -> -0.06736622 | U11: =P11/O11-1 -> 0.093969436 | V11: =P11/N11-1 -> 0.02027285 | W11: ='Base votos'!U76/'Base votos'!R76 -> 0.50264628 | X11: ='Base votos'!U109/'Base votos'!R109 -> 0.61486225 | Y11: ='Base votos'!U142/'Base votos'!R142 -> 0.71029527 | Z11: =(X11-W11)*100 -> 11.221597 | AA11: =(Y11-X11)*100 -> 9.543302 | AB11: =(Y11-W11)*100 -> 20.764899 | AC11: ='Base votos'!V76/'Base votos'!R76 -> 0.10013324 | AD11: ='Base votos'!V109/'Base votos'!R109 -> 0.17660921 | AE11: ='Base votos'!V142/'Base votos'!R142 -> 0.15400412 | AF11: =(AD11-AC11)*100 -> 7.647597 | AG11: =(AE11-AD11)*100 -> -2.260509 | AH11: =(AE11-AC11)*100 -> 5.387088 | AI11: ='Base votos'!W76/'Base votos'!R76 -> 0.31410329 | AJ11: ='Base votos'!W109/'Base votos'!R109 -> 0.0304916 | AK11: ='Base votos'!W142/'Base votos'!R142 -> 0.060696917 | AL11: =(AJ11-AI11)*100 -> -28.361169 | AM11: =(AK11-AJ11)*100 -> 3.0205317 | AN11: =(AK11-AI11)*100 -> -25.340637 | AO11: =(MAX('Base votos'!U76:W76)-LARGE('Base votos'!U76:W76,2))/'Base votos'!R76*100 -> 18.854299 | AP11: =(MAX('Base votos'!U109:W109)-LARGE('Base votos'!U109:W109,2))/'Base votos'!R109*100 -> 43.825304 | AQ11: =(MAX('Base votos'!U142:W142)-LARGE('Base votos'!U142:W142,2))/'Base votos'!R142*100 -> 55.629115 | AR11: =(AP11-AO11) -> 24.971005 | AS11: =(AQ11-AP11) -> 11.803811 | AT11: =(AQ11-AO11) -> 36.774816 | AU11: Morena y aliados | AV11: Morena y aliados | AW11: Morena y aliados | AX11: Se mantiene: Morena y aliados | AY11: Se mantiene: Morena y aliados | AZ11: Se mantiene: Morena y aliados
A12: Chihuahua | B12: ='Base votos'!R77/'Base votos'!S77 -> 0.5434257 | C12: ='Base votos'!R110/'Base votos'!S110 -> 0.46730949 | D12: ='Base votos'!R143/'Base votos'!S143 -> 0.52738332 | E12: =(C12-B12)*100 -> -7.6116212 | F12: =(D12-C12)*100 -> 6.007383 | G12: =(D12-B12)*100 -> -1.6042382 | H12: ='Base votos'!Q77/'Base votos'!R77 -> 0.045433618 | I12: ='Base votos'!Q110/'Base votos'!R110 -> 0.032915656 | J12: ='Base votos'!Q143/'Base votos'!R143 -> 0.028829634 | K12: =(I12-H12)*100 -> -1.2517962 | L12: =(J12-I12)*100 -> -0.40860225 | M12: =(J12-H12)*100 -> -1.6603984 | N12: ='Base votos'!R77 -> 1489976 | O12: ='Base votos'!R110 -> 1352639 | P12: ='Base votos'!R143 -> 1625619 | Q12: =O12-N12 -> -137337 | R12: =P12-O12 -> 272980 | S12: =P12-N12 -> 135643 | T12: =O12/N12-1 -> -0.092173968 | U12: =P12/O12-1 -> 0.2018129 | V12: =P12/N12-1 -> 0.091037037 | W12: ='Base votos'!U77/'Base votos'!R77 -> 0.3460143 | X12: ='Base votos'!U110/'Base votos'!R110 -> 0.34523254 | Y12: ='Base votos'!U143/'Base votos'!R143 -> 0.50980765 | Z12: =(X12-W12)*100 -> -0.07817565 | AA12: =(Y12-X12)*100 -> 16.457511 | AB12: =(Y12-W12)*100 -> 16.379335 | AC12: ='Base votos'!V77/'Base votos'!R77 -> 0.31518897 | AD12: ='Base votos'!V110/'Base votos'!R110 -> 0.49500865 | AE12: ='Base votos'!V143/'Base votos'!R143 -> 0.37537393 | AF12: =(AD12-AC12)*100 -> 17.981968 | AG12: =(AE12-AD12)*100 -> -11.963471 | AH12: =(AE12-AC12)*100 -> 6.0184965 | AI12: ='Base votos'!W77/'Base votos'!R77 -> 0.2436254 | AJ12: ='Base votos'!W110/'Base votos'!R110 -> 0.084723271 | AK12: ='Base votos'!W143/'Base votos'!R143 -> 0.085339185 | AL12: =(AJ12-AI12)*100 -> -15.890213 | AM12: =(AK12-AJ12)*100 -> 0.061591406 | AN12: =(AK12-AI12)*100 -> -15.828622 | AO12: =(MAX('Base votos'!U77:W77)-LARGE('Base votos'!U77:W77,2))/'Base votos'!R77*100 -> 3.0825329 | AP12: =(MAX('Base votos'!U110:W110)-LARGE('Base votos'!U110:W110,2))/'Base votos'!R110*100 -> 14.97761 | AQ12: =(MAX('Base votos'!U143:W143)-LARGE('Base votos'!U143:W143,2))/'Base votos'!R143*100 -> 13.443371 | AR12: =(AP12-AO12) -> 11.895078 | AS12: =(AQ12-AP12) -> -1.534239 | AT12: =(AQ12-AO12) -> 10.360839 | AU12: Morena y aliados | AV12: PAN y aliados | AW12: Morena y aliados | AX12: Morena y aliados → PAN y aliados | AY12: PAN y aliados → Morena y aliados | AZ12: Se mantiene: Morena y aliados
A13: Ciudad de México | B13: ='Base votos'!R78/'Base votos'!S78 -> 0.70352642 | C13: ='Base votos'!R111/'Base votos'!S111 -> 0.52255741 | D13: ='Base votos'!R144/'Base votos'!S144 -> 0.69760793 | E13: =(C13-B13)*100 -> -18.0969 | F13: =(D13-C13)*100 -> 17.505052 | G13: =(D13-B13)*100 -> -0.5918488 | H13: ='Base votos'!Q78/'Base votos'!R78 -> 0.035564959 | I13: ='Base votos'!Q111/'Base votos'!R111 -> 0.029631842 | J13: ='Base votos'!Q144/'Base votos'!R144 -> 0.023068277 | K13: =(I13-H13)*100 -> -0.59331173 | L13: =(J13-I13)*100 -> -0.65635644 | M13: =(J13-H13)*100 -> -1.2496682 | N13: ='Base votos'!R78 -> 5365281 | O13: ='Base votos'!R111 -> 4061543 | P13: ='Base votos'!R144 -> 5524383 | Q13: =O13-N13 -> -1303738 | R13: =P13-O13 -> 1462840 | S13: =P13-N13 -> 159102 | T13: =O13/N13-1 -> -0.24299529 | U13: =P13/O13-1 -> 0.36016854 | V13: =P13/N13-1 -> 0.029653992 | W13: ='Base votos'!U78/'Base votos'!R78 -> 0.50867513 | X13: ='Base votos'!U111/'Base votos'!R111 -> 0.43114206 | Y13: ='Base votos'!U144/'Base votos'!R144 -> 0.51415353 | Z13: =(X13-W13)*100 -> -7.7533072 | AA13: =(Y13-X13)*100 -> 8.301147 | AB13: =(Y13-W13)*100 -> 0.54783982 | AC13: ='Base votos'!V78/'Base votos'!R78 -> 0.29647077 | AD13: ='Base votos'!V111/'Base votos'!R111 -> 0.45374824 | AE13: ='Base votos'!V144/'Base votos'!R144 -> 0.37583582 | AF13: =(AD13-AC13)*100 -> 15.727747 | AG13: =(AE13-AD13)*100 -> -7.7912426 | AH13: =(AE13-AC13)*100 -> 7.9365045 | AI13: ='Base votos'!W78/'Base votos'!R78 -> 0.15840866 | AJ13: ='Base votos'!W111/'Base votos'!R111 -> 0.03610352 | AK13: ='Base votos'!W144/'Base votos'!R144 -> 0.085756907 | AL13: =(AJ13-AI13)*100 -> -12.230514 | AM13: =(AK13-AJ13)*100 -> 4.9653387 | AN13: =(AK13-AI13)*100 -> -7.2651758 | AO13: =(MAX('Base votos'!U78:W78)-LARGE('Base votos'!U78:W78,2))/'Base votos'!R78*100 -> 21.220436 | AP13: =(MAX('Base votos'!U111:W111)-LARGE('Base votos'!U111:W111,2))/'Base votos'!R111*100 -> 2.2606187 | AQ13: =(MAX('Base votos'!U144:W144)-LARGE('Base votos'!U144:W144,2))/'Base votos'!R144*100 -> 13.831771 | AR13: =(AP13-AO13) -> -18.959817 | AS13: =(AQ13-AP13) -> 11.571152 | AT13: =(AQ13-AO13) -> -7.3886647 | AU13: Morena y aliados | AV13: PAN y aliados | AW13: Morena y aliados | AX13: Morena y aliados → PAN y aliados | AY13: PAN y aliados → Morena y aliados | AZ13: Se mantiene: Morena y aliados
A14: Durango | B14: ='Base votos'!R79/'Base votos'!S79 -> 0.57214426 | C14: ='Base votos'!R112/'Base votos'!S112 -> 0.43063848 | D14: ='Base votos'!R145/'Base votos'!S145 -> 0.55139459 | E14: =(C14-B14)*100 -> -14.150578 | F14: =(D14-C14)*100 -> 12.07561 | G14: =(D14-B14)*100 -> -2.0749677 | H14: ='Base votos'!Q79/'Base votos'!R79 -> 0.034413196 | I14: ='Base votos'!Q112/'Base votos'!R112 -> 0.026754431 | J14: ='Base votos'!Q145/'Base votos'!R145 -> 0.027487578 | K14: =(I14-H14)*100 -> -0.7658765 | L14: =(J14-I14)*100 -> 0.073314744 | M14: =(J14-H14)*100 -> -0.69256175 | N14: ='Base votos'!R79 -> 732161 | O14: ='Base votos'!R112 -> 573961 | P14: ='Base votos'!R145 -> 770639 | Q14: =O14-N14 -> -158200 | R14: =P14-O14 -> 196678 | S14: =P14-N14 -> 38478 | T14: =O14/N14-1 -> -0.21607269 | U14: =P14/O14-1 -> 0.34266788 | V14: =P14/N14-1 -> 0.052554015 | W14: ='Base votos'!U79/'Base votos'!R79 -> 0.38040813 | X14: ='Base votos'!U112/'Base votos'!R112 -> 0.41520068 | Y14: ='Base votos'!U145/'Base votos'!R145 -> 0.51047118 | Z14: =(X14-W14)*100 -> 3.479255 | AA14: =(Y14-X14)*100 -> 9.5270496 | AB14: =(Y14-W14)*100 -> 13.006305 | AC14: ='Base votos'!V79/'Base votos'!R79 -> 0.29501845 | AD14: ='Base votos'!V112/'Base votos'!R112 -> 0.436453 | AE14: ='Base votos'!V145/'Base votos'!R145 -> 0.39229652 | AF14: =(AD14-AC14)*100 -> 14.143455 | AG14: =(AE14-AD14)*100 -> -4.4156477 | AH14: =(AE14-AC14)*100 -> 9.7278077 | AI14: ='Base votos'!W79/'Base votos'!R79 -> 0.28972863 | AJ14: ='Base votos'!W112/'Base votos'!R112 -> 0.051331014 | AK14: ='Base votos'!W145/'Base votos'!R145 -> 0.069226966 | AL14: =(AJ14-AI14)*100 -> -23.839761 | AM14: =(AK14-AJ14)*100 -> 1.7895952 | AN14: =(AK14-AI14)*100 -> -22.050166 | AO14: =(MAX('Base votos'!U79:W79)-LARGE('Base votos'!U79:W79,2))/'Base votos'!R79*100 -> 8.5389689 | AP14: =(MAX('Base votos'!U112:W112)-LARGE('Base votos'!U112:W112,2))/'Base votos'!R112*100 -> 2.1252315 | AQ14: =(MAX('Base votos'!U145:W145)-LARGE('Base votos'!U145:W145,2))/'Base votos'!R145*100 -> 11.817466 | AR14: =(AP14-AO14) -> -6.4137374 | AS14: =(AQ14-AP14) -> 9.6922343 | AT14: =(AQ14-AO14) -> 3.2784969 | AU14: Morena y aliados | AV14: PAN y aliados | AW14: Morena y aliados | AX14: Morena y aliados → PAN y aliados | AY14: PAN y aliados → Morena y aliados | AZ14: Se mantiene: Morena y aliados
A15: Guanajuato | B15: ='Base votos'!R80/'Base votos'!S80 -> 0.52920821 | C15: ='Base votos'!R113/'Base votos'!S113 -> 0.44216398 | D15: ='Base votos'!R146/'Base votos'!S146 -> 0.56396099 | E15: =(C15-B15)*100 -> -8.7044234 | F15: =(D15-C15)*100 -> 12.179702 | G15: =(D15-B15)*100 -> 3.4752781 | H15: ='Base votos'!Q80/'Base votos'!R80 -> 0.043392354 | I15: ='Base votos'!Q113/'Base votos'!R113 -> 0.029250805 | J15: ='Base votos'!Q146/'Base votos'!R146 -> 0.026695372 | K15: =(I15-H15)*100 -> -1.4141548 | L15: =(J15-I15)*100 -> -0.25554329 | M15: =(J15-H15)*100 -> -1.6696981 | N15: ='Base votos'!R80 -> 2306835 | O15: ='Base votos'!R113 -> 2026816 | P15: ='Base votos'!R146 -> 2724667 | Q15: =O15-N15 -> -280019 | R15: =P15-O15 -> 697851 | S15: =P15-N15 -> 417832 | T15: =O15/N15-1 -> -0.12138666 | U15: =P15/O15-1 -> 0.344309 | V15: =P15/N15-1 -> 0.18112782 | W15: ='Base votos'!U80/'Base votos'!R80 -> 0.24870309 | X15: ='Base votos'!U113/'Base votos'!R113 -> 0.31305851 | Y15: ='Base votos'!U146/'Base votos'!R146 -> 0.43582794 | Z15: =(X15-W15)*100 -> 6.4355418 | AA15: =(Y15-X15)*100 -> 12.276943 | AB15: =(Y15-W15)*100 -> 18.712484 | AC15: ='Base votos'!V80/'Base votos'!R80 -> 0.44231512 | AD15: ='Base votos'!V113/'Base votos'!R113 -> 0.56312561 | AE15: ='Base votos'!V146/'Base votos'!R146 -> 0.45999456 | AF15: =(AD15-AC15)*100 -> 12.081049 | AG15: =(AE15-AD15)*100 -> -10.313105 | AH15: =(AE15-AC15)*100 -> 1.7679441 | AI15: ='Base votos'!W80/'Base votos'!R80 -> 0.25690437 | AJ15: ='Base votos'!W113/'Base votos'!R113 -> 0.043463738 | AK15: ='Base votos'!W146/'Base votos'!R146 -> 0.076804982 | AL15: =(AJ15-AI15)*100 -> -21.344064 | AM15: =(AK15-AJ15)*100 -> 3.3341244 | AN15: =(AK15-AI15)*100 -> -18.009939 | AO15: =(MAX('Base votos'!U80:W80)-LARGE('Base votos'!U80:W80,2))/'Base votos'!R80*100 -> 18.541075 | AP15: =(MAX('Base votos'!U113:W113)-LARGE('Base votos'!U113:W113,2))/'Base votos'!R113*100 -> 25.00671 | AQ15: =(MAX('Base votos'!U146:W146)-LARGE('Base votos'!U146:W146,2))/'Base votos'!R146*100 -> 2.4166623 | AR15: =(AP15-AO15) -> 6.4656354 | AS15: =(AQ15-AP15) -> -22.590048 | AT15: =(AQ15-AO15) -> -16.124412 | AU15: PAN y aliados | AV15: PAN y aliados | AW15: PAN y aliados | AX15: Se mantiene: PAN y aliados | AY15: Se mantiene: PAN y aliados | AZ15: Se mantiene: PAN y aliados
A16: Guerrero | B16: ='Base votos'!R81/'Base votos'!S81 -> 0.64108288 | C16: ='Base votos'!R114/'Base votos'!S114 -> 0.57832472 | D16: ='Base votos'!R147/'Base votos'!S147 -> 0.58086488 | E16: =(C16-B16)*100 -> -6.2758167 | F16: =(D16-C16)*100 -> 0.25401609 | G16: =(D16-B16)*100 -> -6.0218006 | H16: ='Base votos'!Q81/'Base votos'!R81 -> 0.051795092 | I16: ='Base votos'!Q114/'Base votos'!R114 -> 0.036760137 | J16: ='Base votos'!Q147/'Base votos'!R147 -> 0.050319413 | K16: =(I16-H16)*100 -> -1.5034955 | L16: =(J16-I16)*100 -> 1.3559276 | M16: =(J16-H16)*100 -> -0.14756788 | N16: ='Base votos'!R81 -> 1605210 | O16: ='Base votos'!R114 -> 1482285 | P16: ='Base votos'!R147 -> 1535471 | Q16: =O16-N16 -> -122925 | R16: =P16-O16 -> 53186 | S16: =P16-N16 -> -69739 | T16: =O16/N16-1 -> -0.076578765 | U16: =P16/O16-1 -> 0.035881089 | V16: =P16/N16-1 -> -0.043445406 | W16: ='Base votos'!U81/'Base votos'!R81 -> 0.48481881 | X16: ='Base votos'!U114/'Base votos'!R114 -> 0.47214739 | Y16: ='Base votos'!U147/'Base votos'!R147 -> 0.65124968 | Z16: =(X16-W16)*100 -> -1.2671415 | AA16: =(Y16-X16)*100 -> 17.910229 | AB16: =(Y16-W16)*100 -> 16.643087 | AC16: ='Base votos'!V81/'Base votos'!R81 -> 0.21230057 | AD16: ='Base votos'!V114/'Base votos'!R114 -> 0.41467869 | AE16: ='Base votos'!V147/'Base votos'!R147 -> 0.22146169 | AF16: =(AD16-AC16)*100 -> 20.237812 | AG16: =(AE16-AD16)*100 -> -19.3217 | AH16: =(AE16-AC16)*100 -> 0.9161117 | AI16: ='Base votos'!W81/'Base votos'!R81 -> 0.24459043 | AJ16: ='Base votos'!W114/'Base votos'!R114 -> 0.029134073 | AK16: ='Base votos'!W147/'Base votos'!R147 -> 0.075796287 | AL16: =(AJ16-AI16)*100 -> -21.545635 | AM16: =(AK16-AJ16)*100 -> 4.6662213 | AN16: =(AK16-AI16)*100 -> -16.879414 | AO16: =(MAX('Base votos'!U81:W81)-LARGE('Base votos'!U81:W81,2))/'Base votos'!R81*100 -> 24.022838 | AP16: =(MAX('Base votos'!U114:W114)-LARGE('Base votos'!U114:W114,2))/'Base votos'!R114*100 -> 5.7468705 | AQ16: =(MAX('Base votos'!U147:W147)-LARGE('Base votos'!U147:W147,2))/'Base votos'!R147*100 -> 42.978799 | AR16: =(AP16-AO16) -> -18.275968 | AS16: =(AQ16-AP16) -> 37.231929 | AT16: =(AQ16-AO16) -> 18.955961 | AU16: Morena y aliados | AV16: Morena y aliados | AW16: Morena y aliados | AX16: Se mantiene: Morena y aliados | AY16: Se mantiene: Morena y aliados | AZ16: Se mantiene: Morena y aliados
... A37: Nacional | B37: ='Base votos'!R102/'Base votos'!S102 -> 0.6329519 | C37: ='Base votos'!R135/'Base votos'!S135 -> 0.52664703 | D37: ='Base votos'!R168/'Base votos'!S168 -> 0.60547674 | E37: =(C37-B37)*100 -> -10.630487 | F37: =(D37-C37)*100 -> 7.8829715 | G37: =(D37-B37)*100 -> -2.7475158 | H37: ='Base votos'!Q102/'Base votos'!R102 -> 0.039833129 | I37: ='Base votos'!Q135/'Base votos'!R135 -> 0.034044294 | J37: ='Base votos'!Q168/'Base votos'!R168 -> 0.036825274 | K37: =(I37-H37)*100 -> -0.57888347 | L37: =(J37-I37)*100 -> 0.27809801 | M37: =(J37-H37)*100 -> -0.30078546 | N37: ='Base votos'!R102 -> 56300247 | O37: ='Base votos'!R135 -> 49151320 | P37: ='Base votos'!R168 -> 59466468 | Q37: =O37-N37 -> -7148927 | R37: =P37-O37 -> 10315148 | S37: =P37-N37 -> 3166221 | T37: =O37/N37-1 -> -0.12697861 | U37: =P37/O37-1 -> 0.20986513 | V37: =P37/N37-1 -> 0.056238137 | W37: ='Base votos'!U102/'Base votos'!R102 -> 0.43584652 | X37: ='Base votos'!U135/'Base votos'!R135 -> 0.42777573 | Y37: ='Base votos'!U168/'Base votos'!R168 -> 0.54711544 | Z37: =(X37-W37)*100 -> -0.80707906 | AA37: =(Y37-X37)*100 -> 11.933971 | AB37: =(Y37-W37)*100 -> 11.126892 | AC37: ='Base votos'!V102/'Base votos'!R102 -> 0.27619337 | AD37: ='Base votos'!V135/'Base votos'!R135 -> 0.39628411 | AE37: ='Base votos'!V168/'Base votos'!R168 -> 0.30475714 | AF37: =(AD37-AC37)*100 -> 12.009074 | AG37: =(AE37-AD37)*100 -> -9.1526963 | AH37: =(AE37-AC37)*100 -> 2.8563774 | AI37: ='Base votos'!W102/'Base votos'!R102 -> 0.23796173 | AJ37: ='Base votos'!W135/'Base votos'!R135 -> 0.070191035 | AK37: ='Base votos'!W168/'Base votos'!R168 -> 0.10926164 | AL37: =(AJ37-AI37)*100 -> -16.777069 | AM37: =(AK37-AJ37)*100 -> 3.9070609 | AN37: =(AK37-AI37)*100 -> -12.870008 | AO37: =(MAX('Base votos'!U102:W102)-LARGE('Base votos'!U102:W102,2))/'Base votos'!R102*100 -> 15.965315 | AP37: =(MAX('Base votos'!U135:W135)-LARGE('Base votos'!U135:W135,2))/'Base votos'!R135*100 -> 3.1491626 | AQ37: =(MAX('Base votos'!U168:W168)-LARGE('Base votos'!U168:W168,2))/'Base votos'!R168*100 -> 24.23583 | AR37: =(AP37-AO37) -> -12.816153 | AS37: =(AQ37-AP37) -> 21.086667 | AT37: =(AQ37-AO37) -> 8.2705145 | AU37: Morena y aliados | AV37: Morena y aliados | AW37: Morena y aliados | AX37: Se mantiene: Morena y aliados | AY37: Se mantiene: Morena y aliados | AZ37: Se mantiene: Morena y aliados

Sheet Senadurías - Partidos
A1: Senadurías: voto por partido y cambio por estado (2018 – 2024)
A2: % sobre el total de votos emitidos. El voto de coalición se reparte entre sus partidos (ver Metodología). Las columnas Δ están en puntos porcentuales: verde = sube, rojo = baja.
B3: Morena | E3: PT | H3: PVEM | K3: PAN | N3: PRI | Q3: PRD | T3: MC | W3: Morena + PT | Z3: PAN + PRI + PRD
A4: Estado | B4: 2018 | C4: 2024 | D4: Δ 2024 vs 2018 (pts) | E4: 2018 | F4: 2024 | G4: Δ 2024 vs 2018 (pts) | H4: 2018 | I4: 2024 | J4: Δ 2024 vs 2018 (pts) | K4: 2018 | L4: 2024 | M4: Δ 2024 vs 2018 (pts) | N4: 2018 | O4: 2024 | P4: Δ 2024 vs 2018 (pts) | Q4: 2018 | R4: 2024 | S4: Δ 2024 vs 2018 (pts) | T4: 2018 | U4: 2024 | V4: Δ 2024 vs 2018 (pts) | W4: 2018 | X4: 2024 | Y4: Δ 2024 vs 2018 (pts) | Z4: 2018 | AA4: 2024 | AB4: Δ 2024 vs 2018 (pts)
A5: Aguascalientes | B5: =('Base votos'!D169)/'Base votos'!R169 -> 0.23957334 | C5: =('Base votos'!D202)/'Base votos'!R202 -> 0.30779615 | D5: =(C5-B5)*100 -> 6.8222806 | E5: =('Base votos'!E169)/'Base votos'!R169 -> 0.02691659 | F5: =('Base votos'!E202)/'Base votos'!R202 -> 0.026708022 | G5: =(F5-E5)*100 -> -0.020856812 | H5: =('Base votos'!F169)/'Base votos'!R169 -> 0.033036914 | I5: =('Base votos'!F202)/'Base votos'!R202 -> 0.036869321 | J5: =(I5-H5)*100 -> 0.38324063 | K5: =('Base votos'!H169)/'Base votos'!R169 -> 0.31854924 | L5: =('Base votos'!H202)/'Base votos'!R202 -> 0.43458062 | M5: =(L5-K5)*100 -> 11.603139 | N5: =('Base votos'!I169)/'Base votos'!R169 -> 0.25823026 | O5: =('Base votos'!I202)/'Base votos'!R202 -> 0.074652135 | P5: =(O5-N5)*100 -> -18.357812 | Q5: =('Base votos'!J169)/'Base votos'!R169 -> 0.020084932 | R5: =('Base votos'!J202)/'Base votos'!R202 -> 0.025705738 | S5: =(R5-Q5)*100 -> 0.56208055 | T5: =('Base votos'!K169)/'Base votos'!R169 -> 0.018528555 | U5: =('Base votos'!K202)/'Base votos'!R202 -> 0.067249376 | V5: =(U5-T5)*100 -> 4.8720821 | W5: =('Base votos'!D169+'Base votos'!E169)/'Base votos'!R169 -> 0.26648993 | X5: =('Base votos'!D202+'Base votos'!E202)/'Base votos'!R202 -> 0.33450417 | Y5: =(X5-W5)*100 -> 6.8014238 | Z5: =('Base votos'!H169+'Base votos'!I169+'Base votos'!J169)/'Base votos'!R169 -> 0.59686443 | AA5: =('Base votos'!H202+'Base votos'!I202+'Base votos'!J202)/'Base votos'!R202 -> 0.53493849 | AB5: =(AA5-Z5)*100 -> -6.1925932
A6: Baja California | B6: =('Base votos'!D170)/'Base votos'!R170 -> 0.49848545 | C6: =('Base votos'!D203)/'Base votos'!R203 -> 0.50363565 | D6: =(C6-B6)*100 -> 0.51502016 | E6: =('Base votos'!E170)/'Base votos'!R170 -> 0.047469674 | F6: =('Base votos'!E203)/'Base votos'!R203 -> 0.049748133 | G6: =(F6-E6)*100 -> 0.22784586 | H6: =('Base votos'!F170)/'Base votos'!R170 -> 0.03099818 | I6: =('Base votos'!F203)/'Base votos'!R203 -> 0.10324651 | J6: =(I6-H6)*100 -> 7.2248327 | K6: =('Base votos'!H170)/'Base votos'!R170 -> 0.19334013 | L6: =('Base votos'!H203)/'Base votos'!R203 -> 0.15064769 | M6: =(L6-K6)*100 -> -4.2692439 | N6: =('Base votos'!I170)/'Base votos'!R170 -> 0.10337952 | O6: =('Base votos'!I203)/'Base votos'!R203 -> 0.043716422 | P6: =(O6-N6)*100 -> -5.96631 | Q6: =('Base votos'!J170)/'Base votos'!R170 -> 0.016297457 | R6: =('Base votos'!J203)/'Base votos'!R203 -> 0.010825111 | S6: =(R6-Q6)*100 -> -0.5472346 | T6: =('Base votos'!K170)/'Base votos'!R170 -> 0.026581609 | U6: =('Base votos'!K203)/'Base votos'!R203 -> 0.082940517 | V6: =(U6-T6)*100 -> 5.6358908 | W6: =('Base votos'!D170+'Base votos'!E170)/'Base votos'!R170 -> 0.54595513 | X6: =('Base votos'!D203+'Base votos'!E203)/'Base votos'!R203 -> 0.55338379 | Y6: =(X6-W6)*100 -> 0.74286602 | Z6: =('Base votos'!H170+'Base votos'!I170+'Base votos'!J170)/'Base votos'!R170 -> 0.31301711 | AA6: =('Base votos'!H203+'Base votos'!I203+'Base votos'!J203)/'Base votos'!R203 -> 0.20518922 | AB6: =(AA6-Z6)*100 -> -10.782789
A7: Baja California Sur | B7: =('Base votos'!D171)/'Base votos'!R171 -> 0.40420817 | C7: =('Base votos'!D204)/'Base votos'!R204 -> 0.41503946 | D7: =(C7-B7)*100 -> 1.0831288 | E7: =('Base votos'!E171)/'Base votos'!R171 -> 0.065684694 | F7: =('Base votos'!E204)/'Base votos'!R204 -> 0.068860667 | G7: =(F7-E7)*100 -> 0.31759737 | H7: =('Base votos'!F171)/'Base votos'!R171 -> 0.036584924 | I7: =('Base votos'!F204)/'Base votos'!R204 -> 0.053710264 | J7: =(I7-H7)*100 -> 1.712534 | K7: =('Base votos'!H171)/'Base votos'!R171 -> 0.25480187 | L7: =('Base votos'!H204)/'Base votos'!R204 -> 0.28393359 | M7: =(L7-K7)*100 -> 2.9131713 | N7: =('Base votos'!I171)/'Base votos'!R171 -> 0.080664893 | O7: =('Base votos'!I204)/'Base votos'!R204 -> 0.04655183 | P7: =(O7-N7)*100 -> -3.4113062 | Q7: =('Base votos'!J171)/'Base votos'!R171 -> 0.011613529 | R7: =('Base votos'!J204)/'Base votos'!R204 -> 0.014566341 | S7: =(R7-Q7)*100 -> 0.29528123 | T7: =('Base votos'!K171)/'Base votos'!R171 -> 0.01559352 | U7: =('Base votos'!K204)/'Base votos'!R204 -> 0.083975851 | V7: =(U7-T7)*100 -> 6.8382331 | W7: =('Base votos'!D171+'Base votos'!E171)/'Base votos'!R171 -> 0.46989287 | X7: =('Base votos'!D204+'Base votos'!E204)/'Base votos'!R204 -> 0.48390013 | Y7: =(X7-W7)*100 -> 1.4007262 | Z7: =('Base votos'!H171+'Base votos'!I171+'Base votos'!J171)/'Base votos'!R171 -> 0.3470803 | AA7: =('Base votos'!H204+'Base votos'!I204+'Base votos'!J204)/'Base votos'!R204 -> 0.34505176 | AB7: =(AA7-Z7)*100 -> -0.20285371
A8: Campeche | B8: =('Base votos'!D172)/'Base votos'!R172 -> 0.39884344 | C8: =('Base votos'!D205)/'Base votos'!R205 -> 0.40599864 | D8: =(C8-B8)*100 -> 0.71551936 | E8: =('Base votos'!E172)/'Base votos'!R172 -> 0.040162627 | F8: =('Base votos'!E205)/'Base votos'!R205 -> 0.041933215 | G8: =(F8-E8)*100 -> 0.1770588 | H8: =('Base votos'!F172)/'Base votos'!R172 -> 0.024786192 | I8: =('Base votos'!F205)/'Base votos'!R205 -> 0.03825424 | J8: =(I8-H8)*100 -> 1.3468048 | K8: =('Base votos'!H172)/'Base votos'!R172 -> 0.15666238 | L8: =('Base votos'!H205)/'Base votos'!R205 -> 0.0450974 | M8: =(L8-K8)*100 -> -11.156498 | N8: =('Base votos'!I172)/'Base votos'!R172 -> 0.2573315 | O8: =('Base votos'!I205)/'Base votos'!R205 -> 0.094606019 | P8: =(O8-N8)*100 -> -16.272548 | Q8: =('Base votos'!J172)/'Base votos'!R172 -> 0.021431737 | R8: =('Base votos'!J205)/'Base votos'!R205 -> 0.0063882805 | S8: =(R8-Q8)*100 -> -1.5043456 | T8: =('Base votos'!K172)/'Base votos'!R172 -> 0.020441352 | U8: =('Base votos'!K205)/'Base votos'!R205 -> 0.3383481 | V8: =(U8-T8)*100 -> 31.790675 | W8: =('Base votos'!D172+'Base votos'!E172)/'Base votos'!R172 -> 0.43900607 | X8: =('Base votos'!D205+'Base votos'!E205)/'Base votos'!R205 -> 0.44793185 | Y8: =(X8-W8)*100 -> 0.89257816 | Z8: =('Base votos'!H172+'Base votos'!I172+'Base votos'!J172)/'Base votos'!R172 -> 0.43542562 | AA8: =('Base votos'!H205+'Base votos'!I205+'Base votos'!J205)/'Base votos'!R205 -> 0.1460917 | AB8: =(AA8-Z8)*100 -> -28.933392
A9: Coahuila | B9: =('Base votos'!D173)/'Base votos'!R173 -> 0.32239393 | C9: =('Base votos'!D206)/'Base votos'!R206 -> 0.39022484 | D9: =(C9-B9)*100 -> 6.7830912 | E9: =('Base votos'!E173)/'Base votos'!R173 -> 0.027296263 | F9: =('Base votos'!E206)/'Base votos'!R206 -> 0.040732019 | G9: =(F9-E9)*100 -> 1.3435756 | H9: =('Base votos'!F173)/'Base votos'!R173 -> 0.021983768 | I9: =('Base votos'!F206)/'Base votos'!R206 -> 0.044986494 | J9: =(I9-H9)*100 -> 2.3002726 | K9: =('Base votos'!H173)/'Base votos'!R173 -> 0.25239553 | L9: =('Base votos'!H206)/'Base votos'!R206 -> 0.058420486 | M9: =(L9-K9)*100 -> -19.397505 | N9: =('Base votos'!I173)/'Base votos'!R173 -> 0.28669949 | O9: =('Base votos'!I206)/'Base votos'!R206 -> 0.38532373 | P9: =(O9-N9)*100 -> 9.862424 | Q9: =('Base votos'!J173)/'Base votos'!R173 -> 0.014770265 | R9: =('Base votos'!J206)/'Base votos'!R206 -> 0.017212459 | S9: =(R9-Q9)*100 -> 0.24421947 | T9: =('Base votos'!K173)/'Base votos'!R173 -> 0.020708915 | U9: =('Base votos'!K206)/'Base votos'!R206 -> 0.040549424 | V9: =(U9-T9)*100 -> 1.9840509 | W9: =('Base votos'!D173+'Base votos'!E173)/'Base votos'!R173 -> 0.3496902 | X9: =('Base votos'!D206+'Base votos'!E206)/'Base votos'!R206 -> 0.43095686 | Y9: =(X9-W9)*100 -> 8.1266668 | Z9: =('Base votos'!H173+'Base votos'!I173+'Base votos'!J173)/'Base votos'!R173 -> 0.55386529 | AA9: =('Base votos'!H206+'Base votos'!I206+'Base votos'!J206)/'Base votos'!R206 -> 0.46095667 | AB9: =(AA9-Z9)*100 -> -9.2908611
A10: Colima | B10: =('Base votos'!D174)/'Base votos'!R174 -> 0.3702918 | C10: =('Base votos'!D207)/'Base votos'!R207 -> 0.34973872 | D10: =(C10-B10)*100 -> -2.0553082 | E10: =('Base votos'!E174)/'Base votos'!R174 -> 0.050810557 | F10: =('Base votos'!E207)/'Base votos'!R207 -> 0.036339752 | G10: =(F10-E10)*100 -> -1.4470805 | H10: =('Base votos'!F174)/'Base votos'!R174 -> 0.06006191 | I10: =('Base votos'!F207)/'Base votos'!R207 -> 0.071342784 | J10: =(I10-H10)*100 -> 1.1280873 | K10: =('Base votos'!H174)/'Base votos'!R174 -> 0.14793363 | L10: =('Base votos'!H207)/'Base votos'!R207 -> 0.14891013 | M10: =(L10-K10)*100 -> 0.097649533 | N10: =('Base votos'!I174)/'Base votos'!R174 -> 0.20035503 | O10: =('Base votos'!I207)/'Base votos'!R207 -> 0.15561683 | P10: =(O10-N10)*100 -> -4.4738205 | Q10: =('Base votos'!J174)/'Base votos'!R174 -> 0.014873172 | R10: =('Base votos'!J207)/'Base votos'!R207 -> 0.022452868 | S10: =(R10-Q10)*100 -> 0.75796967 | T10: =('Base votos'!K174)/'Base votos'!R174 -> 0.069703505 | U10: =('Base votos'!K207)/'Base votos'!R207 -> 0.18449635 | V10: =(U10-T10)*100 -> 11.479284 | W10: =('Base votos'!D174+'Base votos'!E174)/'Base votos'!R174 -> 0.42110236 | X10: =('Base votos'!D207+'Base votos'!E207)/'Base votos'!R207 -> 0.38607847 | Y10: =(X10-W10)*100 -> -3.5023887 | Z10: =('Base votos'!H174+'Base votos'!I174+'Base votos'!J174)/'Base votos'!R174 -> 0.36316183 | AA10: =('Base votos'!H207+'Base votos'!I207+'Base votos'!J207)/'Base votos'!R207 -> 0.32697982 | AB10: =(AA10-Z10)*100 -> -3.6182013
A11: Chiapas | B11: =('Base votos'!D175)/'Base votos'!R175 -> 0.41286084 | C11: =('Base votos'!D208)/'Base votos'!R208 -> 0.38306937 | D11: =(C11-B11)*100 -> -2.9791471 | E11: =('Base votos'!E175)/'Base votos'!R175 -> 0.047372715 | F11: =('Base votos'!E208)/'Base votos'!R208 -> 0.10540916 | G11: =(F11-E11)*100 -> 5.8036446 | H11: =('Base votos'!F175)/'Base votos'!R175 -> 0.14352779 | I11: =('Base votos'!F208)/'Base votos'!R208 -> 0.21305611 | J11: =(I11-H11)*100 -> 6.9528321 | K11: =('Base votos'!H175)/'Base votos'!R175 -> 0.03708315 | L11: =('Base votos'!H208)/'Base votos'!R208 -> 0.050182399 | M11: =(L11-K11)*100 -> 1.3099249 | N11: =('Base votos'!I175)/'Base votos'!R175 -> 0.12431643 | O11: =('Base votos'!I208)/'Base votos'!R208 -> 0.095993639 | P11: =(O11-N11)*100 -> -2.8322787 | Q11: =('Base votos'!J175)/'Base votos'!R175 -> 0.034013445 | R11: =('Base votos'!J208)/'Base votos'!R208 -> 0.015992372 | S11: =(R11-Q11)*100 -> -1.8021073 | T11: =('Base votos'!K175)/'Base votos'!R175 -> 0.028334241 | U11: =('Base votos'!K208)/'Base votos'!R208 -> 0.05670115 | V11: =(U11-T11)*100 -> 2.8366909 | W11: =('Base votos'!D175+'Base votos'!E175)/'Base votos'!R175 -> 0.46023355 | X11: =('Base votos'!D208+'Base votos'!E208)/'Base votos'!R208 -> 0.48847853 | Y11: =(X11-W11)*100 -> 2.8244976 | Z11: =('Base votos'!H175+'Base votos'!I175+'Base votos'!J175)/'Base votos'!R175 -> 0.19541302 | AA11: =('Base votos'!H208+'Base votos'!I208+'Base votos'!J208)/'Base votos'!R208 -> 0.16216841 | AB11: =(AA11-Z11)*100 -> -3.3244611
A12: Chihuahua | B12: =('Base votos'!D176)/'Base votos'!R176 -> 0.30018691 | C12: =('Base votos'!D209)/'Base votos'!R209 -> 0.43247787 | D12: =(C12-B12)*100 -> 13.229096 | E12: =('Base votos'!E176)/'Base votos'!R176 -> 0.034946796 | F12: =('Base votos'!E209)/'Base votos'!R209 -> 0.043798945 | G12: =(F12-E12)*100 -> 0.88521485 | H12: =('Base votos'!F176)/'Base votos'!R176 -> 0.037903833 | I12: =('Base votos'!F209)/'Base votos'!R209 -> 0.051202028 | J12: =(I12-H12)*100 -> 1.3298196 | K12: =('Base votos'!H176)/'Base votos'!R176 -> 0.25495886 | L12: =('Base votos'!H209)/'Base votos'!R209 -> 0.25048032 | M12: =(L12-K12)*100 -> -0.44785314 | N12: =('Base votos'!I176)/'Base votos'!R176 -> 0.21854188 | O12: =('Base votos'!I209)/'Base votos'!R209 -> 0.098892213 | P12: =(O12-N12)*100 -> -11.964967 | Q12: =('Base votos'!J176)/'Base votos'!R176 -> 0.018544015 | R12: =('Base votos'!J209)/'Base votos'!R209 -> 0.015674401 | S12: =(R12-Q12)*100 -> -0.28696142 | T12: =('Base votos'!K176)/'Base votos'!R176 -> 0.027583888 | U12: =('Base votos'!K209)/'Base votos'!R209 -> 0.078179265 | V12: =(U12-T12)*100 -> 5.0595376 | W12: =('Base votos'!D176+'Base votos'!E176)/'Base votos'!R176 -> 0.3351337 | X12: =('Base votos'!D209+'Base votos'!E209)/'Base votos'!R209 -> 0.47627681 | Y12: =(X12-W12)*100 -> 14.114311 | Z12: =('Base votos'!H176+'Base votos'!I176+'Base votos'!J176)/'Base votos'!R176 -> 0.49204475 | AA12: =('Base votos'!H209+'Base votos'!I209+'Base votos'!J209)/'Base votos'!R209 -> 0.36504694 | AB12: =(AA12-Z12)*100 -> -12.699781
A13: Ciudad de México | B13: =('Base votos'!D177)/'Base votos'!R177 -> 0.45165704 | C13: =('Base votos'!D210)/'Base votos'!R210 -> 0.41014498 | D13: =(C13-B13)*100 -> -4.1512054 | E13: =('Base votos'!E177)/'Base votos'!R177 -> 0.032876607 | F13: =('Base votos'!E210)/'Base votos'!R210 -> 0.048442827 | G13: =(F13-E13)*100 -> 1.5566219 | H13: =('Base votos'!F177)/'Base votos'!R177 -> 0.045380799 | I13: =('Base votos'!F210)/'Base votos'!R210 -> 0.083623835 | J13: =(I13-H13)*100 -> 3.8243036 | K13: =('Base votos'!H177)/'Base votos'!R177 -> 0.16127742 | L13: =('Base votos'!H210)/'Base votos'!R210 -> 0.24625865 | M13: =(L13-K13)*100 -> 8.4981236 | N13: =('Base votos'!I177)/'Base votos'!R177 -> 0.096756911 | O13: =('Base votos'!I210)/'Base votos'!R210 -> 0.086881956 | P13: =(O13-N13)*100 -> -0.98749555 | Q13: =('Base votos'!J177)/'Base votos'!R177 -> 0.099858279 | R13: =('Base votos'!J210)/'Base votos'!R210 -> 0.029813241 | S13: =(R13-Q13)*100 -> -7.0045038 | T13: =('Base votos'!K177)/'Base votos'!R177 -> 0.027703964 | U13: =('Base votos'!K210)/'Base votos'!R210 -> 0.072082043 | V13: =(U13-T13)*100 -> 4.437808 | W13: =('Base votos'!D177+'Base votos'!E177)/'Base votos'!R177 -> 0.48453365 | X13: =('Base votos'!D210+'Base votos'!E210)/'Base votos'!R210 -> 0.45858781 | Y13: =(X13-W13)*100 -> -2.5945835 | Z13: =('Base votos'!H177+'Base votos'!I177+'Base votos'!J177)/'Base votos'!R177 -> 0.35789261 | AA13: =('Base votos'!H210+'Base votos'!I210+'Base votos'!J210)/'Base votos'!R210 -> 0.36295385 | AB13: =(AA13-Z13)*100 -> 0.50612423
A14: Durango | B14: =('Base votos'!D178)/'Base votos'!R178 -> 0.28596008 | C14: =('Base votos'!D211)/'Base votos'!R211 -> 0.39494067 | D14: =(C14-B14)*100 -> 10.89806 | E14: =('Base votos'!E178)/'Base votos'!R178 -> 0.081463098 | F14: =('Base votos'!E211)/'Base votos'!R211 -> 0.059228629 | G14: =(F14-E14)*100 -> -2.2234469 | H14: =('Base votos'!F178)/'Base votos'!R178 -> 0.036300652 | I14: =('Base votos'!F211)/'Base votos'!R211 -> 0.052250647 | J14: =(I14-H14)*100 -> 1.5949994 | K14: =('Base votos'!H178)/'Base votos'!R178 -> 0.2480176 | L14: =('Base votos'!H211)/'Base votos'!R211 -> 0.13662033 | M14: =(L14-K14)*100 -> -11.139727 | N14: =('Base votos'!I178)/'Base votos'!R178 -> 0.2137482 | O14: =('Base votos'!I211)/'Base votos'!R211 -> 0.24440038 | P14: =(O14-N14)*100 -> 3.0652189 | Q14: =('Base votos'!J178)/'Base votos'!R178 -> 0.018735821 | R14: =('Base votos'!J211)/'Base votos'!R211 -> 0.021987008 | S14: =(R14-Q14)*100 -> 0.32511878 | T14: =('Base votos'!K178)/'Base votos'!R178 -> 0.038175863 | U14: =('Base votos'!K211)/'Base votos'!R211 -> 0.06361703 | V14: =(U14-T14)*100 -> 2.5441167 | W14: =('Base votos'!D178+'Base votos'!E178)/'Base votos'!R178 -> 0.36742317 | X14: =('Base votos'!D211+'Base votos'!E211)/'Base votos'!R211 -> 0.4541693 | Y14: =(X14-W14)*100 -> 8.6746129 | Z14: =('Base votos'!H178+'Base votos'!I178+'Base votos'!J178)/'Base votos'!R178 -> 0.48050161 | AA14: =('Base votos'!H211+'Base votos'!I211+'Base votos'!J211)/'Base votos'!R211 -> 0.40300772 | AB14: =(AA14-Z14)*100 -> -7.7493892
A15: Guanajuato | B15: =('Base votos'!D179)/'Base votos'!R179 -> 0.21537724 | C15: =('Base votos'!D212)/'Base votos'!R212 -> 0.35272571 | D15: =(C15-B15)*100 -> 13.734847 | E15: =('Base votos'!E179)/'Base votos'!R179 -> 0.023818921 | F15: =('Base votos'!E212)/'Base votos'!R212 -> 0.025332262 | G15: =(F15-E15)*100 -> 0.15133408 | H15: =('Base votos'!F179)/'Base votos'!R179 -> 0.082121728 | I15: =('Base votos'!F212)/'Base votos'!R212 -> 0.054553155 | J15: =(I15-H15)*100 -> -2.7568573 | K15: =('Base votos'!H179)/'Base votos'!R179 -> 0.38168834 | L15: =('Base votos'!H212)/'Base votos'!R212 -> 0.3938546 | M15: =(L15-K15)*100 -> 1.2166268 | N15: =('Base votos'!I179)/'Base votos'!R179 -> 0.13933117 | O15: =('Base votos'!I212)/'Base votos'!R212 -> 0.059548356 | P15: =(O15-N15)*100 -> -7.978281 | Q15: =('Base votos'!J179)/'Base votos'!R179 -> 0.028791318 | R15: =('Base votos'!J212)/'Base votos'!R212 -> 0.0098217272 | S15: =(R15-Q15)*100 -> -1.8969591 | T15: =('Base votos'!K179)/'Base votos'!R179 -> 0.029127971 | U15: =('Base votos'!K212)/'Base votos'!R212 -> 0.071413823 | V15: =(U15-T15)*100 -> 4.2285852 | W15: =('Base votos'!D179+'Base votos'!E179)/'Base votos'!R179 -> 0.23919616 | X15: =('Base votos'!D212+'Base votos'!E212)/'Base votos'!R212 -> 0.37805798 | Y15: =(X15-W15)*100 -> 13.886181 | Z15: =('Base votos'!H179+'Base votos'!I179+'Base votos'!J179)/'Base votos'!R179 -> 0.54981082 | AA15: =('Base votos'!H212+'Base votos'!I212+'Base votos'!J212)/'Base votos'!R212 -> 0.46322469 | AB15: =(AA15-Z15)*100 -> -8.6586133
A16: Guerrero | B16: =('Base votos'!D180)/'Base votos'!R180 -> 0.40056158 | C16: =('Base votos'!D213)/'Base votos'!R213 -> 0.43558503 | D16: =(C16-B16)*100 -> 3.5023447 | E16: =('Base votos'!E180)/'Base votos'!R180 -> 0.058022599 | F16: =('Base votos'!E213)/'Base votos'!R213 -> 0.061945413 | G16: =(F16-E16)*100 -> 0.39228137 | H16: =('Base votos'!F180)/'Base votos'!R180 -> 0.041064526 | I16: =('Base votos'!F213)/'Base votos'!R213 -> 0.091556281 | J16: =(I16-H16)*100 -> 5.0491755 | K16: =('Base votos'!H180)/'Base votos'!R180 -> 0.047517116 | L16: =('Base votos'!H213)/'Base votos'!R213 -> 0.034880856 | M16: =(L16-K16)*100 -> -1.263626 | N16: =('Base votos'!I180)/'Base votos'!R180 -> 0.17372516 | O16: =('Base votos'!I213)/'Base votos'!R213 -> 0.11528638 | P16: =(O16-N16)*100 -> -5.8438778 | Q16: =('Base votos'!J180)/'Base votos'!R180 -> 0.13770433 | R16: =('Base votos'!J213)/'Base votos'!R213 -> 0.055204911 | S16: =(R16-Q16)*100 -> -8.2499419 | T16: =('Base votos'!K180)/'Base votos'!R180 -> 0.038605454 | U16: =('Base votos'!K213)/'Base votos'!R213 -> 0.12729171 | V16: =(U16-T16)*100 -> 8.8686259 | W16: =('Base votos'!D180+'Base votos'!E180)/'Base votos'!R180 -> 0.45858418 | X16: =('Base votos'!D213+'Base votos'!E213)/'Base votos'!R213 -> 0.49753044 | Y16: =(X16-W16)*100 -> 3.8946261 | Z16: =('Base votos'!H180+'Base votos'!I180+'Base votos'!J180)/'Base votos'!R180 -> 0.35894661 | AA16: =('Base votos'!H213+'Base votos'!I213+'Base votos'!J213)/'Base votos'!R213 -> 0.20537215 | AB16: =(AA16-Z16)*100 -> -15.357446
... A37: Nacional | B37: =('Base votos'!D201)/'Base votos'!R201 -> 0.37744192 | C37: =('Base votos'!D234)/'Base votos'!R234 -> 0.41006547 | D37: =(C37-B37)*100 -> 3.2623546 | E37: =('Base votos'!E201)/'Base votos'!R201 -> 0.037010546 | F37: =('Base votos'!E234)/'Base votos'!R234 -> 0.05238283 | G37: =(F37-E37)*100 -> 1.5372285 | H37: =('Base votos'!F201)/'Base votos'!R201 -> 0.044190588 | I37: =('Base votos'!F234)/'Base votos'!R234 -> 0.088477656 | J37: =(I37-H37)*100 -> 4.4287068 | K37: =('Base votos'!H201)/'Base votos'!R201 -> 0.17699279 | L37: =('Base votos'!H234)/'Base votos'!R234 -> 0.16932482 | M37: =(L37-K37)*100 -> -0.76679706 | N37: =('Base votos'!I201)/'Base votos'!R201 -> 0.15972022 | O37: =('Base votos'!I234)/'Base votos'!R234 -> 0.10883451 | P37: =(O37-N37)*100 -> -5.0885716 | Q37: =('Base votos'!J201)/'Base votos'!R201 -> 0.052228795 | R37: =('Base votos'!J234)/'Base votos'!R234 -> 0.021836277 | S37: =(R37-Q37)*100 -> -3.0392518 | T37: =('Base votos'!K201)/'Base votos'!R201 -> 0.046146247 | U37: =('Base votos'!K234)/'Base votos'!R234 -> 0.10879721 | V37: =(U37-T37)*100 -> 6.2650963 | W37: =('Base votos'!D201+'Base votos'!E201)/'Base votos'!R201 -> 0.41445247 | X37: =('Base votos'!D234+'Base votos'!E234)/'Base votos'!R234 -> 0.4624483 | Y37: =(X37-W37)*100 -> 4.7995831 | Z37: =('Base votos'!H201+'Base votos'!I201+'Base votos'!J201)/'Base votos'!R201 -> 0.38894181 | AA37: =('Base votos'!H234+'Base votos'!I234+'Base votos'!J234)/'Base votos'!R234 -> 0.2999956 | AB37: =(AA37-Z37)*100 -> -8.8946204

Sheet Senadurías - Bloques
A1: Senadurías: bloques como compitieron, participación, nulos, márgenes y cambios de ganador por estado (2018 – 2024)
A2: Bloque = partido solo + sus combinaciones de coalición, tal como compitieron ese año (los nombres cambian entre años; ver encabezados). % sobre el total de votos emitidos. Δ en puntos porcentuales.
B3: Participación | E3: Votos nulos % | H3: Votos emitidos | L3: Bloque de Morena y aliados | O3: Bloque del PAN y aliados | R3: Tercer bloque (PRI en 2018 / MC en 2021-2024) | U3: Margen de victoria (pts) | X3: Bloque ganador y cambios
A4: Estado | B4: 2018 | C4: 2024 | D4: Δ 2024 vs 2018 (pts) | E4: 2018 | F4: 2024 | G4: Δ 2024 vs 2018 (pts) | H4: 2018 | I4: 2024 | J4: Δ 2024 vs 2018 (votos) | K4: Δ 2024 vs 2018 (%) | L4: 2018 (Juntos Haremos Historia (PT-Morena-PES)) | M4: 2024 (Sigamos Haciendo Historia (PVEM-PT-Morena)) | N4: Δ 2024 vs 2018 (pts) | O4: 2018 (Por México al Frente (PAN-PRD-MC)) | P4: 2024 (Fuerza y Corazón por México (PAN-PRI-PRD)) | Q4: Δ 2024 vs 2018 (pts) | R4: 2018 (Todos por México (PRI-PVEM-NA)) | S4: 2024 (MC) | T4: Δ 2024 vs 2018 (pts) | U4: 2018 | V4: 2024 | W4: Δ 2024 vs 2018 (pts) | X4: Ganador 2018 | Y4: Ganador 2024 | Z4: Cambio 2018 → 2024
A5: Aguascalientes | B5: ='Base votos'!R169/'Base votos'!S169 -> 0.59348175 | C5: ='Base votos'!R202/'Base votos'!S202 -> 0.60413221 | D5: =(C5-B5)*100 -> 1.0650462 | E5: ='Base votos'!Q169/'Base votos'!R169 -> 0.037149815 | F5: ='Base votos'!Q202/'Base votos'!R202 -> 0.025677144 | G5: =(F5-E5)*100 -> -1.1472671 | H5: ='Base votos'!R169 -> 560918 | I5: ='Base votos'!R202 -> 664482 | J5: =I5-H5 -> 103564 | K5: =I5/H5-1 -> 0.18463305 | L5: ='Base votos'!U169/'Base votos'!R169 -> 0.28822038 | M5: ='Base votos'!U202/'Base votos'!R202 -> 0.37137349 | N5: =(M5-L5)*100 -> 8.3153109 | O5: ='Base votos'!V169/'Base votos'!R169 -> 0.35716272 | P5: ='Base votos'!V202/'Base votos'!R202 -> 0.53493849 | Q5: =(P5-O5)*100 -> 17.777577 | R5: ='Base votos'!W169/'Base votos'!R169 -> 0.31673257 | S5: ='Base votos'!W202/'Base votos'!R202 -> 0.067249376 | T5: =(S5-R5)*100 -> -24.948319 | U5: =(MAX('Base votos'!U169:W169)-LARGE('Base votos'!U169:W169,2))/'Base votos'!R169*100 -> 4.0430152 | V5: =(MAX('Base votos'!U202:W202)-LARGE('Base votos'!U202:W202,2))/'Base votos'!R202*100 -> 16.3565 | W5: =(V5-U5) -> 12.313485 | X5: PAN y aliados | Y5: PAN y aliados | Z5: Se mantiene: PAN y aliados
A6: Baja California | B6: ='Base votos'!R170/'Base votos'!S170 -> 0.52957306 | C6: ='Base votos'!R203/'Base votos'!S203 -> 0.48654842 | D6: =(C6-B6)*100 -> -4.3024633 | E6: ='Base votos'!Q170/'Base votos'!R170 -> 0.030008509 | F6: ='Base votos'!Q203/'Base votos'!R203 -> 0.054158292 | G6: =(F6-E6)*100 -> 2.4149783 | H6: ='Base votos'!R170 -> 1447956 | I6: ='Base votos'!R203 -> 1557767 | J6: =I6-H6 -> 109811 | K6: =I6/H6-1 -> 0.07583863 | L6: ='Base votos'!U170/'Base votos'!R170 -> 0.57794574 | M6: ='Base votos'!U203/'Base votos'!R203 -> 0.65663029 | N6: =(M6-L6)*100 -> 7.8684553 | O6: ='Base votos'!V170/'Base votos'!R170 -> 0.23621919 | P6: ='Base votos'!V203/'Base votos'!R203 -> 0.20518922 | Q6: =(P6-O6)*100 -> -3.1029972 | R6: ='Base votos'!W170/'Base votos'!R170 -> 0.15489904 | S6: ='Base votos'!W203/'Base votos'!R203 -> 0.082940517 | T6: =(S6-R6)*100 -> -7.1958527 | U6: =(MAX('Base votos'!U170:W170)-LARGE('Base votos'!U170:W170,2))/'Base votos'!R170*100 -> 34.172654 | V6: =(MAX('Base votos'!U203:W203)-LARGE('Base votos'!U203:W203,2))/'Base votos'!R203*100 -> 45.144107 | W6: =(V6-U6) -> 10.971452 | X6: Morena y aliados | Y6: Morena y aliados | Z6: Se mantiene: Morena y aliados
A7: Baja California Sur | B7: ='Base votos'!R171/'Base votos'!S171 -> 0.5873113 | C7: ='Base votos'!R204/'Base votos'!S204 -> 0.55486488 | D7: =(C7-B7)*100 -> -3.244642 | E7: ='Base votos'!Q171/'Base votos'!R171 -> 0.034863668 | F7: ='Base votos'!Q204/'Base votos'!R204 -> 0.032540202 | G7: =(F7-E7)*100 -> -0.2323466 | H7: ='Base votos'!R171 -> 303267 | I7: ='Base votos'!R204 -> 340717 | J7: =I7-H7 -> 37450 | K7: =I7/H7-1 -> 0.12348854 | L7: ='Base votos'!U171/'Base votos'!R171 -> 0.48998737 | M7: ='Base votos'!U204/'Base votos'!R204 -> 0.53761039 | N7: =(M7-L7)*100 -> 4.7623021 | O7: ='Base votos'!V171/'Base votos'!R171 -> 0.28200892 | P7: ='Base votos'!V204/'Base votos'!R204 -> 0.34505176 | Q7: =(P7-O7)*100 -> 6.3042836 | R7: ='Base votos'!W171/'Base votos'!R171 -> 0.14369516 | S7: ='Base votos'!W204/'Base votos'!R204 -> 0.083975851 | T7: =(S7-R7)*100 -> -5.9719309 | U7: =(MAX('Base votos'!U171:W171)-LARGE('Base votos'!U171:W171,2))/'Base votos'!R171*100 -> 20.797845 | V7: =(MAX('Base votos'!U204:W204)-LARGE('Base votos'!U204:W204,2))/'Base votos'!R204*100 -> 19.255863 | W7: =(V7-U7) -> -1.5419814 | X7: Morena y aliados | Y7: Morena y aliados | Z7: Se mantiene: Morena y aliados
A8: Campeche | B8: ='Base votos'!R172/'Base votos'!S172 -> 0.7025764 | C8: ='Base votos'!R205/'Base votos'!S205 -> 0.64839329 | D8: =(C8-B8)*100 -> -5.4183111 | E8: ='Base votos'!Q172/'Base votos'!R172 -> 0.035088847 | F8: ='Base votos'!Q205/'Base votos'!R205 -> 0.028848223 | G8: =(F8-E8)*100 -> -0.62406231 | H8: ='Base votos'!R172 -> 451340 | I8: ='Base votos'!R205 -> 450669 | J8: =I8-H8 -> -671 | K8: =I8/H8-1 -> -0.0014866841 | L8: ='Base votos'!U172/'Base votos'!R172 -> 0.46153676 | M8: ='Base votos'!U205/'Base votos'!R205 -> 0.48618609 | N8: =(M8-L8)*100 -> 2.4649335 | O8: ='Base votos'!V172/'Base votos'!R172 -> 0.19853547 | P8: ='Base votos'!V205/'Base votos'!R205 -> 0.1460917 | Q8: =(P8-O8)*100 -> -5.2443773 | R8: ='Base votos'!W172/'Base votos'!R172 -> 0.30448886 | S8: ='Base votos'!W205/'Base votos'!R205 -> 0.3383481 | T8: =(S8-R8)*100 -> 3.3859245 | U8: =(MAX('Base votos'!U172:W172)-LARGE('Base votos'!U172:W172,2))/'Base votos'!R172*100 -> 15.70479 | V8: =(MAX('Base votos'!U205:W205)-LARGE('Base votos'!U205:W205,2))/'Base votos'!R205*100 -> 14.783799 | W8: =(V8-U8) -> -0.92099098 | X8: Morena y aliados | Y8: Morena y aliados | Z8: Se mantiene: Morena y aliados
A9: Coahuila | B9: ='Base votos'!R173/'Base votos'!S173 -> 0.63741515 | C9: ='Base votos'!R206/'Base votos'!S206 -> 0.65770408 | D9: =(C9-B9)*100 -> 2.0288933 | E9: ='Base votos'!Q173/'Base votos'!R173 -> 0.025154539 | F9: ='Base votos'!Q206/'Base votos'!R206 -> 0.022214317 | G9: =(F9-E9)*100 -> -0.2940222 | H9: ='Base votos'!R173 -> 1375060 | I9: ='Base votos'!R206 -> 1588210 | J9: =I9-H9 -> 213150 | K9: =I9/H9-1 -> 0.15501142 | L9: ='Base votos'!U173/'Base votos'!R173 -> 0.36371867 | M9: ='Base votos'!U206/'Base votos'!R206 -> 0.47594336 | N9: =(M9-L9)*100 -> 11.222468 | O9: ='Base votos'!V173/'Base votos'!R173 -> 0.28787471 | P9: ='Base votos'!V206/'Base votos'!R206 -> 0.46095667 | Q9: =(P9-O9)*100 -> 17.308196 | R9: ='Base votos'!W173/'Base votos'!R173 -> 0.32293573 | S9: ='Base votos'!W206/'Base votos'!R206 -> 0.040549424 | T9: =(S9-R9)*100 -> -28.23863 | U9: =(MAX('Base votos'!U173:W173)-LARGE('Base votos'!U173:W173,2))/'Base votos'!R173*100 -> 4.0782948 | V9: =(MAX('Base votos'!U206:W206)-LARGE('Base votos'!U206:W206,2))/'Base votos'!R206*100 -> 1.4986683 | W9: =(V9-U9) -> -2.5796265 | X9: Morena y aliados | Y9: Morena y aliados | Z9: Se mantiene: Morena y aliados
A10: Colima | B10: ='Base votos'!R174/'Base votos'!S174 -> 0.6407646 | C10: ='Base votos'!R207/'Base votos'!S207 -> 0.59143136 | D10: =(C10-B10)*100 -> -4.933324 | E10: ='Base votos'!Q174/'Base votos'!R174 -> 0.037005413 | F10: ='Base votos'!Q207/'Base votos'!R207 -> 0.030380807 | G10: =(F10-E10)*100 -> -0.66246068 | H10: ='Base votos'!R174 -> 340815 | I10: ='Base votos'!R207 -> 346370 | J10: =I10-H10 -> 5555 | K10: =I10/H10-1 -> 0.016299165 | L10: ='Base votos'!U174/'Base votos'!R174 -> 0.44023004 | M10: ='Base votos'!U207/'Base votos'!R207 -> 0.45742125 | N10: =(M10-L10)*100 -> 1.7191218 | O10: ='Base votos'!V174/'Base votos'!R174 -> 0.23251031 | P10: ='Base votos'!V207/'Base votos'!R207 -> 0.32697982 | Q10: =(P10-O10)*100 -> 9.4469513 | R10: ='Base votos'!W174/'Base votos'!R174 -> 0.28967915 | S10: ='Base votos'!W207/'Base votos'!R207 -> 0.18449635 | T10: =(S10-R10)*100 -> -10.51828 | U10: =(MAX('Base votos'!U174:W174)-LARGE('Base votos'!U174:W174,2))/'Base votos'!R174*100 -> 15.055089 | V10: =(MAX('Base votos'!U207:W207)-LARGE('Base votos'!U207:W207,2))/'Base votos'!R207*100 -> 13.044144 | W10: =(V10-U10) -> -2.010945 | X10: Morena y aliados | Y10: Morena y aliados | Z10: Se mantiene: Morena y aliados
A11: Chiapas | B11: ='Base votos'!R175/'Base votos'!S175 -> 0.68978832 | C11: ='Base votos'!R208/'Base votos'!S208 -> 0.6235774 | D11: =(C11-B11)*100 -> -6.6210928 | E11: ='Base votos'!Q175/'Base votos'!R175 -> 0.081229856 | F11: ='Base votos'!Q208/'Base votos'!R208 -> 0.07896363 | G11: =(F11-E11)*100 -> -0.22662253 | H11: ='Base votos'!R175 -> 2411958 | I11: ='Base votos'!R208 -> 2461361 | J11: =I11-H11 -> 49403 | K11: =I11/H11-1 -> 0.020482529 | L11: ='Base votos'!U175/'Base votos'!R175 -> 0.48402833 | M11: ='Base votos'!U208/'Base votos'!R208 -> 0.70153464 | N11: =(M11-L11)*100 -> 21.750631 | O11: ='Base votos'!V175/'Base votos'!R175 -> 0.099430836 | P11: ='Base votos'!V208/'Base votos'!R208 -> 0.16216841 | Q11: =(P11-O11)*100 -> 6.2737574 | R11: ='Base votos'!W175/'Base votos'!R175 -> 0.29390644 | S11: ='Base votos'!W208/'Base votos'!R208 -> 0.05670115 | T11: =(S11-R11)*100 -> -23.720529 | U11: =(MAX('Base votos'!U175:W175)-LARGE('Base votos'!U175:W175,2))/'Base votos'!R175*100 -> 19.012188 | V11: =(MAX('Base votos'!U208:W208)-LARGE('Base votos'!U208:W208,2))/'Base votos'!R208*100 -> 53.936623 | W11: =(V11-U11) -> 34.924434 | X11: Morena y aliados | Y11: Morena y aliados | Z11: Se mantiene: Morena y aliados
A12: Chihuahua | B12: ='Base votos'!R176/'Base votos'!S176 -> 0.54583268 | C12: ='Base votos'!R209/'Base votos'!S209 -> 0.53240969 | D12: =(C12-B12)*100 -> -1.3422993 | E12: ='Base votos'!Q176/'Base votos'!R176 -> 0.04908027 | F12: ='Base votos'!Q209/'Base votos'!R209 -> 0.02868999 | G12: =(F12-E12)*100 -> -2.039028 | H12: ='Base votos'!R176 -> 1499136 | I12: ='Base votos'!R209 -> 1644720 | J12: =I12-H12 -> 145584 | K12: =I12/H12-1 -> 0.097111936 | L12: ='Base votos'!U176/'Base votos'!R176 -> 0.36323389 | M12: ='Base votos'!U209/'Base votos'!R209 -> 0.52747884 | N12: =(M12-L12)*100 -> 16.424495 | O12: ='Base votos'!V176/'Base votos'!R176 -> 0.30108676 | P12: ='Base votos'!V209/'Base votos'!R209 -> 0.36504694 | Q12: =(P12-O12)*100 -> 6.3960179 | R12: ='Base votos'!W176/'Base votos'!R176 -> 0.28574859 | S12: ='Base votos'!W209/'Base votos'!R209 -> 0.078179265 | T12: =(S12-R12)*100 -> -20.756933 | U12: =(MAX('Base votos'!U176:W176)-LARGE('Base votos'!U176:W176,2))/'Base votos'!R176*100 -> 6.214713 | V12: =(MAX('Base votos'!U209:W209)-LARGE('Base votos'!U209:W209,2))/'Base votos'!R209*100 -> 16.24319 | W12: =(V12-U12) -> 10.028477 | X12: Morena y aliados | Y12: Morena y aliados | Z12: Se mantiene: Morena y aliados
A13: Ciudad de México | B13: ='Base votos'!R177/'Base votos'!S177 -> 0.70657105 | C13: ='Base votos'!R210/'Base votos'!S210 -> 0.70144469 | D13: =(C13-B13)*100 -> -0.51263537 | E13: ='Base votos'!Q177/'Base votos'!R177 -> 0.038007101 | F13: ='Base votos'!Q210/'Base votos'!R210 -> 0.021757653 | G13: =(F13-E13)*100 -> -1.6249448 | H13: ='Base votos'!R177 -> 5409226 | I13: ='Base votos'!R210 -> 5590033 | J13: =I13-H13 -> 180807 | K13: =I13/H13-1 -> 0.033425669 | L13: ='Base votos'!U177/'Base votos'!R177 -> 0.51312387 | M13: ='Base votos'!U210/'Base votos'!R210 -> 0.54221165 | N13: =(M13-L13)*100 -> 2.9087773 | O13: ='Base votos'!V177/'Base votos'!R177 -> 0.28883966 | P13: ='Base votos'!V210/'Base votos'!R210 -> 0.36295385 | Q13: =(P13-O13)*100 -> 7.411419 | R13: ='Base votos'!W177/'Base votos'!R177 -> 0.1591871 | S13: ='Base votos'!W210/'Base votos'!R210 -> 0.072082043 | T13: =(S13-R13)*100 -> -8.7105057 | U13: =(MAX('Base votos'!U177:W177)-LARGE('Base votos'!U177:W177,2))/'Base votos'!R177*100 -> 22.428421 | V13: =(MAX('Base votos'!U210:W210)-LARGE('Base votos'!U210:W210,2))/'Base votos'!R210*100 -> 17.92578 | W13: =(V13-U13) -> -4.5026417 | X13: Morena y aliados | Y13: Morena y aliados | Z13: Se mantiene: Morena y aliados
A14: Durango | B14: ='Base votos'!R178/'Base votos'!S178 -> 0.57376863 | C14: ='Base votos'!R211/'Base votos'!S211 -> 0.55510494 | D14: =(C14-B14)*100 -> -1.8663686 | E14: ='Base votos'!Q178/'Base votos'!R178 -> 0.035221932 | F14: ='Base votos'!Q211/'Base votos'!R211 -> 0.026485987 | G14: =(F14-E14)*100 -> -0.87359441 | H14: ='Base votos'!R178 -> 736984 | I14: ='Base votos'!R211 -> 777732 | J14: =I14-H14 -> 40748 | K14: =I14/H14-1 -> 0.05529021 | L14: ='Base votos'!U178/'Base votos'!R178 -> 0.38943993 | M14: ='Base votos'!U211/'Base votos'!R211 -> 0.50641995 | N14: =(M14-L14)*100 -> 11.698002 | O14: ='Base votos'!V178/'Base votos'!R178 -> 0.30492928 | P14: ='Base votos'!V211/'Base votos'!R211 -> 0.40300772 | Q14: =(P14-O14)*100 -> 9.8078441 | R14: ='Base votos'!W178/'Base votos'!R178 -> 0.27000858 | S14: ='Base votos'!W211/'Base votos'!R211 -> 0.06361703 | T14: =(S14-R14)*100 -> -20.639155 | U14: =(MAX('Base votos'!U178:W178)-LARGE('Base votos'!U178:W178,2))/'Base votos'!R178*100 -> 8.4510654 | V14: =(MAX('Base votos'!U211:W211)-LARGE('Base votos'!U211:W211,2))/'Base votos'!R211*100 -> 10.341223 | W14: =(V14-U14) -> 1.8901575 | X14: Morena y aliados | Y14: Morena y aliados | Z14: Se mantiene: Morena y aliados
A15: Guanajuato | B15: ='Base votos'!R179/'Base votos'!S179 -> 0.53224381 | C15: ='Base votos'!R212/'Base votos'!S212 -> 0.56796015 | D15: =(C15-B15)*100 -> 3.5716333 | E15: ='Base votos'!Q179/'Base votos'!R179 -> 0.048508496 | F15: ='Base votos'!Q212/'Base votos'!R212 -> 0.032139274 | G15: =(F15-E15)*100 -> -1.6369222 | H15: ='Base votos'!R179 -> 2325840 | I15: ='Base votos'!R212 -> 2750840 | J15: =I15-H15 -> 425000 | K15: =I15/H15-1 -> 0.18272968 | L15: ='Base votos'!U179/'Base votos'!R179 -> 0.25880714 | M15: ='Base votos'!U212/'Base votos'!R212 -> 0.43261113 | N15: =(M15-L15)*100 -> 17.380399 | O15: ='Base votos'!V179/'Base votos'!R179 -> 0.43960763 | P15: ='Base votos'!V212/'Base votos'!R212 -> 0.46322469 | Q15: =(P15-O15)*100 -> 2.3617062 | R15: ='Base votos'!W179/'Base votos'!R179 -> 0.25233464 | S15: ='Base votos'!W212/'Base votos'!R212 -> 0.071413823 | T15: =(S15-R15)*100 -> -18.092082 | U15: =(MAX('Base votos'!U179:W179)-LARGE('Base votos'!U179:W179,2))/'Base votos'!R179*100 -> 18.080048 | V15: =(MAX('Base votos'!U212:W212)-LARGE('Base votos'!U212:W212,2))/'Base votos'!R212*100 -> 3.0613558 | W15: =(V15-U15) -> -15.018693 | X15: PAN y aliados | Y15: PAN y aliados | Z15: Se mantiene: PAN y aliados
A16: Guerrero | B16: ='Base votos'!R180/'Base votos'!S180 -> 0.64333114 | C16: ='Base votos'!R213/'Base votos'!S213 -> 0.58478151 | D16: =(C16-B16)*100 -> -5.854963 | E16: ='Base votos'!Q180/'Base votos'!R180 -> 0.053777978 | F16: ='Base votos'!Q213/'Base votos'!R213 -> 0.075949481 | G16: =(F16-E16)*100 -> 2.2171503 | H16: ='Base votos'!R180 -> 1616870 | I16: ='Base votos'!R213 -> 1550478 | J16: =I16-H16 -> -66392 | K16: =I16/H16-1 -> -0.041062052 | L16: ='Base votos'!U180/'Base votos'!R180 -> 0.47996685 | M16: ='Base votos'!U213/'Base votos'!R213 -> 0.58908672 | N16: =(M16-L16)*100 -> 10.911987 | O16: ='Base votos'!V180/'Base votos'!R180 -> 0.2238269 | P16: ='Base votos'!V213/'Base votos'!R213 -> 0.20537215 | Q16: =(P16-O16)*100 -> -1.845475 | R16: ='Base votos'!W180/'Base votos'!R180 -> 0.22909758 | S16: ='Base votos'!W213/'Base votos'!R213 -> 0.12729171 | T16: =(S16-R16)*100 -> -10.180586 | U16: =(MAX('Base votos'!U180:W180)-LARGE('Base votos'!U180:W180,2))/'Base votos'!R180*100 -> 25.086927 | V16: =(MAX('Base votos'!U213:W213)-LARGE('Base votos'!U213:W213,2))/'Base votos'!R213*100 -> 38.371457 | W16: =(V16-U16) -> 13.28453 | X16: Morena y aliados | Y16: Morena y aliados | Z16: Se mantiene: Morena y aliados
... A37: Nacional | B37: ='Base votos'!R201/'Base votos'!S201 -> 0.63607802 | C37: ='Base votos'!R234/'Base votos'!S234 -> 0.60955702 | D37: =(C37-B37)*100 -> -2.6520998 | E37: ='Base votos'!Q201/'Base votos'!R201 -> 0.041352614 | F37: ='Base votos'!Q234/'Base votos'!R234 -> 0.039496414 | G37: =(F37-E37)*100 -> -0.18562005 | H37: ='Base votos'!R201 -> 56691869 | I37: ='Base votos'!R234 -> 60003726 | J37: =I37-H37 -> 3311857 | K37: =I37/H37-1 -> 0.058418554 | L37: ='Base votos'!U201/'Base votos'!R201 -> 0.43651018 | M37: ='Base votos'!U234/'Base votos'!R234 -> 0.55092595 | N37: =(M37-L37)*100 -> 11.441577 | O37: ='Base votos'!V201/'Base votos'!R201 -> 0.27536783 | P37: ='Base votos'!V234/'Base votos'!R234 -> 0.2999956 | Q37: =(P37-O37)*100 -> 2.4627773 | R37: ='Base votos'!W201/'Base votos'!R201 -> 0.22664358 | S37: ='Base votos'!W234/'Base votos'!R234 -> 0.10879721 | T37: =(S37-R37)*100 -> -11.784637 | U37: =(MAX('Base votos'!U201:W201)-LARGE('Base votos'!U201:W201,2))/'Base votos'!R201*100 -> 16.114235 | V37: =(MAX('Base votos'!U234:W234)-LARGE('Base votos'!U234:W234,2))/'Base votos'!R234*100 -> 25.093035 | W37: =(V37-U37) -> 8.9788 | X37: Morena y aliados | Y37: Morena y aliados | Z37: Se mantiene: Morena y aliados

Sheet Distritos 2018 vs 2021
A1: Diputaciones por distrito federal: 2018 vs 2021 (mismo mapa distrital)
A2: Los distritos de 2024 no se incluyen porque el mapa distrital cambió. % sobre votos emitidos del distrito; Δ en puntos porcentuales. Ganador = bloque como compitió.
C4: Morena | F4: PT | I4: PVEM | L4: PAN | O4: PRI | R4: PRD | U4: MC | X4: Bloque de Morena y aliados | AA4: PAN + PRI + PRD | AD4: Participación | AG4: Votos nulos % | AJ4: Ganador y márgenes (bloque como compitió)
A5: Estado | B5: Distrito | C5: 2018 | D5: 2021 | E5: Δ 2021 vs 2018 (pts) | F5: 2018 | G5: 2021 | H5: Δ 2021 vs 2018 (pts) | I5: 2018 | J5: 2021 | K5: Δ 2021 vs 2018 (pts) | L5: 2018 | M5: 2021 | N5: Δ 2021 vs 2018 (pts) | O5: 2018 | P5: 2021 | Q5: Δ 2021 vs 2018 (pts) | R5: 2018 | S5: 2021 | T5: Δ 2021 vs 2018 (pts) | U5: 2018 | V5: 2021 | W5: Δ 2021 vs 2018 (pts) | X5: 2018 | Y5: 2021 | Z5: Δ 2021 vs 2018 (pts) | AA5: 2018 | AB5: 2021 | AC5: Δ 2021 vs 2018 (pts) | AD5: 2018 | AE5: 2021 | AF5: Δ 2021 vs 2018 (pts) | AG5: 2018 | AH5: 2021 | AI5: Δ 2021 vs 2018 (pts) | AJ5: Ganador 2018 | AK5: Ganador 2021 | AL5: Cambio | AM5: Margen 2018 (pts) | AN5: Margen 2021 (pts) | AO5: Δ margen (pts)
A6: Aguascalientes | B6: 1 | C6: 0.2552498 | D6: 0.25359527 | E6: =(D6-C6)*100 -> -0.16545245 | F6: 0.035423154 | G6: 0.040393013 | H6: =(G6-F6)*100 -> 0.49698596 | I6: 0.047030772 | J6: 0.061571003 | K6: =(J6-I6)*100 -> 1.454023 | L6: 0.30253864 | M6: 0.32994101 | N6: =(M6-L6)*100 -> 2.7402365 | O6: 0.19832814 | P6: 0.12408675 | Q6: =(P6-O6)*100 -> -7.4241395 | R6: 0.036062723 | S6: 0.041636925 | T6: =(S6-R6)*100 -> 0.55742021 | U6: 0.019366602 | V6: 0.034084229 | W6: =(V6-U6)*100 -> 1.4717627 | X6: 0.311487 | Y6: 0.35555929 | Z6: =(Y6-X6)*100 -> 4.407229 | AA6: 0.53692951 | AB6: 0.49566468 | AC6: =(AB6-AA6)*100 -> -4.1264828 | AD6: 0.58157252 | AE6: 0.56911914 | AF6: =(AE6-AD6)*100 -> -1.245338 | AG6: 0.042637942 | AH6: 0.036771498 | AI6: =(AH6-AG6)*100 -> -0.5866444 | AJ6: PAN y aliados | AK6: PAN y aliados | AL6: Se mantiene: PAN y aliados | AM6: 4.6480967 | AN6: 14.010539 | AO6: 9.3624424
A7: Aguascalientes | B7: 2 | C7: 0.30399047 | D7: 0.28907155 | E7: =(D7-C7)*100 -> -1.4918924 | F7: 0.030979289 | G7: 0.01657898 | H7: =(G7-F7)*100 -> -1.4400308 | I7: 0.040955472 | J7: 0.022244861 | K7: =(J7-I7)*100 -> -1.8710611 | L7: 0.29018493 | M7: 0.45124691 | N7: =(M7-L7)*100 -> 16.106198 | O7: 0.18390852 | P7: 0.070453689 | Q7: =(P7-O7)*100 -> -11.345483 | R7: 0.021616037 | S7: 0.02532202 | T7: =(S7-R7)*100 -> 0.37059836 | U7: 0.025585495 | V7: 0.044231548 | W7: =(V7-U7)*100 -> 1.8646052 | X7: 0.36683634 | Y7: 0.32789539 | Z7: =(Y7-X7)*100 -> -3.8940951 | AA7: 0.49570948 | AB7: 0.54702262 | AC7: =(AB7-AA7)*100 -> 5.1313139 | AD7: 0.56211527 | AE7: 0.43191195 | AF7: =(AE7-AD7)*100 -> -13.020332 | AG7: 0.036682467 | AH7: 0.034895404 | AI7: =(AH7-AG7)*100 -> -0.17870622 | AJ7: Morena y aliados | AK7: PAN y aliados | AL7: Morena y aliados → PAN y aliados | AM7: 2.944988 | AN7: 21.912723 | AO7: 18.967735
A8: Aguascalientes | B8: 3 | C8: 0.24156793 | D8: 0.21673713 | E8: =(D8-C8)*100 -> -2.4830804 | F8: 0.025267217 | G8: 0.010535601 | H8: =(G8-F8)*100 -> -1.4731616 | I8: 0.043281404 | J8: 0.019090576 | K8: =(J8-I8)*100 -> -2.4190828 | L8: 0.38340066 | M8: 0.56455067 | N8: =(M8-L8)*100 -> 18.115001 | O8: 0.18239364 | P8: 0.071330293 | Q8: =(P8-O8)*100 -> -11.106335 | R8: 0.013573458 | S8: 0.014935144 | T8: =(S8-R8)*100 -> 0.13616861 | U8: 0.02076367 | V8: 0.039545954 | W8: =(V8-U8)*100 -> 1.8782284 | X8: 0.29081702 | Y8: 0.2463633 | Z8: =(Y8-X8)*100 -> -4.4453713 | AA8: 0.57936776 | AB8: 0.65081611 | AC8: =(AB8-AA8)*100 -> 7.1448343 | AD8: 0.62295457 | AE8: 0.51378338 | AF8: =(AE8-AD8)*100 -> -10.917119 | AG8: 0.038454104 | AH8: 0.027085206 | AI8: =(AH8-AG8)*100 -> -1.1368899 | AJ8: PAN y aliados | AK8: PAN y aliados | AL8: Se mantiene: PAN y aliados | AM8: 12.692077 | AN8: 40.44528 | AO8: 27.753203
A9: Baja California | B9: 1 | C9: 0.49308166 | D9: 0.4448174 | E9: =(D9-C9)*100 -> -4.8264264 | F9: 0.04131188 | G9: 0.015093441 | H9: =(G9-F9)*100 -> -2.6218439 | I9: 0.039987092 | J9: 0.024128666 | K9: =(J9-I9)*100 -> -1.5858425 | L9: 0.22443838 | M9: 0.17980396 | N9: =(M9-L9)*100 -> -4.4634416 | O9: 0.071227184 | P9: 0.048413626 | Q9: =(P9-O9)*100 -> -2.2813558 | R9: 0.014300919 | S9: 0.0088938175 | T9: =(S9-R9)*100 -> -0.54071019 | U9: 0.026048508 | V9: 0.062755372 | W9: =(V9-U9)*100 -> 3.6706864 | X9: 0.56790389 | Y9: 0.4840395 | Z9: =(Y9-X9)*100 -> -8.3864386 | AA9: 0.30996648 | AB9: 0.23711141 | AC9: =(AB9-AA9)*100 -> -7.2855077 | AD9: 0.52855189 | AE9: 0.3741493 | AF9: =(AE9-AD9)*100 -> -15.440259 | AG9: 0.030668282 | AH9: 0.030209209 | AI9: =(AH9-AG9)*100 -> -0.04590727 | AJ9: Morena y aliados | AK9: Morena y aliados | AL9: Se mantiene: Morena y aliados | AM9: 30.311608 | AN9: 24.69281 | AO9: -5.6187985
A10: Baja California | B10: 2 | C10: 0.4510897 | D10: 0.39911634 | E10: =(D10-C10)*100 -> -5.1973363 | F10: 0.037590808 | G10: 0.012459093 | H10: =(G10-F10)*100 -> -2.5131715 | I10: 0.037464609 | J10: 0.018613171 | K10: =(J10-I10)*100 -> -1.8851438 | L10: 0.24366811 | M10: 0.22047655 | N10: =(M10-L10)*100 -> -2.3191561 | O10: 0.10452012 | P10: 0.0633726 | Q10: =(P10-O10)*100 -> -4.1147515 | R10: 0.013503281 | S10: 0.010023532 | T10: =(S10-R10)*100 -> -0.34797489 | U10: 0.030962623 | V10: 0.054879011 | W10: =(V10-U10)*100 -> 2.3916388 | X10: 0.52180497 | Y10: 0.4301886 | Z10: =(Y10-X10)*100 -> -9.1616372 | AA10: 0.3616915 | AB10: 0.29387268 | AC10: =(AB10-AA10)*100 -> -6.7818826 | AD10: 0.54193602 | AE10: 0.42269234 | AF10: =(AE10-AD10)*100 -> -11.924368 | AG10: 0.029124509 | AH10: 0.034715314 | AI10: =(AH10-AG10)*100 -> 0.55908049 | AJ10: Morena y aliados | AK10: Morena y aliados | AL10: Se mantiene: Morena y aliados | AM10: 23.367096 | AN10: 13.631592 | AO10: -9.7355038
A11: Baja California | B11: 3 | C11: 0.41643247 | D11: 0.3892877 | E11: =(D11-C11)*100 -> -2.7144771 | F11: 0.070281146 | G11: 0.058229382 | H11: =(G11-F11)*100 -> -1.2051764 | I11: 0.048962787 | J11: 0.01999899 | K11: =(J11-I11)*100 -> -2.8963797 | L11: 0.1821875 | M11: 0.11838507 | N11: =(M11-L11)*100 -> -6.3802422 | O11: 0.12590353 | P11: 0.065090508 | Q11: =(P11-O11)*100 -> -6.0813021 | R11: 0.028223999 | S11: 0.015359975 | T11: =(S11-R11)*100 -> -1.2864024 | U11: 0.026747734 | V11: 0.038504549 | W11: =(V11-U11)*100 -> 1.1756815 | X11: 0.51294739 | Y11: 0.46751607 | Z11: =(Y11-X11)*100 -> -4.543132 | AA11: 0.33631502 | AB11: 0.19883556 | AC11: =(AB11-AA11)*100 -> -13.747947 | AD11: 0.55412685 | AE11: 0.39799748 | AF11: =(AE11-AD11)*100 -> -15.612937 | AG11: 0.035184314 | AH11: 0.035120881 | AI11: =(AH11-AG11)*100 -> -0.0063433071 | AJ11: Morena y aliados | AK11: Morena y aliados | AL11: Se mantiene: Morena y aliados | AM11: 27.578816 | AN11: 26.868051 | AO11: -0.71076475
A12: Baja California | B12: 4 | C12: 0.62076184 | D12: 0.57483528 | E12: =(D12-C12)*100 -> -4.5926562 | F12: 0.05499711 | G12: 0.031392136 | H12: =(G12-F12)*100 -> -2.3604974 | I12: 0.025935467 | J12: 0.028345731 | K12: =(J12-I12)*100 -> 0.24102643 | L12: 0.12877933 | M12: 0.075054906 | N12: =(M12-L12)*100 -> -5.3724426 | O12: 0.055277736 | P12: 0.034587318 | Q12: =(P12-O12)*100 -> -2.0690417 | R12: 0.014210907 | S12: 0.015373716 | T12: =(S12-R12)*100 -> 0.11628085 | U12: 0.024566012 | V12: 0.038823946 | W12: =(V12-U12)*100 -> 1.4257934 | X12: 0.70774472 | Y12: 0.63457315 | Z12: =(Y12-X12)*100 -> -7.3171571 | AA12: 0.19826798 | AB12: 0.12501594 | AC12: =(AB12-AA12)*100 -> -7.3252035 | AD12: 0.51730716 | AE12: 0.35714828 | AF12: =(AE12-AD12)*100 -> -16.015888 | AG12: 0.02360627 | AH12: 0.03486362 | AI12: =(AH12-AG12)*100 -> 1.125735 | AJ12: Morena y aliados | AK12: Morena y aliados | AL12: Se mantiene: Morena y aliados | AM12: 54.018847 | AN12: 50.955721 | AO12: -3.063126
A13: Baja California | B13: 5 | C13: 0.49175413 | D13: 0.39479296 | E13: =(D13-C13)*100 -> -9.6961169 | F13: 0.041058706 | G13: 0.020507621 | H13: =(G13-F13)*100 -> -2.0551085 | I13: 0.032006889 | J13: 0.023843789 | K13: =(J13-I13)*100 -> -0.81630998 | L13: 0.22908868 | M13: 0.19801792 | N13: =(M13-L13)*100 -> -3.1070752 | O13: 0.089352564 | P13: 0.064773991 | Q13: =(P13-O13)*100 -> -2.4578573 | R13: 0.014039767 | S13: 0.015176294 | T13: =(S13-R13)*100 -> 0.11365265 | U13: 0.025748324 | V13: 0.042781448 | W13: =(V13-U13)*100 -> 1.7033125 | X13: 0.56344935 | Y13: 0.43914437 | Z13: =(Y13-X13)*100 -> -12.430498 | AA13: 0.33248101 | AB13: 0.27796821 | AC13: =(AB13-AA13)*100 -> -5.4512798 | AD13: 0.53590643 | AE13: 0.41388478 | AF13: =(AE13-AD13)*100 -> -12.202164 | AG13: 0.027501982 | AH13: 0.030130176 | AI13: =(AH13-AG13)*100 -> 0.26281939 | AJ13: Morena y aliados | AK13: Morena y aliados | AL13: Se mantiene: Morena y aliados | AM13: 29.457259 | AN13: 16.117616 | AO13: -13.339642
A14: Baja California | B14: 6 | C14: 0.50411123 | D14: 0.3987085 | E14: =(D14-C14)*100 -> -10.540273 | F14: 0.041970679 | G14: 0.013610839 | H14: =(G14-F14)*100 -> -2.8359841 | I14: 0.033776458 | J14: 0.025523802 | K14: =(J14-I14)*100 -> -0.8252656 | L14: 0.19458876 | M14: 0.1745263 | N14: =(M14-L14)*100 -> -2.0062464 | O14: 0.095885383 | P14: 0.068729168 | Q14: =(P14-O14)*100 -> -2.7156215 | R14: 0.013739863 | S14: 0.015371341 | T14: =(S14-R14)*100 -> 0.16314776 | U14: 0.025491879 | V14: 0.042467765 | W14: =(V14-U14)*100 -> 1.6975886 | X14: 0.58377759 | Y14: 0.43784314 | Z14: =(Y14-X14)*100 -> -14.593445 | AA14: 0.30421401 | AB14: 0.25862681 | AC14: =(AB14-AA14)*100 -> -4.5587201 | AD14: 0.52267032 | AE14: 0.40501831 | AF14: =(AE14-AD14)*100 -> -11.765201 | AG14: 0.03247758 | AH14: 0.034194101 | AI14: =(AH14-AG14)*100 -> 0.17165203 | AJ14: Morena y aliados | AK14: Morena y aliados | AL14: Se mantiene: Morena y aliados | AM14: 34.995708 | AN14: 17.921633 | AO14: -17.074075
A15: Baja California | B15: 7 | C15: 0.49370881 | D15: 0.44511622 | E15: =(D15-C15)*100 -> -4.8592592 | F15: 0.054114339 | G15: 0.02361482 | H15: =(G15-F15)*100 -> -3.0499519 | I15: 0.030859767 | J15: 0.032604078 | K15: =(J15-I15)*100 -> 0.17443115 | L15: 0.18094667 | M15: 0.096021969 | N15: =(M15-L15)*100 -> -8.4924706 | O15: 0.10644306 | P15: 0.061877958 | Q15: =(P15-O15)*100 -> -4.45651 | R15: 0.017808731 | S15: 0.012152567 | T15: =(S15-R15)*100 -> -0.56561641 | U15: 0.027258867 | V15: 0.053480398 | W15: =(V15-U15)*100 -> 2.6221531 | X15: 0.58436011 | Y15: 0.50133511 | Z15: =(Y15-X15)*100 -> -8.3025 | AA15: 0.30519846 | AB15: 0.17005249 | AC15: =(AB15-AA15)*100 -> -13.514597 | AD15: 0.4894954 | AE15: 0.35390133 | AF15: =(AE15-AD15)*100 -> -13.559407 | AG15: 0.030278402 | AH15: 0.036457701 | AI15: =(AH15-AG15)*100 -> 0.61792989 | AJ15: Morena y aliados | AK15: Morena y aliados | AL15: Se mantiene: Morena y aliados | AM15: 35.834584 | AN15: 33.128262 | AO15: -2.7063221
A16: Baja California | B16: 8 | C16: 0.57714866 | D16: 0.51210201 | E16: =(D16-C16)*100 -> -6.5046657 | F16: 0.053786012 | G16: 0.016316394 | H16: =(G16-F16)*100 -> -3.7469618 | I16: 0.027580556 | J16: 0.023707328 | K16: =(J16-I16)*100 -> -0.38732276 | L16: 0.13225084 | M16: 0.10912191 | N16: =(M16-L16)*100 -> -2.3128931 | O16: 0.07719637 | P16: 0.044931243 | Q16: =(P16-O16)*100 -> -3.2265127 | R16: 0.016355258 | S16: 0.01759146 | T16: =(S16-R16)*100 -> 0.12362018 | U16: 0.029359765 | V16: 0.037873902 | W16: =(V16-U16)*100 -> 0.85141368 | X16: 0.67391073 | Y16: 0.55212573 | Z16: =(Y16-X16)*100 -> -12.1785 | AA16: 0.22580247 | AB16: 0.17164461 | AC16: =(AB16-AA16)*100 -> -5.4157856 | AD16: 0.51191222 | AE16: 0.35962218 | AF16: =(AE16-AD16)*100 -> -15.229004 | AG16: 0.025038026 | AH16: 0.027658549 | AI16: =(AH16-AG16)*100 -> 0.26205235 | AJ16: Morena y aliados | AK16: Morena y aliados | AL16: Se mantiene: Morena y aliados | AM16: 49.594486 | AN16: 38.048111 | AO16: -11.546375
A17: Baja California Sur | B17: 1 | C17: 0.41439159 | D17: 0.3570789 | E17: =(D17-C17)*100 -> -5.7312687 | F17: 0.029153728 | G17: 0.049204793 | H17: =(G17-F17)*100 -> 2.0051065 | I17: 0.034071363 | J17: 0.031193085 | K17: =(J17-I17)*100 -> -0.28782782 | L17: 0.26742817 | M17: 0.37103995 | N17: =(M17-L17)*100 -> 10.361178 | O17: 0.10391679 | P17: 0.052920431 | Q17: =(P17-O17)*100 -> -5.0996362 | R17: 0.011566833 | S17: 0.012042322 | T17: =(S17-R17)*100 -> 0.047548921 | U17: 0.020951897 | V17: 0.035938138 | W17: =(V17-U17)*100 -> 1.498624 | X17: 0.47175823 | Y17: 0.43747678 | Z17: =(Y17-X17)*100 -> -3.4281451 | AA17: 0.38291179 | AB17: 0.4360027 | AC17: =(AB17-AA17)*100 -> 5.309091 | AD17: 0.62367573 | AE17: 0.56046361 | AF17: =(AE17-AD17)*100 -> -6.3212124 | AG17: 0.038325233 | AH17: 0.030480414 | AI17: =(AH17-AG17)*100 -> -0.78448198 | AJ17: Morena y aliados | AK17: Morena y aliados | AL17: Se mantiene: Morena y aliados | AM17: 17.181133 | AN17: 0.14740728 | AO17: -17.033726
... A305: Zacatecas | B305: 4 | C305: 0.32936649 | D305: 0.34913468 | E305: =(D305-C305)*100 -> 1.9768188 | F305: 0.074854145 | G305: 0.098724207 | H305: =(G305-F305)*100 -> 2.3870062 | I305: 0.03899266 | J305: 0.027468383 | K305: =(J305-I305)*100 -> -1.1524277 | L305: 0.073569693 | M305: 0.062064566 | N305: =(M305-L305)*100 -> -1.1505127 | O305: 0.30898033 | P305: 0.28098513 | Q305: =(P305-O305)*100 -> -2.7995197 | R305: 0.063820239 | S305: 0.019414245 | T305: =(S305-R305)*100 -> -4.4405994 | U305: 0.033705257 | V305: 0.038495673 | W305: =(V305-U305)*100 -> 0.47904164 | X305: 0.42081018 | Y305: 0.47532727 | Z305: =(Y305-X305)*100 -> 5.4517084 | AA305: 0.44637026 | AB305: 0.36246394 | AC305: =(AB305-AA305)*100 -> -8.3906318 | AD305: 0.67480863 | AE305: 0.59198061 | AF305: =(AE305-AD305)*100 -> -8.2828021 | AG305: 0.0385284 | AH305: 0.039488573 | AI305: =(AH305-AG305)*100 -> 0.096017353 | AJ305: Morena y aliados | AK305: Morena y aliados | AL305: Se mantiene: Morena y aliados | AM305: 5.1677267 | AN305: 11.286332 | AO305: 6.1186056

Sheet Base votos
A1: Base de votos por estado, cargo y año (votos por partido con el voto de coalición repartido entre sus partidos; ver hoja Metodología)
A3: Cargo | B3: Año | C3: Estado | D3: Morena | E3: PT | F3: PVEM | G3: PES | H3: PAN | I3: PRI | J3: PRD | K3: MC | L3: Nueva Alianza | M3: RSP | N3: FXM | O3: Independientes | P3: No registrados | Q3: Votos nulos | R3: Total votos | S3: Lista nominal | T3: Participación | U3: Bloque 1 (votos) | V3: Bloque 2 (votos) | W3: Bloque 3 (votos) | X3: Votos nulos %
A4: Presidencia | B4: 2018 | C4: Aguascalientes | D4: 183905 | E4: 26485 | F4: 6569 | G4: 12138 | H4: 165561 | I4: 90714 | J4: 8320 | K4: 5107 | L4: 6356 | M4: 0 | N4: 0 | O4: 40846 | P4: 391 | Q4: 14714 | R4: 561106 | S4: 945131 | T4: =R4/S4 -> 0.59368066 | U4: =D4+E4+G4 -> 222528 | V4: =H4+J4+K4 -> 178988 | W4: =I4+F4+L4 -> 103639 | X4: =Q4/R4 -> 0.026223209
A5: Presidencia | B5: 2018 | C5: Baja California | D5: 791597 | E5: 86459 | F5: 9915 | G5: 40883 | H5: 246985 | I5: 107014 | J5: 14790 | K5: 13728 | L5: 7296 | M5: 0 | N5: 0 | O5: 90302 | P5: 1252 | Q5: 28201 | R5: 1438422 | S5: 2734195 | T5: =R5/S5 -> 0.52608611 | U5: =D5+E5+G5 -> 918939 | V5: =H5+J5+K5 -> 275503 | W5: =I5+F5+L5 -> 124225 | X5: =Q5/R5 -> 0.019605512
A6: Presidencia | B6: 2018 | C6: Baja California Sur | D6: 157063 | E6: 27507 | F6: 3019 | G6: 9272 | H6: 53306 | I6: 22586 | J6: 1758 | K6: 1730 | L6: 2597 | M6: 0 | N6: 0 | O6: 17170 | P6: 235 | Q6: 6645 | R6: 302888 | S6: 516365 | T6: =R6/S6 -> 0.58657732 | U6: =D6+E6+G6 -> 193842 | V6: =H6+J6+K6 -> 56794 | W6: =I6+F6+L6 -> 28202 | X6: =Q6/R6 -> 0.021938802
A7: Presidencia | B7: 2018 | C7: Campeche | D7: 227802 | E7: 34244 | F7: 5175 | G7: 13216 | H7: 45401 | I7: 86455 | J7: 5261 | K7: 3755 | L7: 4954 | M7: 0 | N7: 0 | O7: 11403 | P7: 146 | Q7: 11735 | R7: 449547 | S7: 642407 | T7: =R7/S7 -> 0.69978534 | U7: =D7+E7+G7 -> 275262 | V7: =H7+J7+K7 -> 54417 | W7: =I7+F7+L7 -> 96584 | X7: =Q7/R7 -> 0.026104056
A8: Presidencia | B8: 2018 | C8: Coahuila | D8: 516395 | E8: 67870 | F8: 12525 | G8: 25097 | H8: 284210 | I8: 337006 | J8: 11720 | K8: 11660 | L8: 8748 | M8: 0 | N8: 0 | O8: 71781 | P8: 437 | Q8: 24367 | R8: 1371816 | S8: 2157244 | T8: =R8/S8 -> 0.63591138 | U8: =D8+E8+G8 -> 609362 | V8: =H8+J8+K8 -> 307590 | W8: =I8+F8+L8 -> 358279 | X8: =Q8/R8 -> 0.017762586
A9: Presidencia | B9: 2018 | C9: Colima | D9: 164738 | E9: 23949 | F9: 7622 | G9: 8629 | H9: 48637 | I9: 51332 | J9: 2925 | K9: 4866 | L9: 3050 | M9: 0 | N9: 0 | O9: 16099 | P9: 200 | Q9: 9062 | R9: 341109 | S9: 531888 | T9: =R9/S9 -> 0.64131735 | U9: =D9+E9+G9 -> 197316 | V9: =H9+J9+K9 -> 56428 | W9: =I9+F9+L9 -> 62004 | X9: =Q9/R9 -> 0.026566288
A10: Presidencia | B10: 2018 | C10: Chiapas | D10: 1206768 | E10: 190896 | F10: 249161 | G10: 88035 | H10: 104736 | I10: 273673 | J10: 56502 | K10: 36879 | L10: 40029 | M10: 0 | N10: 0 | O10: 41304 | P10: 580 | Q10: 137087 | R10: 2425650 | S10: 3501730 | T10: =R10/S10 -> 0.69270047 | U10: =D10+E10+G10 -> 1485699 | V10: =H10+J10+K10 -> 198117 | W10: =I10+F10+L10 -> 562863 | X10: =Q10/R10 -> 0.056515573
A11: Presidencia | B11: 2018 | C11: Chihuahua | D11: 517267 | E11: 85584 | F11: 17974 | G11: 40801 | H11: 388034 | I11: 207429 | J11: 17736 | K11: 20149 | L11: 15322 | M11: 0 | N11: 0 | O11: 133846 | P11: 1717 | Q11: 48846 | R11: 1494705 | S11: 2745255 | T11: =R11/S11 -> 0.54446855 | U11: =D11+E11+G11 -> 643652 | V11: =H11+J11+K11 -> 425919 | W11: =I11+F11+L11 -> 240725 | X11: =Q11/R11 -> 0.032679358
A12: Presidencia | B12: 2018 | C12: Ciudad de México | D12: 2712383 | E12: 260313 | F12: 38492 | G12: 145782 | H12: 966479 | I12: 587671 | J12: 274097 | K12: 52047 | L12: 25910 | M12: 0 | N12: 0 | O12: 226315 | P12: 4793 | Q12: 111586 | R12: 5405868 | S12: 7655623 | T12: =R12/S12 -> 0.70613038 | U12: =D12+E12+G12 -> 3118478 | V12: =H12+J12+K12 -> 1292623 | W12: =I12+F12+L12 -> 652073 | X12: =Q12/R12 -> 0.020641643
A13: Presidencia | B13: 2018 | C13: Durango | D13: 253004 | E13: 68126 | F13: 9989 | G13: 19699 | H13: 169907 | I13: 126537 | J13: 8690 | K13: 9350 | L13: 4765 | M13: 0 | N13: 0 | O13: 46645 | P13: 215 | Q13: 16788 | R13: 733715 | S13: 1284462 | T13: =R13/S13 -> 0.57122359 | U13: =D13+E13+G13 -> 340829 | V13: =H13+J13+K13 -> 187947 | W13: =I13+F13+L13 -> 141291 | X13: =Q13/R13 -> 0.022880819
A14: Presidencia | B14: 2018 | C14: Guanajuato | D14: 581370 | E14: 91916 | F14: 60803 | G14: 33936 | H14: 860313 | I14: 295963 | J14: 46025 | K14: 33795 | L14: 24926 | M14: 0 | N14: 0 | O14: 224869 | P14: 1859 | Q14: 69232 | R14: 2325007 | S14: 4370567 | T14: =R14/S14 -> 0.53196919 | U14: =D14+E14+G14 -> 707222 | V14: =H14+J14+K14 -> 940133 | W14: =I14+F14+L14 -> 381692 | X14: =Q14/R14 -> 0.029777115
A15: Presidencia | B15: 2018 | C15: Guerrero | D15: 834069 | E15: 136430 | F15: 42239 | G15: 47664 | H15: 78838 | I15: 229492 | J15: 106558 | K15: 32442 | L15: 14068 | M15: 0 | N15: 0 | O15: 24808 | P15: 362 | Q15: 66168 | R15: 1613138 | S15: 2512092 | T15: =R15/S15 -> 0.64214925 | U15: =D15+E15+G15 -> 1018163 | V15: =H15+J15+K15 -> 217838 | W15: =I15+F15+L15 -> 285799 | X15: =Q15/R15 -> 0.041018189
... A35: Presidencia | B35: 2018 | C35: Zacatecas | D35: 284998 | E35: 66325 | F35: 21155 | G35: 15048 | H35: 116596 | I35: 142951 | J35: 29737 | K35: 10511 | L35: 13566 | M35: 0 | N35: 0 | O35: 36879 | P35: 299 | Q35: 23574 | R35: 761639 | S35: 1167497 | T35: =R35/S35 -> 0.65236913 | U35: =D35+E35+G35 -> 366371 | V35: =H35+J35+K35 -> 156844 | W35: =I35+F35+L35 -> 177672 | X35: =Q35/R35 -> 0.030951671
A36: Presidencia | B36: 2018 | C36: Nacional | D36: =SUM(D4:D35) -> 25347677 | E36: =SUM(E4:E35) -> 3329640 | F36: =SUM(F4:F35) -> 1002341 | G36: =SUM(G4:G35) -> 1436166 | H36: =SUM(H4:H35) -> 10101153 | I36: =SUM(I4:I35) -> 7765237 | J36: =SUM(J4:J35) -> 1555275 | K36: =SUM(K4:K35) -> 953692 | ... S36: =SUM(S4:S35) -> 89129689 | T36: =R36/S36 -> 0.63515342 | U36: =SUM(U4:U35) -> 30113483 | V36: =SUM(V4:V35) -> 12610120 | W36: =SUM(W4:W35) -> 9289853 | X36: =Q36/R36 -> 0.027752791
A37: Presidencia | B37: 2024 | C37: Aguascalientes | D37: 236709 | E37: 24348 | F37: 23649 | G37: 0 | H37: 245952 | I37: 45361 | J37: 14949 | K37: 59498 | L37: 0 | M37: 0 | N37: 0 | O37: 0 | P37: 1571 | Q37: 14205 | R37: 666242 | S37: 1100142 | T37: =R37/S37 -> 0.60559637 | U37: =D37+E37+F37 -> 284706 | V37: =H37+I37+J37 -> 306262 | W37: =K37 -> 59498 | X37: =Q37/R37 -> 0.021321082
A38: Presidencia | B38: 2024 | C38: Baja California | D38: 850746 | E38: 95297 | F38: 93930 | G38: 0 | H38: 238821 | I38: 74830 | J38: 17006 | K38: 155262 | L38: 0 | M38: 0 | N38: 0 | O38: 0 | P38: 2929 | Q38: 31512 | R38: 1560333 | S38: 3202396 | T38: =R38/S38 -> 0.48723924 | U38: =D38+E38+F38 -> 1039973 | V38: =H38+I38+J38 -> 330657 | W38: =K38 -> 155262 | X38: =Q38/R38 -> 0.020195689
A39: Presidencia | B39: 2024 | C39: Baja California Sur | D39: 150891 | E39: 29794 | F39: 20441 | G39: 0 | H39: 81948 | I39: 14656 | J39: 4532 | K39: 29825 | L39: 0 | M39: 0 | N39: 0 | O39: 0 | P39: 463 | Q39: 7539 | R39: 340089 | S39: 614239 | T39: =R39/S39 -> 0.55367536 | U39: =D39+E39+F39 -> 201126 | V39: =H39+I39+J39 -> 101136 | W39: =K39 -> 29825 | X39: =Q39/R39 -> 0.022167727
A40: Presidencia | B40: 2024 | C40: Campeche | D40: 225489 | E40: 27789 | F40: 22037 | G40: 0 | H40: 25395 | I40: 41235 | J40: 2916 | K40: 94280 | L40: 0 | M40: 0 | N40: 0 | O40: 0 | P40: 432 | Q40: 9570 | R40: 449143 | S40: 695148 | T40: =R40/S40 -> 0.64611133 | U40: =D40+E40+F40 -> 275315 | V40: =H40+I40+J40 -> 69546 | W40: =K40 -> 94280 | X40: =Q40/R40 -> 0.021307245
A41: Presidencia | B41: 2024 | C41: Coahuila | D41: 695320 | E41: 79513 | F41: 78604 | G41: 0 | H41: 100352 | I41: 492975 | J41: 23881 | K41: 85857 | L41: 0 | M41: 0 | N41: 0 | O41: 0 | P41: 1203 | Q41: 31004 | R41: 1588709 | S41: 2414990 | T41: =R41/S41 -> 0.65785324 | U41: =D41+E41+F41 -> 853437 | V41: =H41+I41+J41 -> 617208 | W41: =K41 -> 85857 | X41: =Q41/R41 -> 0.019515216
A42: Presidencia | B42: 2024 | C42: Colima | D42: 148615 | E42: 16315 | F42: 23163 | G42: 0 | H42: 51074 | I42: 47281 | J42: 5225 | K42: 46092 | L42: 0 | M42: 0 | N42: 0 | O42: 0 | P42: 698 | Q42: 7247 | R42: 345710 | S42: 585817 | T42: =R42/S42 -> 0.5901331 | U42: =D42+E42+F42 -> 188093 | V42: =H42+I42+J42 -> 103580 | W42: =K42 -> 46092 | X42: =Q42/R42 -> 0.020962657
A43: Presidencia | B43: 2024 | C43: Chiapas | D43: 1045574 | E43: 270467 | F43: 453403 | G43: 0 | H43: 147256 | I43: 228923 | J43: 36667 | K43: 183101 | L43: 0 | M43: 0 | N43: 0 | O43: 0 | P43: 2269 | Q43: 105298 | R43: 2472958 | S43: 3948293 | T43: =R43/S43 -> 0.62633599 | U43: =D43+E43+F43 -> 1769444 | V43: =H43+I43+J43 -> 412846 | W43: =K43 -> 183101 | X43: =Q43/R43 -> 0.042579777
A44: Presidencia | B44: 2024 | C44: Chihuahua | D44: 719165 | E44: 86255 | F44: 80449 | G44: 0 | H44: 388866 | I44: 146587 | J44: 24237 | K44: 157077 | L44: 0 | M44: 0 | N44: 0 | O44: 0 | P44: 2280 | Q44: 39737 | R44: 1644653 | S44: 3090113 | T44: =R44/S44 -> 0.5322307 | U44: =D44+E44+F44 -> 885869 | V44: =H44+I44+J44 -> 559690 | W44: =K44 -> 157077 | X44: =Q44/R44 -> 0.024161328
A45: Presidencia | B45: 2024 | C45: Ciudad de México | D45: 2510165 | E45: 287377 | F45: 297871 | G45: 0 | H45: 1391290 | I45: 416700 | J45: 129162 | K45: 467960 | L45: 0 | M45: 0 | N45: 0 | O45: 0 | P45: 9723 | Q45: 97303 | R45: 5607551 | S45: 7971324 | T45: =R45/S45 -> 0.70346545 | U45: =D45+E45+F45 -> 3095413 | V45: =H45+I45+J45 -> 1937152 | W45: =K45 -> 467960 | X45: =Q45/R45 -> 0.017352138
A46: Presidencia | B46: 2024 | C46: Durango | D46: 360420 | E46: 53410 | F46: 41407 | G46: 0 | H46: 98513 | I46: 138722 | J46: 13048 | K46: 56129 | L46: 0 | M46: 0 | N46: 0 | O46: 0 | P46: 698 | Q46: 16563 | R46: 778910 | S46: 1402239 | T46: =R46/S46 -> 0.55547592 | U46: =D46+E46+F46 -> 455237 | V46: =H46+I46+J46 -> 250283 | W46: =K46 -> 56129 | X46: =Q46/R46 -> 0.021264331
A47: Presidencia | B47: 2024 | C47: Guanajuato | D47: 1072598 | E47: 98049 | F47: 132059 | G47: 0 | H47: 918242 | I47: 154628 | J47: 30456 | K47: 291379 | L47: 0 | M47: 0 | N47: 0 | O47: 0 | P47: 4613 | Q47: 57068 | R47: 2759092 | S47: 4843711 | T47: =R47/S47 -> 0.56962358 | U47: =D47+E47+F47 -> 1302706 | V47: =H47+I47+J47 -> 1103326 | W47: =K47 -> 291379 | X47: =Q47/R47 -> 0.020683616
A48: Presidencia | B48: 2024 | C48: Guerrero | D48: 818954 | E48: 134545 | F48: 157345 | G48: 0 | H48: 63063 | I48: 158774 | J48: 69293 | K48: 98827 | L48: 0 | M48: 0 | N48: 0 | O48: 0 | P48: 1430 | Q48: 47869 | R48: 1550100 | S48: 2651803 | T48: =R48/S48 -> 0.58454568 | U48: =D48+E48+F48 -> 1110844 | V48: =H48+I48+J48 -> 291130 | W48: =K48 -> 98827 | X48: =Q48/R48 -> 0.030881233
... A68: Presidencia | B68: 2024 | C68: Zacatecas | D68: 284210 | E68: 53843 | F68: 50637 | G68: 0 | H68: 85167 | I68: 119059 | J68: 26767 | K68: 130376 | L68: 0 | M68: 0 | N68: 0 | O68: 0 | P68: 1373 | Q68: 20514 | R68: 771946 | S68: 1270180 | T68: =R68/S68 -> 0.60774536 | U68: =D68+E68+F68 -> 388690 | V68: =H68+I68+J68 -> 230993 | W68: =K68 -> 130376 | X68: =Q68/R68 -> 0.026574398
A69: Presidencia | B69: 2024 | C69: Nacional | D69: =SUM(D37:D68) -> 27541224 | E69: =SUM(E37:E68) -> 3786126 | F69: =SUM(F37:F68) -> 4597169 | G69: =SUM(G37:G68) -> 0 | H69: =SUM(H37:H68) -> 9715621 | I69: =SUM(I37:I68) -> 5731202 | J69: =SUM(J37:J68) -> 1055874 | K69: =SUM(K37:K68) -> 6204710 | ... S69: =SUM(S37:S68) -> 98468994 | T69: =R69/S69 -> 0.61049861 | U69: =SUM(U37:U68) -> 35924519 | V69: =SUM(V37:V68) -> 16502697 | W69: =SUM(W37:W68) -> 6204710 | X69: =Q69/R69 -> 0.023291021
A70: Diputaciones | B70: 2018 | C70: Aguascalientes | D70: 147565 | E70: 16850 | F70: 24356 | G70: 14132 | H70: 182981 | I70: 104602 | J70: 12940 | K70: 12132 | L70: 18557 | M70: 0 | N70: 0 | O70: 0 | P70: 544 | Q70: 21842 | R70: 556501 | S70: 943448 | T70: =R70/S70 -> 0.58985869 | U70: =D70+E70+G70 -> 178547 | V70: =H70+J70+K70 -> 208053 | W70: =I70+F70+L70 -> 147515 | X70: =Q70/R70 -> 0.039248806
A71: Diputaciones | B71: 2018 | C71: Baja California | D71: 725051 | E71: 70758 | F71: 49660 | G71: 48779 | H71: 272472 | I71: 130200 | J71: 23704 | K71: 38757 | L71: 31612 | M71: 0 | N71: 0 | O71: 0 | P71: 1311 | Q71: 41920 | R71: 1434224 | S71: 2731567 | T71: =R71/S71 -> 0.5250554 | U71: =D71+E71+G71 -> 844588 | V71: =H71+J71+K71 -> 334933 | W71: =I71+F71+L71 -> 211472 | X71: =Q71/R71 -> 0.029228349
A72: Diputaciones | B72: 2018 | C72: Baja California Sur | D72: 124575 | E72: 21447 | F72: 13370 | G72: 7303 | H72: 75675 | I72: 24941 | J72: 3978 | K72: 6146 | L72: 11217 | M72: 0 | N72: 0 | O72: 0 | P72: 221 | Q72: 11094 | R72: 299967 | S72: 516146 | T72: =R72/S72 -> 0.58116696 | U72: =D72+E72+G72 -> 153325 | V72: =H72+J72+K72 -> 85799 | W72: =I72+F72+L72 -> 49528 | X72: =Q72/R72 -> 0.036984068
A73: Diputaciones | B73: 2018 | C73: Campeche | D73: 177618 | E73: 17927 | F73: 11140 | G73: 10018 | H73: 66265 | I73: 120862 | J73: 10169 | K73: 9191 | L73: 10667 | M73: 0 | N73: 0 | O73: 0 | P73: 130 | Q73: 15313 | R73: 449300 | S73: 642056 | T73: =R73/S73 -> 0.6997832 | U73: =D73+E73+G73 -> 205563 | V73: =H73+J73+K73 -> 85625 | W73: =I73+F73+L73 -> 142669 | X73: =Q73/R73 -> 0.034081905
A74: Diputaciones | B74: 2018 | C74: Coahuila | D74: 416694 | E74: 34959 | F74: 30123 | G74: 18525 | H74: 345147 | I74: 408144 | J74: 23970 | K74: 34416 | L74: 19806 | M74: 0 | N74: 0 | O74: 0 | P74: 431 | Q74: 32763 | R74: 1364978 | S74: 2154098 | T74: =R74/S74 -> 0.63366569 | U74: =D74+E74+G74 -> 470178 | V74: =H74+J74+K74 -> 403533 | W74: =I74+F74+L74 -> 458073 | X74: =Q74/R74 -> 0.024002585
A75: Diputaciones | B75: 2018 | C75: Colima | D75: 126356 | E75: 15829 | F75: 17738 | G75: 6738 | H75: 51911 | I75: 67323 | J75: 7557 | K75: 18772 | L75: 10869 | M75: 0 | N75: 0 | O75: 0 | P75: 208 | Q75: 11630 | R75: 334931 | S75: 530720 | T75: =R75/S75 -> 0.63108796 | U75: =D75+E75+G75 -> 148923 | V75: =H75+J75+K75 -> 78240 | W75: =I75+F75+L75 -> 95930 | X75: =Q75/R75 -> 0.03472357
A76: Diputaciones | B76: 2018 | C76: Chiapas | D76: 1030429 | E76: 122338 | F76: 368150 | G76: 57084 | H76: 93310 | I76: 317830 | J76: 81239 | K76: 66468 | L76: 70055 | M76: 0 | N76: 0 | O76: 3452 | P76: 1350 | Q76: 195258 | R76: 2406963 | S76: 3493368 | T76: =R76/S76 -> 0.68900929 | U76: =D76+E76+G76 -> 1209851 | V76: =H76+J76+K76 -> 241017 | W76: =I76+F76+L76 -> 756035 | X76: =Q76/R76 -> 0.081122144
A77: Diputaciones | B77: 2018 | C77: Chihuahua | D77: 427676 | E77: 52133 | F77: 60498 | G77: 35744 | H77: 400210 | I77: 257942 | J77: 30969 | K77: 38445 | L77: 44556 | M77: 0 | N77: 0 | O77: 73066 | P77: 1042 | Q77: 67695 | R77: 1489976 | S77: 2741821 | T77: =R77/S77 -> 0.5434257 | U77: =D77+E77+G77 -> 515553 | V77: =H77+J77+K77 -> 469624 | W77: =I77+F77+L77 -> 362996 | X77: =Q77/R77 -> 0.045433618
A78: Diputaciones | B78: 2018 | C78: Ciudad de México | D78: 2396904 | E78: 177768 | F78: 238448 | G78: 154513 | H78: 857542 | I78: 511948 | J78: 585194 | K78: 147913 | L78: 99511 | M78: 0 | N78: 0 | O78: 0 | P78: 4724 | Q78: 190816 | R78: 5365281 | S78: 7626268 | T78: =R78/S78 -> 0.70352642 | U78: =D78+E78+G78 -> 2729185 | V78: =H78+J78+K78 -> 1590649 | W78: =I78+F78+L78 -> 849907 | X78: =Q78/R78 -> 0.035564959
A79: Diputaciones | B79: 2018 | C79: Durango | D79: 209373 | E79: 53082 | F79: 31944 | G79: 16065 | H79: 182676 | I79: 162175 | J79: 12884 | K79: 20441 | L79: 18009 | M79: 0 | N79: 0 | O79: 0 | P79: 316 | Q79: 25196 | R79: 732161 | S79: 1279679 | T79: =R79/S79 -> 0.57214426 | U79: =D79+E79+G79 -> 278520 | V79: =H79+J79+K79 -> 216001 | W79: =I79+F79+L79 -> 212128 | X79: =Q79/R79 -> 0.034413196
A80: Diputaciones | B80: 2018 | C80: Guanajuato | D80: 477436 | E80: 54488 | F80: 185933 | G80: 41793 | H80: 888290 | I80: 333820 | J80: 68063 | K80: 63995 | L80: 72883 | M80: 0 | N80: 0 | O80: 18442 | P80: 1593 | Q80: 100099 | R80: 2306835 | S80: 4359031 | T80: =R80/S80 -> 0.52920821 | U80: =D80+E80+G80 -> 573717 | V80: =H80+J80+K80 -> 1020348 | W80: =I80+F80+L80 -> 592636 | X80: =Q80/R80 -> 0.043392354
A81: Diputaciones | B81: 2018 | C81: Guerrero | D81: 642589 | E81: 99838 | F81: 73036 | G81: 35809 | H81: 71002 | I81: 291953 | J81: 208458 | K81: 61327 | L81: 27630 | M81: 0 | N81: 0 | O81: 9834 | P81: 592 | Q81: 83142 | R81: 1605210 | S81: 2503904 | T81: =R81/S81 -> 0.64108288 | U81: =D81+E81+G81 -> 778236 | V81: =H81+J81+K81 -> 340787 | W81: =I81+F81+L81 -> 392619 | X81: =Q81/R81 -> 0.051795092
... A101: Diputaciones | B101: 2018 | C101: Zacatecas | D101: 236407 | E101: 55995 | F101: 45227 | G101: 14969 | H101: 96571 | I101: 192521 | J101: 40259 | K101: 18473 | L101: 27263 | M101: 0 | N101: 0 | O101: 0 | P101: 305 | Q101: 30384 | R101: 758374 | S101: 1162459 | T101: =R101/S101 -> 0.65238774 | U101: =D101+E101+G101 -> 307371 | V101: =H101+J101+K101 -> 155303 | W101: =I101+F101+L101 -> 265011 | X101: =Q101/R101 -> 0.040064665
A102: Diputaciones | B102: 2018 | C102: Nacional | D102: =SUM(D70:D101) -> 21108736 | E102: =SUM(E70:E101) -> 2145806 | F102: =SUM(F70:F101) -> 2674509 | G102: =SUM(G70:G101) -> 1283725 | H102: =SUM(H70:H101) -> 10158916 | I102: =SUM(I70:I101) -> 9349728 | J102: =SUM(J70:J101) -> 2943162 | K102: =SUM(K70:K101) -> 2447677 | ... S102: =SUM(S70:S101) -> 88948697 | T102: =R102/S102 -> 0.6329519 | U102: =SUM(U70:U101) -> 24538267 | V102: =SUM(V70:V101) -> 15549755 | W102: =SUM(W70:W101) -> 13397304 | X102: =Q102/R102 -> 0.039833129
A103: Diputaciones | B103: 2021 | C103: Aguascalientes | D103: 128811 | E103: 11971 | F103: 18360 | G103: 7860 | H103: 229291 | I103: 46596 | J103: 14254 | K103: 19961 | L103: 0 | M103: 4232 | N103: 15211 | O103: 0 | P103: 652 | Q103: 16889 | R103: 514088 | S103: 1017411 | T103: =R103/S103 -> 0.50529039 | U103: =D103+E103+F103 -> 159142 | V103: =H103+I103+J103 -> 290141 | W103: =K103 -> 19961 | X103: =Q103/R103 -> 0.032852352
A104: Diputaciones | B104: 2021 | C104: Baja California | D104: 498444 | E104: 26751 | F104: 27537 | G104: 180263 | H104: 166028 | I104: 63643 | J104: 15459 | K104: 52050 | L104: 0 | M104: 18272 | N104: 36741 | O104: 0 | P104: 1022 | Q104: 36965 | R104: 1123175 | S104: 2919186 | T104: =R104/S104 -> 0.38475623 | U104: =D104+E104+F104 -> 552732 | V104: =H104+I104+J104 -> 245130 | W104: =K104 -> 52050 | X104: =Q104/R104 -> 0.032911167
A105: Diputaciones | B105: 2021 | C105: Baja California Sur | D105: 102450 | E105: 17580 | F105: 8686 | G105: 6399 | H105: 97108 | I105: 12518 | J105: 3027 | K105: 9177 | L105: 0 | M105: 4273 | N105: 9781 | O105: 0 | P105: 232 | Q105: 8655 | R105: 279886 | S105: 561652 | T105: =R105/S105 -> 0.49832637 | U105: =D105+E105+F105 -> 128716 | V105: =H105+I105+J105 -> 112653 | W105: =K105 -> 9177 | X105: =Q105/R105 -> 0.030923304
A106: Diputaciones | B106: 2021 | C106: Campeche | D106: 172717 | E106: 7655 | F106: 5623 | G106: 3546 | H106: 22308 | I106: 109834 | J106: 4338 | K106: 79992 | L106: 0 | M106: 4950 | N106: 2350 | O106: 0 | P106: 133 | Q106: 11008 | R106: 424454 | S106: 668750 | T106: =R106/S106 -> 0.63469757 | U106: =D106+E106+F106 -> 185995 | V106: =H106+I106+J106 -> 136480 | W106: =K106 -> 79992 | X106: =Q106/R106 -> 0.025934495
A107: Diputaciones | B107: 2021 | C107: Coahuila | D107: 433684 | E107: 21351 | F107: 38810 | G107: 9012 | H107: 190669 | I107: 516245 | J107: 14922 | K107: 23497 | L107: 0 | M107: 5029 | N107: 27308 | O107: 0 | P107: 504 | Q107: 26817 | R107: 1307848 | S107: 2262060 | T107: =R107/S107 -> 0.5781668 | U107: =D107+E107+F107 -> 493845 | V107: =H107+I107+J107 -> 721836 | W107: =K107 -> 23497 | X107: =Q107/R107 -> 0.020504676
A108: Diputaciones | B108: 2021 | C108: Colima | D108: 91504 | E108: 7273 | F108: 50286 | G108: 9167 | H108: 33078 | I108: 43615 | J108: 3041 | K108: 38349 | L108: 0 | M108: 3138 | N108: 9537 | O108: 0 | P108: 290 | Q108: 8418 | R108: 297696 | S108: 556319 | T108: =R108/S108 -> 0.53511744 | U108: =D108+E108+F108 -> 149063 | V108: =H108+I108+J108 -> 79734 | W108: =K108 -> 38349 | X108: =Q108/R108 -> 0.028277169
A109: Diputaciones | B109: 2021 | C109: Chiapas | D109: 790669 | E109: 152641 | F109: 436942 | G109: 144833 | H109: 74457 | I109: 270260 | J109: 51738 | K109: 68448 | L109: 0 | M109: 78926 | N109: 33173 | O109: 0 | P109: 2108 | Q109: 140620 | R109: 2244815 | S109: 3659796 | T109: =R109/S109 -> 0.61337162 | U109: =D109+E109+F109 -> 1380252 | V109: =H109+I109+J109 -> 396455 | W109: =K109 -> 68448 | X109: =Q109/R109 -> 0.062642133
A110: Diputaciones | B110: 2021 | C110: Chihuahua | D110: 404449 | E110: 24467 | F110: 38059 | G110: 30397 | H110: 489677 | I110: 164226 | J110: 15665 | K110: 114600 | L110: 0 | M110: 9731 | N110: 16108 | O110: 0 | P110: 737 | Q110: 44523 | R110: 1352639 | S110: 2894525 | T110: =R110/S110 -> 0.46730949 | U110: =D110+E110+F110 -> 466975 | V110: =H110+I110+J110 -> 669568 | W110: =K110 -> 114600 | X110: =Q110/R110 -> 0.032915656
A111: Diputaciones | B111: 2021 | C111: Ciudad de México | D111: 1542840 | E111: 87269 | F111: 120993 | G111: 71264 | H111: 1052039 | I111: 592354 | J111: 198525 | K111: 146636 | L111: 0 | M111: 32427 | N111: 91841 | O111: 0 | P111: 5004 | Q111: 120351 | R111: 4061543 | S111: 7772434 | T111: =R111/S111 -> 0.52255741 | U111: =D111+E111+F111 -> 1751102 | V111: =H111+I111+J111 -> 1842918 | W111: =K111 -> 146636 | X111: =Q111/R111 -> 0.029631842
A112: Diputaciones | B112: 2021 | C112: Durango | D112: 189578 | E112: 17498 | F112: 31233 | G112: 9764 | H112: 103414 | I112: 135974 | J112: 11119 | K112: 29462 | L112: 0 | M112: 21705 | N112: 8516 | O112: 0 | P112: 342 | Q112: 15356 | R112: 573961 | S112: 1332814 | T112: =R112/S112 -> 0.43063848 | U112: =D112+E112+F112 -> 238309 | V112: =H112+I112+J112 -> 250507 | W112: =K112 -> 29462 | X112: =Q112/R112 -> 0.026754431
A113: Diputaciones | B113: 2021 | C113: Guanajuato | D113: 487462 | E113: 37877 | F113: 109173 | G113: 33596 | H113: 852179 | I113: 245000 | J113: 44173 | K113: 88093 | L113: 0 | M113: 34390 | N113: 33976 | O113: 0 | P113: 1611 | Q113: 59286 | R113: 2026816 | S113: 4583856 | T113: =R113/S113 -> 0.44216398 | U113: =D113+E113+F113 -> 634512 | V113: =H113+I113+J113 -> 1141352 | W113: =K113 -> 88093 | X113: =Q113/R113 -> 0.029250805
A114: Diputaciones | B114: 2021 | C114: Guerrero | D114: 587605 | E114: 59756 | F114: 52496 | G114: 27604 | H114: 47037 | I114: 373460 | J114: 194175 | K114: 43185 | L114: 0 | M114: 16014 | N114: 21833 | O114: 0 | P114: 4631 | Q114: 54489 | R114: 1482285 | S114: 2563067 | T114: =R114/S114 -> 0.57832472 | U114: =D114+E114+F114 -> 699857 | V114: =H114+I114+J114 -> 614672 | W114: =K114 -> 43185 | X114: =Q114/R114 -> 0.036760137
... A134: Diputaciones | B134: 2021 | C134: Zacatecas | D134: 223733 | E134: 56342 | F134: 32432 | G134: 23811 | H134: 72120 | I134: 171317 | J134: 31928 | K134: 24753 | L134: 0 | M134: 5655 | N134: 25351 | O134: 0 | P134: 352 | Q134: 25829 | R134: 693623 | S134: 1211040 | T134: =R134/S134 -> 0.57274987 | U134: =D134+E134+F134 -> 312507 | V134: =H134+I134+J134 -> 275365 | W134: =K134 -> 24753 | X134: =Q134/R134 -> 0.037237808
A135: Diputaciones | B135: 2021 | C135: Nacional | D135: =SUM(D103:D134) -> 16798821 | E135: =SUM(E103:E134) -> 1570104 | F135: =SUM(F103:F134) -> 2656817 | G135: =SUM(G103:G134) -> 1352544 | H135: =SUM(H103:H134) -> 8979148 | I135: =SUM(I103:I134) -> 8734178 | J135: =SUM(J103:J134) -> 1764561 | K135: =SUM(K103:K134) -> 3449982 | ... S135: =SUM(S103:S134) -> 93328771 | T135: =R135/S135 -> 0.52664703 | U135: =SUM(U103:U134) -> 21025742 | V135: =SUM(V103:V134) -> 19477887 | W135: =SUM(W103:W134) -> 3449982 | X135: =Q135/R135 -> 0.034044294
A136: Diputaciones | B136: 2024 | C136: Aguascalientes | D136: 203071 | E136: 17423 | F136: 24194 | G136: 0 | H136: 271617 | I136: 49694 | J136: 16335 | K136: 52943 | L136: 0 | M136: 0 | N136: 0 | O136: 0 | P136: 585 | Q136: 20860 | R136: 656722 | S136: 1097367 | T136: =R136/S136 -> 0.59845248 | U136: =D136+E136+F136 -> 244688 | V136: =H136+I136+J136 -> 337646 | W136: =K136 -> 52943 | X136: =Q136/R136 -> 0.031763821
A137: Diputaciones | B137: 2024 | C137: Baja California | D137: 800032 | E137: 85432 | F137: 100576 | G137: 0 | H137: 238687 | I137: 76858 | J137: 18756 | K137: 139375 | L137: 0 | M137: 0 | N137: 0 | O137: 0 | P137: 2073 | Q137: 80640 | R137: 1542429 | S137: 3197828 | T137: =R137/S137 -> 0.48233645 | U137: =D137+E137+F137 -> 986040 | V137: =H137+I137+J137 -> 334301 | W137: =K137 -> 139375 | X137: =Q137/R137 -> 0.052281175
A138: Diputaciones | B138: 2024 | C138: Baja California Sur | D138: 140589 | E138: 28943 | F138: 20604 | G138: 0 | H138: 90559 | I138: 14138 | J138: 4867 | K138: 24420 | L138: 0 | M138: 0 | N138: 0 | O138: 0 | P138: 323 | Q138: 10798 | R138: 335241 | S138: 613630 | T138: =R138/S138 -> 0.54632433 | U138: =D138+E138+F138 -> 190136 | V138: =H138+I138+J138 -> 109564 | W138: =K138 -> 24420 | X138: =Q138/R138 -> 0.032209664
A139: Diputaciones | B139: 2024 | C139: Campeche | D139: 185873 | E139: 19376 | F139: 18046 | G139: 0 | H139: 20395 | I139: 44501 | J139: 3018 | K139: 141316 | L139: 0 | M139: 0 | N139: 0 | O139: 0 | P139: 269 | Q139: 13043 | R139: 445837 | S139: 694618 | T139: =R139/S139 -> 0.64184487 | U139: =D139+E139+F139 -> 223295 | V139: =H139+I139+J139 -> 67914 | W139: =K139 -> 141316 | X139: =Q139/R139 -> 0.029255087
A140: Diputaciones | B140: 2024 | C140: Coahuila | D140: 608354 | E140: 64753 | F140: 71397 | G140: 0 | H140: 98305 | I140: 610257 | J140: 27399 | K140: 61004 | L140: 0 | M140: 0 | N140: 0 | O140: 0 | P140: 526 | Q140: 34620 | R140: 1576615 | S140: 2410804 | T140: =R140/S140 -> 0.65397892 | U140: =D140+E140+F140 -> 744504 | V140: =H140+I140+J140 -> 735961 | W140: =K140 -> 61004 | X140: =Q140/R140 -> 0.021958436
A141: Diputaciones | B141: 2024 | C141: Colima | D141: 127500 | E141: 14235 | F141: 24167 | G141: 0 | H141: 49614 | I141: 50610 | J141: 7304 | K141: 54143 | L141: 0 | M141: 0 | N141: 0 | O141: 0 | P141: 305 | Q141: 10704 | R141: 338582 | S141: 584287 | T141: =R141/S141 -> 0.57947892 | U141: =D141+E141+F141 -> 165902 | V141: =H141+I141+J141 -> 107528 | W141: =K141 -> 54143 | X141: =Q141/R141 -> 0.031614203
A142: Diputaciones | B142: 2024 | C142: Chiapas | D142: 979469 | E142: 270091 | F142: 494754 | G142: 0 | H142: 113544 | I142: 225488 | J142: 39165 | K142: 149057 | L142: 0 | M142: 0 | N142: 0 | O142: 10032 | P142: 1812 | Q142: 172347 | R142: 2455759 | S142: 3944561 | T142: =R142/S142 -> 0.62256839 | U142: =D142+E142+F142 -> 1744314 | V142: =H142+I142+J142 -> 378197 | W142: =K142 -> 149057 | X142: =Q142/R142 -> 0.070180747
A143: Diputaciones | B143: 2024 | C143: Chihuahua | D143: 680831 | E143: 67538 | F143: 80384 | G143: 0 | H143: 411819 | I143: 170786 | J143: 27610 | K143: 138729 | L143: 0 | M143: 0 | N143: 0 | O143: 0 | P143: 1056 | Q143: 46866 | R143: 1625619 | S143: 3082424 | T143: =R143/S143 -> 0.52738332 | U143: =D143+E143+F143 -> 828753 | V143: =H143+I143+J143 -> 610215 | W143: =K143 -> 138729 | X143: =Q143/R143 -> 0.028829634
