Workbook

Sheet Resumen
A1: Presidencia 2024 – Resumen
A2: Fuente: PRES_2024.csv (PREP)
A4: Candidatura / bloque | B4: Votos | C4: % del total | D4: % de votos válidos | E4: Estados ganados | F4: Distritos ganados
A5: Sheinbaum (PVEM-PT-Morena) | B5: ='Por estado'!B36 -> 35924519 | C5: =B5/$B$10 -> 0.59759476 | D5: =B5/SUM($B$5:$B$7) -> 0.61271259 | E5: =COUNTIF('Por estado'!$N$4:$N$35,A5) -> 31 | F5: =COUNTIF('Por distrito'!$M$4:$M$303,A5) -> 275
A6: Gálvez (PAN-PRI-PRD) | B6: ='Por estado'!C36 -> 16502697 | C6: =B6/$B$10 -> 0.27451795 | D6: =B6/SUM($B$5:$B$7) -> 0.28146265 | E6: =COUNTIF('Por estado'!$N$4:$N$35,A6) -> 1 | F6: =COUNTIF('Por distrito'!$M$4:$M$303,A6) -> 25
A7: Máynez (MC) | B7: ='Por estado'!D36 -> 6204710 | C7: =B7/$B$10 -> 0.10321369 | D7: =B7/SUM($B$5:$B$7) -> 0.10582477 | E7: =COUNTIF('Por estado'!$N$4:$N$35,A7) -> 0 | F7: =COUNTIF('Por distrito'!$M$4:$M$303,A7) -> 0
A8: No registrados | B8: ='Por estado'!E36 -> 83114 | C8: =B8/$B$10 -> 0.0013825792
A9: Votos nulos | B9: ='Por estado'!F36 -> 1400144 | C9: =B9/$B$10 -> 0.023291021
A10: Total votos emitidos | B10: ='Por estado'!G36 -> 60115184
A11: Lista nominal | B11: ='Por estado'!H36 -> 98468994
A12: Participación | B12: =B10/B11 -> 0.61049861
A13: Actas | B13: ='Votos por partido'!B36 -> 170766
A15: Casillas sin distrito (tipos V y M) | B15: Casillas | C15: Votos | D15: Sheinbaum % | E15: Gálvez % | F15: Máynez %
A16: Tipo M | B16: 87 | C16: 39586 | D16: 0.68448441 | E16: 0.28138736 | F16: 0.021598545
A17: Tipo V | B17: 64 | C17: 144740 | D17: 0.44503247 | E17: 0.520789 | F17: 0.024727097
A18: Total | B18: 151 | C18: 184326 | D18: 0.49645736 | E18: 0.46937491 | F18: 0.024055207
A20: Notas:
A21: Los nombres de las candidaturas son una asignación mía a partir de las coaliciones (PVEM-PT-Morena; PAN-PRI-PRD; MC); el archivo solo trae partidos y combinaciones. Cada bloque suma el partido solo más sus combinaciones de coalición.
A22: Los votos de las casillas tipos V y M (151 casillas, 184,326 votos) no tienen distrito federal y llevan la clave de sección 4074 en el archivo; por eso entran en los totales por estado pero no en la hoja Por distrito. Es probable que correspondan al voto desde el extranjero, pero el archivo no lo indica.
A23: 145 actas sin datos (paquetes no recibidos o casillas no instaladas) se tomaron como cero. Las casillas especiales (tipo S, 990,000 votos) no tienen lista nominal, por lo que 1,178 de las 1,271 casillas donde los votos superan la lista nominal son esas; la participación calculada (61.05%) coincide con la del encabezado del archivo.
A24: Se computaron los resultados del PREP; no se validan contra el cómputo distrital oficial.

Sheet Por estado
A1: Resultados por estado y candidatura – Presidencia 2024 (fuente: PRES_2024.csv)
A2: Incluye todos los votos del estado (también casillas tipo V y M sin distrito). Las columnas de distritos cuentan los ganados por cada candidatura en la hoja Por distrito.
A3: Estado | B3: Sheinbaum (PVEM-PT-Morena) | C3: Gálvez (PAN-PRI-PRD) | D3: Máynez (MC) | E3: No registrados | F3: Votos nulos | G3: Total votos | H3: Lista nominal | I3: Participación | J3: Sheinbaum % | K3: Gálvez % | L3: Máynez % | M3: Votos nulos % | N3: Candidatura ganadora | O3: Margen (pts) | P3: Distritos: Sheinbaum | Q3: Distritos: Gálvez | R3: Distritos: Máynez | S3: Distritos con casillas
A4: ='Votos por partido'!A4 -> Aguascalientes | B4: ='Votos por partido'!F4+'Votos por partido'!G4+'Votos por partido'!I4+'Votos por partido'!N4+'Votos por partido'!O4+'Votos por partido'!P4+'Votos por partido'!Q4 -> 284706 | C4: ='Votos por partido'!C4+'Votos por partido'!D4+'Votos por partido'!E4+'Votos por partido'!J4+'Votos por partido'!K4+'Votos por partido'!L4+'Votos por partido'!M4 -> 306262 | D4: ='Votos por partido'!H4 -> 59498 | E4: ='Votos por partido'!R4 -> 1571 | F4: ='Votos por partido'!S4 -> 14205 | G4: ='Votos por partido'!T4 -> 666242 | H4: ='Votos por partido'!U4 -> 1100142 | I4: =G4/H4 -> 0.60559637 | J4: =B4/G4 -> 0.42733121 | K4: =C4/G4 -> 0.45968582 | L4: =D4/G4 -> 0.089303887 | M4: =F4/G4 -> 0.021321082 | N4: =INDEX($B$3:$D$3,MATCH(MAX(B4:D4),B4:D4,0)) -> Gálvez (PAN-PRI-PRD) | O4: =(MAX(B4:D4)-LARGE(B4:D4,2))/G4*100 -> 3.235461 | P4: =COUNTIFS('Por distrito'!$A$4:$A$303,$A4,'Por distrito'!$M$4:$M$303,B$3) -> 2 | Q4: =COUNTIFS('Por distrito'!$A$4:$A$303,$A4,'Por distrito'!$M$4:$M$303,C$3) -> 1 | R4: =COUNTIFS('Por distrito'!$A$4:$A$303,$A4,'Por distrito'!$M$4:$M$303,D$3) -> 0 | S4: =COUNTIF('Por distrito'!$A$4:$A$303,$A4) -> 3
A5: ='Votos por partido'!A5 -> Baja California | B5: ='Votos por partido'!F5+'Votos por partido'!G5+'Votos por partido'!I5+'Votos por partido'!N5+'Votos por partido'!O5+'Votos por partido'!P5+'Votos por partido'!Q5 -> 1039973 | C5: ='Votos por partido'!C5+'Votos por partido'!D5+'Votos por partido'!E5+'Votos por partido'!J5+'Votos por partido'!K5+'Votos por partido'!L5+'Votos por partido'!M5 -> 330657 | D5: ='Votos por partido'!H5 -> 155262 | E5: ='Votos por partido'!R5 -> 2929 | F5: ='Votos por partido'!S5 -> 31512 | G5: ='Votos por partido'!T5 -> 1560333 | H5: ='Votos por partido'!U5 -> 3202396 | I5: =G5/H5 -> 0.48723924 | J5: =B5/G5 -> 0.66650709 | K5: =C5/G5 -> 0.21191438 | L5: =D5/G5 -> 0.099505682 | M5: =F5/G5 -> 0.020195689 | N5: =INDEX($B$3:$D$3,MATCH(MAX(B5:D5),B5:D5,0)) -> Sheinbaum (PVEM-PT-Morena) | O5: =(MAX(B5:D5)-LARGE(B5:D5,2))/G5*100 -> 45.459271 | P5: =COUNTIFS('Por distrito'!$A$4:$A$303,$A5,'Por distrito'!$M$4:$M$303,B$3) -> 9 | Q5: =COUNTIFS('Por distrito'!$A$4:$A$303,$A5,'Por distrito'!$M$4:$M$303,C$3) -> 0 | R5: =COUNTIFS('Por distrito'!$A$4:$A$303,$A5,'Por distrito'!$M$4:$M$303,D$3) -> 0 | S5: =COUNTIF('Por distrito'!$A$4:$A$303,$A5) -> 9
A6: ='Votos por partido'!A6 -> Baja California Sur | B6: ='Votos por partido'!F6+'Votos por partido'!G6+'Votos por partido'!I6+'Votos por partido'!N6+'Votos por partido'!O6+'Votos por partido'!P6+'Votos por partido'!Q6 -> 201126 | C6: ='Votos por partido'!C6+'Votos por partido'!D6+'Votos por partido'!E6+'Votos por partido'!J6+'Votos por partido'!K6+'Votos por partido'!L6+'Votos por partido'!M6 -> 101136 | D6: ='Votos por partido'!H6 -> 29825 | E6: ='Votos por partido'!R6 -> 463 | F6: ='Votos por partido'!S6 -> 7539 | G6: ='Votos por partido'!T6 -> 340089 | H6: ='Votos por partido'!U6 -> 614239 | I6: =G6/H6 -> 0.55367536 | J6: =B6/G6 -> 0.59139225 | K6: =C6/G6 -> 0.29738098 | L6: =D6/G6 -> 0.087697632 | M6: =F6/G6 -> 0.022167727 | N6: =INDEX($B$3:$D$3,MATCH(MAX(B6:D6),B6:D6,0)) -> Sheinbaum (PVEM-PT-Morena) | O6: =(MAX(B6:D6)-LARGE(B6:D6,2))/G6*100 -> 29.401127 | P6: =COUNTIFS('Por distrito'!$A$4:$A$303,$A6,'Por distrito'!$M$4:$M$303,B$3) -> 2 | Q6: =COUNTIFS('Por distrito'!$A$4:$A$303,$A6,'Por distrito'!$M$4:$M$303,C$3) -> 0 | R6: =COUNTIFS('Por distrito'!$A$4:$A$303,$A6,'Por distrito'!$M$4:$M$303,D$3) -> 0 | S6: =COUNTIF('Por distrito'!$A$4:$A$303,$A6) -> 2
A7: ='Votos por partido'!A7 -> Campeche | B7: ='Votos por partido'!F7+'Votos por partido'!G7+'Votos por partido'!I7+'Votos por partido'!N7+'Votos por partido'!O7+'Votos por partido'!P7+'Votos por partido'!Q7 -> 275315 | C7: ='Votos por partido'!C7+'Votos por partido'!D7+'Votos por partido'!E7+'Votos por partido'!J7+'Votos por partido'!K7+'Votos por partido'!L7+'Votos por partido'!M7 -> 69546 | D7: ='Votos por partido'!H7 -> 94280 | E7: ='Votos por partido'!R7 -> 432 | F7: ='Votos por partido'!S7 -> 9570 | G7: ='Votos por partido'!T7 -> 449143 | H7: ='Votos por partido'!U7 -> 695148 | I7: =G7/H7 -> 0.64611133 | J7: =B7/G7 -> 0.61297849 | K7: =C7/G7 -> 0.15484155 | L7: =D7/G7 -> 0.20991087 | M7: =F7/G7 -> 0.021307245 | N7: =INDEX($B$3:$D$3,MATCH(MAX(B7:D7),B7:D7,0)) -> Sheinbaum (PVEM-PT-Morena) | O7: =(MAX(B7:D7)-LARGE(B7:D7,2))/G7*100 -> 40.306762 | P7: =COUNTIFS('Por distrito'!$A$4:$A$303,$A7,'Por distrito'!$M$4:$M$303,B$3) -> 2 | Q7: =COUNTIFS('Por distrito'!$A$4:$A$303,$A7,'Por distrito'!$M$4:$M$303,C$3) -> 0 | R7: =COUNTIFS('Por distrito'!$A$4:$A$303,$A7,'Por distrito'!$M$4:$M$303,D$3) -> 0 | S7: =COUNTIF('Por distrito'!$A$4:$A$303,$A7) -> 2
A8: ='Votos por partido'!A8 -> Coahuila | B8: ='Votos por partido'!F8+'Votos por partido'!G8+'Votos por partido'!I8+'Votos por partido'!N8+'Votos por partido'!O8+'Votos por partido'!P8+'Votos por partido'!Q8 -> 853437 | C8: ='Votos por partido'!C8+'Votos por partido'!D8+'Votos por partido'!E8+'Votos por partido'!J8+'Votos por partido'!K8+'Votos por partido'!L8+'Votos por partido'!M8 -> 617208 | D8: ='Votos por partido'!H8 -> 85857 | E8: ='Votos por partido'!R8 -> 1203 | F8: ='Votos por partido'!S8 -> 31004 | G8: ='Votos por partido'!T8 -> 1588709 | H8: ='Votos por partido'!U8 -> 2414990 | I8: =G8/H8 -> 0.65785324 | J8: =B8/G8 -> 0.537189 | K8: =C8/G8 -> 0.38849657 | L8: =D8/G8 -> 0.054041993 | M8: =F8/G8 -> 0.019515216 | N8: =INDEX($B$3:$D$3,MATCH(MAX(B8:D8),B8:D8,0)) -> Sheinbaum (PVEM-PT-Morena) | O8: =(MAX(B8:D8)-LARGE(B8:D8,2))/G8*100 -> 14.869243 | P8: =COUNTIFS('Por distrito'!$A$4:$A$303,$A8,'Por distrito'!$M$4:$M$303,B$3) -> 8 | Q8: =COUNTIFS('Por distrito'!$A$4:$A$303,$A8,'Por distrito'!$M$4:$M$303,C$3) -> 0 | R8: =COUNTIFS('Por distrito'!$A$4:$A$303,$A8,'Por distrito'!$M$4:$M$303,D$3) -> 0 | S8: =COUNTIF('Por distrito'!$A$4:$A$303,$A8) -> 8
A9: ='Votos por partido'!A9 -> Colima | B9: ='Votos por partido'!F9+'Votos por partido'!G9+'Votos por partido'!I9+'Votos por partido'!N9+'Votos por partido'!O9+'Votos por partido'!P9+'Votos por partido'!Q9 -> 188093 | C9: ='Votos por partido'!C9+'Votos por partido'!D9+'Votos por partido'!E9+'Votos por partido'!J9+'Votos por partido'!K9+'Votos por partido'!L9+'Votos por partido'!M9 -> 103580 | D9: ='Votos por partido'!H9 -> 46092 | E9: ='Votos por partido'!R9 -> 698 | F9: ='Votos por partido'!S9 -> 7247 | G9: ='Votos por partido'!T9 -> 345710 | H9: ='Votos por partido'!U9 -> 585817 | I9: =G9/H9 -> 0.5901331 | J9: =B9/G9 -> 0.54407741 | K9: =C9/G9 -> 0.29961528 | L9: =D9/G9 -> 0.13332562 | M9: =F9/G9 -> 0.020962657 | N9: =INDEX($B$3:$D$3,MATCH(MAX(B9:D9),B9:D9,0)) -> Sheinbaum (PVEM-PT-Morena) | O9: =(MAX(B9:D9)-LARGE(B9:D9,2))/G9*100 -> 24.446212 | P9: =COUNTIFS('Por distrito'!$A$4:$A$303,$A9,'Por distrito'!$M$4:$M$303,B$3) -> 2 | Q9: =COUNTIFS('Por distrito'!$A$4:$A$303,$A9,'Por distrito'!$M$4:$M$303,C$3) -> 0 | R9: =COUNTIFS('Por distrito'!$A$4:$A$303,$A9,'Por distrito'!$M$4:$M$303,D$3) -> 0 | S9: =COUNTIF('Por distrito'!$A$4:$A$303,$A9) -> 2
A10: ='Votos por partido'!A10 -> Chiapas | B10: ='Votos por partido'!F10+'Votos por partido'!G10+'Votos por partido'!I10+'Votos por partido'!N10+'Votos por partido'!O10+'Votos por partido'!P10+'Votos por partido'!Q10 -> 1769444 | C10: ='Votos por partido'!C10+'Votos por partido'!D10+'Votos por partido'!E10+'Votos por partido'!J10+'Votos por partido'!K10+'Votos por partido'!L10+'Votos por partido'!M10 -> 412846 | D10: ='Votos por partido'!H10 -> 183101 | E10: ='Votos por partido'!R10 -> 2269 | F10: ='Votos por partido'!S10 -> 105298 | G10: ='Votos por partido'!T10 -> 2472958 | H10: ='Votos por partido'!U10 -> 3948293 | I10: =G10/H10 -> 0.62633599 | J10: =B10/G10 -> 0.71551721 | K10: =C10/G10 -> 0.1669442 | L10: =D10/G10 -> 0.07404129 | M10: =F10/G10 -> 0.042579777 | N10: =INDEX($B$3:$D$3,MATCH(MAX(B10:D10),B10:D10,0)) -> Sheinbaum (PVEM-PT-Morena) | O10: =(MAX(B10:D10)-LARGE(B10:D10,2))/G10*100 -> 54.8573 | P10: =COUNTIFS('Por distrito'!$A$4:$A$303,$A10,'Por distrito'!$M$4:$M$303,B$3) -> 13 | Q10: =COUNTIFS('Por distrito'!$A$4:$A$303,$A10,'Por distrito'!$M$4:$M$303,C$3) -> 0 | R10: =COUNTIFS('Por distrito'!$A$4:$A$303,$A10,'Por distrito'!$M$4:$M$303,D$3) -> 0 | S10: =COUNTIF('Por distrito'!$A$4:$A$303,$A10) -> 13
A11: ='Votos por partido'!A11 -> Chihuahua | B11: ='Votos por partido'!F11+'Votos por partido'!G11+'Votos por partido'!I11+'Votos por partido'!N11+'Votos por partido'!O11+'Votos por partido'!P11+'Votos por partido'!Q11 -> 885869 | C11: ='Votos por partido'!C11+'Votos por partido'!D11+'Votos por partido'!E11+'Votos por partido'!J11+'Votos por partido'!K11+'Votos por partido'!L11+'Votos por partido'!M11 -> 559690 | D11: ='Votos por partido'!H11 -> 157077 | E11: ='Votos por partido'!R11 -> 2280 | F11: ='Votos por partido'!S11 -> 39737 | G11: ='Votos por partido'!T11 -> 1644653 | H11: ='Votos por partido'!U11 -> 3090113 | I11: =G11/H11 -> 0.5322307 | J11: =B11/G11 -> 0.53863581 | K11: =C11/G11 -> 0.34030887 | L11: =D11/G11 -> 0.095507685 | M11: =F11/G11 -> 0.024161328 | N11: =INDEX($B$3:$D$3,MATCH(MAX(B11:D11),B11:D11,0)) -> Sheinbaum (PVEM-PT-Morena) | O11: =(MAX(B11:D11)-LARGE(B11:D11,2))/G11*100 -> 19.832694 | P11: =COUNTIFS('Por distrito'!$A$4:$A$303,$A11,'Por distrito'!$M$4:$M$303,B$3) -> 8 | Q11: =COUNTIFS('Por distrito'!$A$4:$A$303,$A11,'Por distrito'!$M$4:$M$303,C$3) -> 1 | R11: =COUNTIFS('Por distrito'!$A$4:$A$303,$A11,'Por distrito'!$M$4:$M$303,D$3) -> 0 | S11: =COUNTIF('Por distrito'!$A$4:$A$303,$A11) -> 9
A12: ='Votos por partido'!A12 -> Ciudad de México | B12: ='Votos por partido'!F12+'Votos por partido'!G12+'Votos por partido'!I12+'Votos por partido'!N12+'Votos por partido'!O12+'Votos por partido'!P12+'Votos por partido'!Q12 -> 3095413 | C12: ='Votos por partido'!C12+'Votos por partido'!D12+'Votos por partido'!E12+'Votos por partido'!J12+'Votos por partido'!K12+'Votos por partido'!L12+'Votos por partido'!M12 -> 1937152 | D12: ='Votos por partido'!H12 -> 467960 | E12: ='Votos por partido'!R12 -> 9723 | F12: ='Votos por partido'!S12 -> 97303 | G12: ='Votos por partido'!T12 -> 5607551 | H12: ='Votos por partido'!U12 -> 7971324 | I12: =G12/H12 -> 0.70346545 | J12: =B12/G12 -> 0.552008 | K12: =C12/G12 -> 0.34545419 | L12: =D12/G12 -> 0.08345176 | M12: =F12/G12 -> 0.017352138 | N12: =INDEX($B$3:$D$3,MATCH(MAX(B12:D12),B12:D12,0)) -> Sheinbaum (PVEM-PT-Morena) | O12: =(MAX(B12:D12)-LARGE(B12:D12,2))/G12*100 -> 20.655381 | P12: =COUNTIFS('Por distrito'!$A$4:$A$303,$A12,'Por distrito'!$M$4:$M$303,B$3) -> 20 | Q12: =COUNTIFS('Por distrito'!$A$4:$A$303,$A12,'Por distrito'!$M$4:$M$303,C$3) -> 2 | R12: =COUNTIFS('Por distrito'!$A$4:$A$303,$A12,'Por distrito'!$M$4:$M$303,D$3) -> 0 | S12: =COUNTIF('Por distrito'!$A$4:$A$303,$A12) -> 22
A13: ='Votos por partido'!A13 -> Durango | B13: ='Votos por partido'!F13+'Votos por partido'!G13+'Votos por partido'!I13+'Votos por partido'!N13+'Votos por partido'!O13+'Votos por partido'!P13+'Votos por partido'!Q13 -> 455237 | C13: ='Votos por partido'!C13+'Votos por partido'!D13+'Votos por partido'!E13+'Votos por partido'!J13+'Votos por partido'!K13+'Votos por partido'!L13+'Votos por partido'!M13 -> 250283 | D13: ='Votos por partido'!H13 -> 56129 | E13: ='Votos por partido'!R13 -> 698 | F13: ='Votos por partido'!S13 -> 16563 | G13: ='Votos por partido'!T13 -> 778910 | H13: ='Votos por partido'!U13 -> 1402239 | I13: =G13/H13 -> 0.55547592 | J13: =B13/G13 -> 0.58445392 | K13: =C13/G13 -> 0.32132467 | L13: =D13/G13 -> 0.072060957 | M13: =F13/G13 -> 0.021264331 | N13: =INDEX($B$3:$D$3,MATCH(MAX(B13:D13),B13:D13,0)) -> Sheinbaum (PVEM-PT-Morena) | O13: =(MAX(B13:D13)-LARGE(B13:D13,2))/G13*100 -> 26.312924 | P13: =COUNTIFS('Por distrito'!$A$4:$A$303,$A13,'Por distrito'!$M$4:$M$303,B$3) -> 4 | Q13: =COUNTIFS('Por distrito'!$A$4:$A$303,$A13,'Por distrito'!$M$4:$M$303,C$3) -> 0 | R13: =COUNTIFS('Por distrito'!$A$4:$A$303,$A13,'Por distrito'!$M$4:$M$303,D$3) -> 0 | S13: =COUNTIF('Por distrito'!$A$4:$A$303,$A13) -> 4
A14: ='Votos por partido'!A14 -> Guanajuato | B14: ='Votos por partido'!F14+'Votos por partido'!G14+'Votos por partido'!I14+'Votos por partido'!N14+'Votos por partido'!O14+'Votos por partido'!P14+'Votos por partido'!Q14 -> 1302706 | C14: ='Votos por partido'!C14+'Votos por partido'!D14+'Votos por partido'!E14+'Votos por partido'!J14+'Votos por partido'!K14+'Votos por partido'!L14+'Votos por partido'!M14 -> 1103326 | D14: ='Votos por partido'!H14 -> 291379 | E14: ='Votos por partido'!R14 -> 4613 | F14: ='Votos por partido'!S14 -> 57068 | G14: ='Votos por partido'!T14 -> 2759092 | H14: ='Votos por partido'!U14 -> 4843711 | I14: =G14/H14 -> 0.56962358 | J14: =B14/G14 -> 0.47215026 | K14: =C14/G14 -> 0.39988735 | L14: =D14/G14 -> 0.10560684 | M14: =F14/G14 -> 0.020683616 | N14: =INDEX($B$3:$D$3,MATCH(MAX(B14:D14),B14:D14,0)) -> Sheinbaum (PVEM-PT-Morena) | O14: =(MAX(B14:D14)-LARGE(B14:D14,2))/G14*100 -> 7.2262904 | P14: =COUNTIFS('Por distrito'!$A$4:$A$303,$A14,'Por distrito'!$M$4:$M$303,B$3) -> 10 | Q14: =COUNTIFS('Por distrito'!$A$4:$A$303,$A14,'Por distrito'!$M$4:$M$303,C$3) -> 5 | R14: =COUNTIFS('Por distrito'!$A$4:$A$303,$A14,'Por distrito'!$M$4:$M$303,D$3) -> 0 | S14: =COUNTIF('Por distrito'!$A$4:$A$303,$A14) -> 15
A15: ='Votos por partido'!A15 -> Guerrero | B15: ='Votos por partido'!F15+'Votos por partido'!G15+'Votos por partido'!I15+'Votos por partido'!N15+'Votos por partido'!O15+'Votos por partido'!P15+'Votos por partido'!Q15 -> 1110844 | C15: ='Votos por partido'!C15+'Votos por partido'!D15+'Votos por partido'!E15+'Votos por partido'!J15+'Votos por partido'!K15+'Votos por partido'!L15+'Votos por partido'!M15 -> 291130 | D15: ='Votos por partido'!H15 -> 98827 | E15: ='Votos por partido'!R15 -> 1430 | F15: ='Votos por partido'!S15 -> 47869 | G15: ='Votos por partido'!T15 -> 1550100 | H15: ='Votos por partido'!U15 -> 2651803 | I15: =G15/H15 -> 0.58454568 | J15: =B15/G15 -> 0.71662731 | K15: =C15/G15 -> 0.18781369 | L15: =D15/G15 -> 0.063755242 | M15: =F15/G15 -> 0.030881233 | N15: =INDEX($B$3:$D$3,MATCH(MAX(B15:D15),B15:D15,0)) -> Sheinbaum (PVEM-PT-Morena) | O15: =(MAX(B15:D15)-LARGE(B15:D15,2))/G15*100 -> 52.881362 | P15: =COUNTIFS('Por distrito'!$A$4:$A$303,$A15,'Por distrito'!$M$4:$M$303,B$3) -> 8 | Q15: =COUNTIFS('Por distrito'!$A$4:$A$303,$A15,'Por distrito'!$M$4:$M$303,C$3) -> 0 | R15: =COUNTIFS('Por distrito'!$A$4:$A$303,$A15,'Por distrito'!$M$4:$M$303,D$3) -> 0 | S15: =COUNTIF('Por distrito'!$A$4:$A$303,$A15) -> 8
... A35: ='Votos por partido'!A35 -> Zacatecas | B35: ='Votos por partido'!F35+'Votos por partido'!G35+'Votos por partido'!I35+'Votos por partido'!N35+'Votos por partido'!O35+'Votos por partido'!P35+'Votos por partido'!Q35 -> 388690 | C35: ='Votos por partido'!C35+'Votos por partido'!D35+'Votos por partido'!E35+'Votos por partido'!J35+'Votos por partido'!K35+'Votos por partido'!L35+'Votos por partido'!M35 -> 230993 | D35: ='Votos por partido'!H35 -> 130376 | E35: ='Votos por partido'!R35 -> 1373 | F35: ='Votos por partido'!S35 -> 20514 | G35: ='Votos por partido'!T35 -> 771946 | H35: ='Votos por partido'!U35 -> 1270180 | I35: =G35/H35 -> 0.60774536 | J35: =B35/G35 -> 0.50351968 | K35: =C35/G35 -> 0.29923466 | L35: =D35/G35 -> 0.16889264 | M35: =F35/G35 -> 0.026574398 | N35: =INDEX($B$3:$D$3,MATCH(MAX(B35:D35),B35:D35,0)) -> Sheinbaum (PVEM-PT-Morena) | O35: =(MAX(B35:D35)-LARGE(B35:D35,2))/G35*100 -> 20.428501 | P35: =COUNTIFS('Por distrito'!$A$4:$A$303,$A35,'Por distrito'!$M$4:$M$303,B$3) -> 4 | Q35: =COUNTIFS('Por distrito'!$A$4:$A$303,$A35,'Por distrito'!$M$4:$M$303,C$3) -> 0 | R35: =COUNTIFS('Por distrito'!$A$4:$A$303,$A35,'Por distrito'!$M$4:$M$303,D$3) -> 0 | S35: =COUNTIF('Por distrito'!$A$4:$A$303,$A35) -> 4
A36: Nacional | B36: ='Votos por partido'!F36+'Votos por partido'!G36+'Votos por partido'!I36+'Votos por partido'!N36+'Votos por partido'!O36+'Votos por partido'!P36+'Votos por partido'!Q36 -> 35924519 | C36: ='Votos por partido'!C36+'Votos por partido'!D36+'Votos por partido'!E36+'Votos por partido'!J36+'Votos por partido'!K36+'Votos por partido'!L36+'Votos por partido'!M36 -> 16502697 | D36: ='Votos por partido'!H36 -> 6204710 | E36: ='Votos por partido'!R36 -> 83114 | F36: ='Votos por partido'!S36 -> 1400144 | G36: ='Votos por partido'!T36 -> 60115184 | H36: ='Votos por partido'!U36 -> 98468994 | I36: =G36/H36 -> 0.61049861 | J36: =B36/G36 -> 0.59759476 | K36: =C36/G36 -> 0.27451795 | L36: =D36/G36 -> 0.10321369 | M36: =F36/G36 -> 0.023291021 | N36: =INDEX($B$3:$D$3,MATCH(MAX(B36:D36),B36:D36,0)) -> Sheinbaum (PVEM-PT-Morena) | O36: =(MAX(B36:D36)-LARGE(B36:D36,2))/G36*100 -> 32.307681 | P36: =SUM(P4:P35) -> 275 | Q36: =SUM(Q4:Q35) -> 25 | R36: =SUM(R4:R35) -> 0 | S36: =SUM(S4:S35) -> 300

Sheet Por distrito
A1: Resultados por distrito federal – Presidencia 2024 (fuente: PRES_2024.csv)
A2: Bloque = partido solo + combinaciones de coalición. No incluye las casillas sin distrito (tipos V y M, 184,326 votos), que sí están en los totales por estado.
A3: Estado | B3: Distrito | C3: Sheinbaum (PVEM-PT-Morena) | D3: Gálvez (PAN-PRI-PRD) | E3: Máynez (MC) | F3: No registrados | G3: Votos nulos | H3: Total votos | I3: Sheinbaum % | J3: Gálvez % | K3: Máynez % | L3: Votos nulos % | M3: Candidatura ganadora | N3: Margen (pts)
A4: Aguascalientes | B4: 1 | C4: 103495 | D4: 94132 | E4: 19600 | F4: 374 | G4: 5645 | H4: 223246 | I4: =IF(H4=0,0,C4/H4) -> 0.46359173 | J4: =IF(H4=0,0,D4/H4) -> 0.42165145 | K4: =IF(H4=0,0,E4/H4) -> 0.087795526 | L4: =IF(H4=0,0,G4/H4) -> 0.025286007 | M4: =INDEX($C$3:$E$3,MATCH(MAX(C4:E4),C4:E4,0)) -> Sheinbaum (PVEM-PT-Morena) | N4: =IF(H4=0,0,(MAX(C4:E4)-LARGE(C4:E4,2))/H4*100) -> 4.1940281
A5: Aguascalientes | B5: 2 | C5: 91844 | D5: 78823 | E5: 19977 | F5: 497 | G5: 4223 | H5: 195364 | I5: =IF(H5=0,0,C5/H5) -> 0.47011732 | J5: =IF(H5=0,0,D5/H5) -> 0.40346737 | K5: =IF(H5=0,0,E5/H5) -> 0.10225528 | L5: =IF(H5=0,0,G5/H5) -> 0.02161606 | M5: =INDEX($C$3:$E$3,MATCH(MAX(C5:E5),C5:E5,0)) -> Sheinbaum (PVEM-PT-Morena) | N5: =IF(H5=0,0,(MAX(C5:E5)-LARGE(C5:E5,2))/H5*100) -> 6.6649946
A6: Aguascalientes | B6: 3 | C6: 88506 | D6: 132159 | E6: 19857 | F6: 694 | G6: 4320 | H6: 245536 | I6: =IF(H6=0,0,C6/H6) -> 0.36046038 | J6: =IF(H6=0,0,D6/H6) -> 0.53824694 | K6: =IF(H6=0,0,E6/H6) -> 0.080872051 | L6: =IF(H6=0,0,G6/H6) -> 0.017594161 | M6: =INDEX($C$3:$E$3,MATCH(MAX(C6:E6),C6:E6,0)) -> Gálvez (PAN-PRI-PRD) | N6: =IF(H6=0,0,(MAX(C6:E6)-LARGE(C6:E6,2))/H6*100) -> 17.778656
A7: Baja California | B7: 1 | C7: 93594 | D7: 56853 | E7: 16684 | F7: 262 | G7: 2942 | H7: 170335 | I7: =IF(H7=0,0,C7/H7) -> 0.54947016 | J7: =IF(H7=0,0,D7/H7) -> 0.33377169 | K7: =IF(H7=0,0,E7/H7) -> 0.097948161 | L7: =IF(H7=0,0,G7/H7) -> 0.017271847 | M7: =INDEX($C$3:$E$3,MATCH(MAX(C7:E7),C7:E7,0)) -> Sheinbaum (PVEM-PT-Morena) | N7: =IF(H7=0,0,(MAX(C7:E7)-LARGE(C7:E7,2))/H7*100) -> 21.569848
A8: Baja California | B8: 2 | C8: 102557 | D8: 45280 | E8: 17295 | F8: 271 | G8: 3614 | H8: 169017 | I8: =IF(H8=0,0,C8/H8) -> 0.60678512 | J8: =IF(H8=0,0,D8/H8) -> 0.26790205 | K8: =IF(H8=0,0,E8/H8) -> 0.10232698 | L8: =IF(H8=0,0,G8/H8) -> 0.021382464 | M8: =INDEX($C$3:$E$3,MATCH(MAX(C8:E8),C8:E8,0)) -> Sheinbaum (PVEM-PT-Morena) | N8: =IF(H8=0,0,(MAX(C8:E8)-LARGE(C8:E8,2))/H8*100) -> 33.888307
A9: Baja California | B9: 3 | C9: 114233 | D9: 36128 | E9: 16008 | F9: 386 | G9: 4222 | H9: 170977 | I9: =IF(H9=0,0,C9/H9) -> 0.6681191 | J9: =IF(H9=0,0,D9/H9) -> 0.21130327 | K9: =IF(H9=0,0,E9/H9) -> 0.093626628 | L9: =IF(H9=0,0,G9/H9) -> 0.02469338 | M9: =INDEX($C$3:$E$3,MATCH(MAX(C9:E9),C9:E9,0)) -> Sheinbaum (PVEM-PT-Morena) | N9: =IF(H9=0,0,(MAX(C9:E9)-LARGE(C9:E9,2))/H9*100) -> 45.681583
A10: Baja California | B10: 4 | C10: 139436 | D10: 15277 | E10: 17812 | F10: 266 | G10: 3259 | H10: 176050 | I10: =IF(H10=0,0,C10/H10) -> 0.79202499 | J10: =IF(H10=0,0,D10/H10) -> 0.086776484 | K10: =IF(H10=0,0,E10/H10) -> 0.1011758 | L10: =IF(H10=0,0,G10/H10) -> 0.018511786 | M10: =INDEX($C$3:$E$3,MATCH(MAX(C10:E10),C10:E10,0)) -> Sheinbaum (PVEM-PT-Morena) | N10: =IF(H10=0,0,(MAX(C10:E10)-LARGE(C10:E10,2))/H10*100) -> 69.084919
A11: Baja California | B11: 5 | C11: 121355 | D11: 56109 | E11: 21072 | F11: 468 | G11: 3530 | H11: 202534 | I11: =IF(H11=0,0,C11/H11) -> 0.59918335 | J11: =IF(H11=0,0,D11/H11) -> 0.27703497 | K11: =IF(H11=0,0,E11/H11) -> 0.10404179 | L11: =IF(H11=0,0,G11/H11) -> 0.017429172 | M11: =INDEX($C$3:$E$3,MATCH(MAX(C11:E11),C11:E11,0)) -> Sheinbaum (PVEM-PT-Morena) | N11: =IF(H11=0,0,(MAX(C11:E11)-LARGE(C11:E11,2))/H11*100) -> 32.214838
A12: Baja California | B12: 6 | C12: 119532 | D12: 43566 | E12: 20086 | F12: 424 | G12: 3617 | H12: 187225 | I12: =IF(H12=0,0,C12/H12) -> 0.63844038 | J12: =IF(H12=0,0,D12/H12) -> 0.23269328 | K12: =IF(H12=0,0,E12/H12) -> 0.10728268 | L12: =IF(H12=0,0,G12/H12) -> 0.019319001 | M12: =INDEX($C$3:$E$3,MATCH(MAX(C12:E12),C12:E12,0)) -> Sheinbaum (PVEM-PT-Morena) | N12: =IF(H12=0,0,(MAX(C12:E12)-LARGE(C12:E12,2))/H12*100) -> 40.57471
A13: Baja California | B13: 7 | C13: 105369 | D13: 31267 | E13: 14554 | F13: 217 | G13: 4041 | H13: 155448 | I13: =IF(H13=0,0,C13/H13) -> 0.67784082 | J13: =IF(H13=0,0,D13/H13) -> 0.20114122 | K13: =IF(H13=0,0,E13/H13) -> 0.093626164 | L13: =IF(H13=0,0,G13/H13) -> 0.025995831 | M13: =INDEX($C$3:$E$3,MATCH(MAX(C13:E13),C13:E13,0)) -> Sheinbaum (PVEM-PT-Morena) | N13: =IF(H13=0,0,(MAX(C13:E13)-LARGE(C13:E13,2))/H13*100) -> 47.66996
A14: Baja California | B14: 8 | C14: 124112 | D14: 22943 | E14: 16722 | F14: 336 | G14: 3035 | H14: 167148 | I14: =IF(H14=0,0,C14/H14) -> 0.74252758 | J14: =IF(H14=0,0,D14/H14) -> 0.13726159 | K14: =IF(H14=0,0,E14/H14) -> 0.10004308 | L14: =IF(H14=0,0,G14/H14) -> 0.018157561 | M14: =INDEX($C$3:$E$3,MATCH(MAX(C14:E14),C14:E14,0)) -> Sheinbaum (PVEM-PT-Morena) | N14: =IF(H14=0,0,(MAX(C14:E14)-LARGE(C14:E14,2))/H14*100) -> 60.526599
A15: Baja California | B15: 9 | C15: 117979 | D15: 21905 | E15: 14926 | F15: 289 | G15: 3235 | H15: 158334 | I15: =IF(H15=0,0,C15/H15) -> 0.74512739 | J15: =IF(H15=0,0,D15/H15) -> 0.13834679 | K15: =IF(H15=0,0,E15/H15) -> 0.094269077 | L15: =IF(H15=0,0,G15/H15) -> 0.020431493 | M15: =INDEX($C$3:$E$3,MATCH(MAX(C15:E15),C15:E15,0)) -> Sheinbaum (PVEM-PT-Morena) | N15: =IF(H15=0,0,(MAX(C15:E15)-LARGE(C15:E15,2))/H15*100) -> 60.67806
... A303: Zacatecas | B303: 4 | C303: 94433 | D303: 50160 | E303: 29651 | F303: 277 | G303: 4313 | H303: 178834 | I303: =IF(H303=0,0,C303/H303) -> 0.52804836 | J303: =IF(H303=0,0,D303/H303) -> 0.28048358 | K303: =IF(H303=0,0,E303/H303) -> 0.16580181 | L303: =IF(H303=0,0,G303/H303) -> 0.024117338 | M303: =INDEX($C$3:$E$3,MATCH(MAX(C303:E303),C303:E303,0)) -> Sheinbaum (PVEM-PT-Morena) | N303: =IF(H303=0,0,(MAX(C303:E303)-LARGE(C303:E303,2))/H303*100) -> 24.756478

Sheet Votos por partido
A1: Votos por partido y combinación de coalición, por estado – Presidencia 2024 (fuente: PRES_2024.csv)
A3: Estado | B3: Actas | C3: PAN | D3: PRI | E3: PRD | F3: PVEM | G3: PT | H3: MC | I3: MORENA | J3: PAN-PRI-PRD | K3: PAN-PRI | L3: PAN-PRD | M3: PRI-PRD | N3: PVEM-PT-MORENA | O3: PVEM-PT | P3: PVEM-MORENA | Q3: PT-MORENA | R3: No registrados | S3: Votos nulos | T3: Total votos | U3: Lista nominal
A4: Aguascalientes | B4: 1849 | C4: 237864 | D4: 40027 | E4: 11312 | F4: 17939 | G4: 18530 | H4: 59498 | I4: 226868 | J4: 12211 | K4: 4025 | L4: 652 | M4: 171 | N4: 14493 | O4: 958 | P4: 2762 | Q4: 3156 | R4: 1571 | S4: 14205 | T4: 666242 | U4: 1100142
A5: Baja California | B5: 5391 | C5: 226323 | D5: 68325 | E5: 12138 | F5: 67511 | G5: 68527 | H5: 155262 | I5: 809720 | J5: 18702 | K5: 3983 | L5: 755 | M5: 431 | N5: 58160 | O5: 4780 | P5: 15194 | Q5: 16081 | R5: 2929 | S5: 31512 | T5: 1560333 | U5: 3202396
A6: Baja California Sur | B6: 1121 | C6: 77597 | D6: 12013 | E6: 2470 | F6: 13640 | G6: 21752 | H6: 29825 | I6: 140832 | J6: 7057 | K6: 1580 | L6: 317 | M6: 102 | N6: 16424 | O6: 1829 | P6: 2286 | Q6: 4363 | R6: 463 | S6: 7539 | T6: 340089 | U6: 614239
A7: Campeche | B7: 1237 | C7: 24012 | D7: 39250 | E7: 2113 | F7: 15254 | G7: 20281 | H7: 94280 | I7: 215727 | J7: 3147 | K7: 724 | L7: 114 | M7: 186 | N7: 16066 | O7: 1898 | P7: 2419 | Q7: 3670 | R7: 432 | S7: 9570 | T7: 449143 | U7: 695148
A8: Coahuila | B8: 4158 | C8: 95970 | D8: 482977 | E8: 20562 | F8: 61151 | G8: 61006 | H8: 85857 | I8: 667422 | J8: 11855 | K8: 3944 | L8: 320 | M8: 1580 | N8: 39947 | O8: 3903 | P8: 8641 | Q8: 11367 | R8: 1203 | S8: 31004 | T8: 1588709 | U8: 2414990
A9: Colima | B9: 1036 | C9: 47508 | D9: 43815 | E9: 3573 | F9: 17428 | G9: 11051 | H9: 46092 | I9: 140743 | J9: 5808 | K9: 2550 | L9: 183 | M9: 143 | N9: 12476 | O9: 1332 | P9: 2794 | Q9: 2269 | R9: 698 | S9: 7247 | T9: 345710 | U9: 585817
A10: Chiapas | B10: 6896 | C10: 137671 | D10: 219330 | E10: 31658 | F10: 430201 | G10: 248745 | H10: 183101 | I10: 1013974 | J10: 18378 | K10: 3749 | L10: 1001 | M10: 1059 | N10: 42976 | O10: 8148 | P10: 12798 | Q10: 12602 | R10: 2269 | S10: 105298 | T10: 2472958 | U10: 3948293
A11: Chihuahua | B11: 5780 | C11: 370614 | D11: 133653 | E11: 15954 | F11: 56293 | G11: 60210 | H11: 157077 | I11: 680733 | J11: 28780 | K11: 8764 | L11: 1094 | M11: 831 | N11: 56514 | O11: 5077 | P11: 11586 | Q11: 15456 | R11: 2280 | S11: 39737 | T11: 1644653 | U11: 3090113
A12: Ciudad de México | B12: 13472 | C12: 1314953 | D12: 361007 | E12: 82415 | F12: 188618 | G12: 174621 | H12: 467960 | I12: 2363486 | J12: 148439 | K12: 21676 | L12: 5820 | M12: 2842 | N12: 268932 | O12: 16130 | P12: 37410 | Q12: 46216 | R12: 9723 | S12: 97303 | T12: 5607551 | U12: 7971324
A13: Durango | B13: 2630 | C13: 92456 | D13: 131245 | E13: 9867 | F13: 29126 | G13: 39800 | H13: 56129 | I13: 341570 | J13: 11450 | K13: 4588 | L13: 310 | M13: 367 | N13: 29021 | O13: 3076 | P13: 5279 | Q13: 7365 | R13: 698 | S13: 16563 | T13: 778910 | U13: 1402239
A14: Guanajuato | B14: 8168 | C14: 892303 | D14: 139401 | E14: 20015 | F14: 104945 | G14: 72553 | H14: 291379 | I14: 1029770 | J14: 37365 | K14: 11850 | L14: 1712 | M14: 680 | N14: 63760 | O14: 5328 | P14: 13913 | Q14: 12437 | R14: 4613 | S14: 57068 | T14: 2759092 | U14: 4843711
A15: Guerrero | B15: 5125 | C15: 58351 | D15: 151174 | E15: 65028 | F15: 130494 | G15: 108798 | H15: 98827 | I15: 783635 | J15: 12338 | K15: 1898 | L15: 766 | M15: 1575 | N15: 57409 | O15: 7374 | P15: 11986 | Q15: 11148 | R15: 1430 | S15: 47869 | T15: 1550100 | U15: 2651803
... A35: Zacatecas | B35: 2645 | C35: 79168 | D35: 112293 | E35: 22752 | F35: 42406 | G35: 45369 | H35: 130376 | I35: 270708 | J35: 13074 | K35: 2598 | L35: 582 | M35: 526 | N35: 16948 | O35: 2849 | P35: 4972 | Q35: 5438 | R35: 1373 | S35: 20514 | T35: 771946 | U35: 1270180
A36: Nacional | B36: =SUM(B4:B35) -> 170766 | C36: =SUM(C4:C35) -> 9224341 | D36: =SUM(D4:D35) -> 5320727 | E36: =SUM(E4:E35) -> 793603 | F36: =SUM(F4:F35) -> 3687773 | G36: =SUM(G4:G35) -> 2878024 | H36: =SUM(H4:H35) -> 6204710 | I36: =SUM(I4:I35) -> 26253825 | ... U36: =SUM(U4:U35) -> 98468994
