Workbook

Sheet Resumen
A1: Senadurías 2024 – Resumen
A2: Fuente: SEN_2024.csv (PREP)
A4: Bloque | B4: Votos | C4: % del total | D4: % de votos válidos | E4: Estados ganados (por bloque) | F4: Distritos ganados
A5: Sigamos Haciendo Historia (PVEM-PT-Morena) | B5: ='Por estado'!B36 -> 33057610 | C5: =B5/$B$10 -> 0.55092595 | D5: =B5/SUM($B$5:$B$7) -> 0.57404937 | E5: =COUNTIF('Por estado'!$N$4:$N$35,A5) -> 29 | F5: =COUNTIF('Por distrito'!$M$4:$M$303,A5) -> 260
A6: Fuerza y Corazón por México (PAN-PRI-PRD) | B6: ='Por estado'!C36 -> 18000854 | C6: =B6/$B$10 -> 0.2999956 | D6: =B6/SUM($B$5:$B$7) -> 0.31258699 | E6: =COUNTIF('Por estado'!$N$4:$N$35,A6) -> 3 | F6: =COUNTIF('Por distrito'!$M$4:$M$303,A6) -> 40
A7: MC | B7: ='Por estado'!D36 -> 6528238 | C7: =B7/$B$10 -> 0.10879721 | D7: =B7/SUM($B$5:$B$7) -> 0.11336364 | E7: =COUNTIF('Por estado'!$N$4:$N$35,A7) -> 0 | F7: =COUNTIF('Por distrito'!$M$4:$M$303,A7) -> 0
A8: No registrados | B8: ='Por estado'!E36 -> 47092 | C8: =B8/$B$10 -> 0.00078481793
A9: Votos nulos | B9: ='Por estado'!F36 -> 2369932 | C9: =B9/$B$10 -> 0.039496414
A10: Total votos emitidos | B10: ='Por estado'!G36 -> 60003726
A11: Lista nominal | B11: ='Por estado'!H36 -> 98438250
A12: Participación | B12: =B10/B11 -> 0.60955702
A13: Actas | B13: ='Votos por partido'!B36 -> 171794
A15: Candidatura (según coaliciones reales) | B15: Estados en 1er lugar | C15: Estados en 2º lugar
A16: PVEM-PT-MORENA | B16: 19 | C16: 1
A17: MORENA | B17: 10 | C17: 1
A18: PAN-PRI-PRD | B18: 2 | C18: 25
A19: PVEM | B19: 1 | C19: 2
A20: MC | B20: 0 | C20: 2
A21: PAN | B21: 0 | C21: 1
A22: Total | B22: =SUM(B16:B21) -> 32 | C22: =SUM(C16:C21) -> 32
A24: Casillas sin distrito (tipos V y M) | B24: Casillas | C24: Votos | D24: Sigamos Haciendo Historia % | E24: Fuerza y Corazón % | F24: MC %
A25: Tipo M | B25: 87 | C25: 39437 | D25: 0.64764054 | E25: 0.27502092 | F25: 0.046453838
A26: Tipo V | B26: 64 | C26: 144740 | D26: 0.42098936 | E26: 0.4979135 | F26: 0.067175625
A27: Total | B27: 151 | C27: 184177 | D27: 0.46952117 | E27: 0.45018651 | F27: 0.062738561
A29: Notas:
A30: Los nombres de los bloques son una asignación mía a partir de las coaliciones del archivo (PVEM-PT-Morena; PAN-PRI-PRD; MC). Cada bloque suma el partido solo más sus combinaciones. Las coaliciones no fueron iguales en todos los estados (en el archivo, las columnas de combinaciones de PAN-PRI-PRD aparecen en 30 estados y las de PVEM-PT-Morena en 20); por eso la tabla "Candidatura (según coaliciones reales)" y las columnas de 1er y 2º lugar en Por estado separan a los partidos coaligados de los que compitieron solos (p. ej. "MORENA" = Morena sin coalición), deduciéndolo de qué columnas de coalición tienen votos.
A31: La senaduría se decide por estado: el primer lugar obtiene 2 escaños y el segundo (primera minoría) 1. Este archivo no incluye las 32 senadurías de representación proporcional, ni valida el cómputo oficial.
A32: Los votos de las casillas tipos V y M (151 casillas, 184,177 votos) no tienen distrito federal y llevan la clave de sección 4074; por eso entran en los totales por estado pero no en la hoja de distritos. Es probable que correspondan al voto desde el extranjero, pero el archivo no lo indica.
A33: 146 actas sin datos (paquetes no recibidos o casillas no instaladas) se tomaron como cero. Las casillas especiales (tipo S, 1,045,262 votos) tienen dos actas por casilla (tipos 3EMR y 3ERP) y no tienen lista nominal; ambas se incluyeron en los totales. La participación calculada (60.96%) coincide con la del encabezado del archivo.
A34: Los acentos del archivo venían dañados y se corrigieron en los nombres de los estados.

Sheet Por estado
A1: Resultados por estado y bloque – Senadurías 2024 (fuente: SEN_2024.csv)
A2: Bloque = partido solo + combinaciones de coalición. Las últimas 4 columnas toman en cuenta las coaliciones que realmente hubo en cada estado (valores fijos, no fórmulas).
A3: Estado | B3: Sigamos Haciendo Historia (PVEM-PT-Morena) | C3: Fuerza y Corazón por México (PAN-PRI-PRD) | D3: MC | E3: No registrados | F3: Votos nulos | G3: Total votos | H3: Lista nominal | I3: Participación | J3: Sigamos Haciendo Historia % | K3: Fuerza y Corazón % | L3: MC % | M3: Votos nulos % | N3: Bloque ganador | O3: Margen (pts) | P3: Candidatura en 1er lugar (2 escaños) | Q3: % 1er lugar | R3: Candidatura en 2º lugar (primera minoría, 1 escaño) | S3: % 2º lugar
A4: ='Votos por partido'!A4 -> Aguascalientes | B4: ='Votos por partido'!F4+'Votos por partido'!G4+'Votos por partido'!I4+'Votos por partido'!N4+'Votos por partido'!O4+'Votos por partido'!P4+'Votos por partido'!Q4 -> 246771 | C4: ='Votos por partido'!C4+'Votos por partido'!D4+'Votos por partido'!E4+'Votos por partido'!J4+'Votos por partido'!K4+'Votos por partido'!L4+'Votos por partido'!M4 -> 355457 | D4: ='Votos por partido'!H4 -> 44686 | E4: ='Votos por partido'!R4 -> 506 | F4: ='Votos por partido'!S4 -> 17062 | G4: ='Votos por partido'!T4 -> 664482 | H4: ='Votos por partido'!U4 -> 1099895 | I4: =G4/H4 -> 0.60413221 | J4: =B4/G4 -> 0.37137349 | K4: =C4/G4 -> 0.53493849 | L4: =D4/G4 -> 0.067249376 | M4: =F4/G4 -> 0.025677144 | N4: =INDEX($B$3:$D$3,MATCH(MAX(B4:D4),B4:D4,0)) -> Fuerza y Corazón por México (PAN-PRI-PRD) | O4: =(MAX(B4:D4)-LARGE(B4:D4,2))/G4*100 -> 16.3565 | P4: PAN-PRI-PRD | Q4: 0.53493849 | R4: PVEM-PT-MORENA | S4: 0.37137349
A5: ='Votos por partido'!A5 -> Baja California | B5: ='Votos por partido'!F5+'Votos por partido'!G5+'Votos por partido'!I5+'Votos por partido'!N5+'Votos por partido'!O5+'Votos por partido'!P5+'Votos por partido'!Q5 -> 1022877 | C5: ='Votos por partido'!C5+'Votos por partido'!D5+'Votos por partido'!E5+'Votos por partido'!J5+'Votos por partido'!K5+'Votos por partido'!L5+'Votos por partido'!M5 -> 319637 | D5: ='Votos por partido'!H5 -> 129202 | E5: ='Votos por partido'!R5 -> 1685 | F5: ='Votos por partido'!S5 -> 84366 | G5: ='Votos por partido'!T5 -> 1557767 | H5: ='Votos por partido'!U5 -> 3201669 | I5: =G5/H5 -> 0.48654842 | J5: =B5/G5 -> 0.65663029 | K5: =C5/G5 -> 0.20518922 | L5: =D5/G5 -> 0.082940517 | M5: =F5/G5 -> 0.054158292 | N5: =INDEX($B$3:$D$3,MATCH(MAX(B5:D5),B5:D5,0)) -> Sigamos Haciendo Historia (PVEM-PT-Morena) | O5: =(MAX(B5:D5)-LARGE(B5:D5,2))/G5*100 -> 45.144107 | P5: MORENA | Q5: 0.50363565 | R5: PAN-PRI-PRD | S5: 0.20518922
A6: ='Votos por partido'!A6 -> Baja California Sur | B6: ='Votos por partido'!F6+'Votos por partido'!G6+'Votos por partido'!I6+'Votos por partido'!N6+'Votos por partido'!O6+'Votos por partido'!P6+'Votos por partido'!Q6 -> 183173 | C6: ='Votos por partido'!C6+'Votos por partido'!D6+'Votos por partido'!E6+'Votos por partido'!J6+'Votos por partido'!K6+'Votos por partido'!L6+'Votos por partido'!M6 -> 117565 | D6: ='Votos por partido'!H6 -> 28612 | E6: ='Votos por partido'!R6 -> 280 | F6: ='Votos por partido'!S6 -> 11087 | G6: ='Votos por partido'!T6 -> 340717 | H6: ='Votos por partido'!U6 -> 614054 | I6: =G6/H6 -> 0.55486488 | J6: =B6/G6 -> 0.53761039 | K6: =C6/G6 -> 0.34505176 | L6: =D6/G6 -> 0.083975851 | M6: =F6/G6 -> 0.032540202 | N6: =INDEX($B$3:$D$3,MATCH(MAX(B6:D6),B6:D6,0)) -> Sigamos Haciendo Historia (PVEM-PT-Morena) | O6: =(MAX(B6:D6)-LARGE(B6:D6,2))/G6*100 -> 19.255863 | P6: PVEM-PT-MORENA | Q6: 0.53761039 | R6: PAN-PRI-PRD | S6: 0.34505176
A7: ='Votos por partido'!A7 -> Campeche | B7: ='Votos por partido'!F7+'Votos por partido'!G7+'Votos por partido'!I7+'Votos por partido'!N7+'Votos por partido'!O7+'Votos por partido'!P7+'Votos por partido'!Q7 -> 219109 | C7: ='Votos por partido'!C7+'Votos por partido'!D7+'Votos por partido'!E7+'Votos por partido'!J7+'Votos por partido'!K7+'Votos por partido'!L7+'Votos por partido'!M7 -> 65839 | D7: ='Votos por partido'!H7 -> 152483 | E7: ='Votos por partido'!R7 -> 237 | F7: ='Votos por partido'!S7 -> 13001 | G7: ='Votos por partido'!T7 -> 450669 | H7: ='Votos por partido'!U7 -> 695055 | I7: =G7/H7 -> 0.64839329 | J7: =B7/G7 -> 0.48618609 | K7: =C7/G7 -> 0.1460917 | L7: =D7/G7 -> 0.3383481 | M7: =F7/G7 -> 0.028848223 | N7: =INDEX($B$3:$D$3,MATCH(MAX(B7:D7),B7:D7,0)) -> Sigamos Haciendo Historia (PVEM-PT-Morena) | O7: =(MAX(B7:D7)-LARGE(B7:D7,2))/G7*100 -> 14.783799 | P7: PVEM-PT-MORENA | Q7: 0.48618609 | R7: MC | S7: 0.3383481
A8: ='Votos por partido'!A8 -> Coahuila | B8: ='Votos por partido'!F8+'Votos por partido'!G8+'Votos por partido'!I8+'Votos por partido'!N8+'Votos por partido'!O8+'Votos por partido'!P8+'Votos por partido'!Q8 -> 755898 | C8: ='Votos por partido'!C8+'Votos por partido'!D8+'Votos por partido'!E8+'Votos por partido'!J8+'Votos por partido'!K8+'Votos por partido'!L8+'Votos por partido'!M8 -> 732096 | D8: ='Votos por partido'!H8 -> 64401 | E8: ='Votos por partido'!R8 -> 534 | F8: ='Votos por partido'!S8 -> 35281 | G8: ='Votos por partido'!T8 -> 1588210 | H8: ='Votos por partido'!U8 -> 2414779 | I8: =G8/H8 -> 0.65770408 | J8: =B8/G8 -> 0.47594336 | K8: =C8/G8 -> 0.46095667 | L8: =D8/G8 -> 0.040549424 | M8: =F8/G8 -> 0.022214317 | N8: =INDEX($B$3:$D$3,MATCH(MAX(B8:D8),B8:D8,0)) -> Sigamos Haciendo Historia (PVEM-PT-Morena) | O8: =(MAX(B8:D8)-LARGE(B8:D8,2))/G8*100 -> 1.4986683 | P8: PVEM-PT-MORENA | Q8: 0.47594336 | R8: PAN-PRI-PRD | S8: 0.46095667
A9: ='Votos por partido'!A9 -> Colima | B9: ='Votos por partido'!F9+'Votos por partido'!G9+'Votos por partido'!I9+'Votos por partido'!N9+'Votos por partido'!O9+'Votos por partido'!P9+'Votos por partido'!Q9 -> 158437 | C9: ='Votos por partido'!C9+'Votos por partido'!D9+'Votos por partido'!E9+'Votos por partido'!J9+'Votos por partido'!K9+'Votos por partido'!L9+'Votos por partido'!M9 -> 113256 | D9: ='Votos por partido'!H9 -> 63904 | E9: ='Votos por partido'!R9 -> 250 | F9: ='Votos por partido'!S9 -> 10523 | G9: ='Votos por partido'!T9 -> 346370 | H9: ='Votos por partido'!U9 -> 585647 | I9: =G9/H9 -> 0.59143136 | J9: =B9/G9 -> 0.45742125 | K9: =C9/G9 -> 0.32697982 | L9: =D9/G9 -> 0.18449635 | M9: =F9/G9 -> 0.030380807 | N9: =INDEX($B$3:$D$3,MATCH(MAX(B9:D9),B9:D9,0)) -> Sigamos Haciendo Historia (PVEM-PT-Morena) | O9: =(MAX(B9:D9)-LARGE(B9:D9,2))/G9*100 -> 13.044144 | P9: PVEM-PT-MORENA | Q9: 0.45742125 | R9: PAN-PRI-PRD | S9: 0.32697982
A10: ='Votos por partido'!A10 -> Chiapas | B10: ='Votos por partido'!F10+'Votos por partido'!G10+'Votos por partido'!I10+'Votos por partido'!N10+'Votos por partido'!O10+'Votos por partido'!P10+'Votos por partido'!Q10 -> 1726730 | C10: ='Votos por partido'!C10+'Votos por partido'!D10+'Votos por partido'!E10+'Votos por partido'!J10+'Votos por partido'!K10+'Votos por partido'!L10+'Votos por partido'!M10 -> 399155 | D10: ='Votos por partido'!H10 -> 139562 | E10: ='Votos por partido'!R10 -> 1556 | F10: ='Votos por partido'!S10 -> 194358 | G10: ='Votos por partido'!T10 -> 2461361 | H10: ='Votos por partido'!U10 -> 3947162 | I10: =G10/H10 -> 0.6235774 | J10: =B10/G10 -> 0.70153464 | K10: =C10/G10 -> 0.16216841 | L10: =D10/G10 -> 0.05670115 | M10: =F10/G10 -> 0.07896363 | N10: =INDEX($B$3:$D$3,MATCH(MAX(B10:D10),B10:D10,0)) -> Sigamos Haciendo Historia (PVEM-PT-Morena) | O10: =(MAX(B10:D10)-LARGE(B10:D10,2))/G10*100 -> 53.936623 | P10: MORENA | Q10: 0.38306937 | R10: PVEM | S10: 0.21305611
A11: ='Votos por partido'!A11 -> Chihuahua | B11: ='Votos por partido'!F11+'Votos por partido'!G11+'Votos por partido'!I11+'Votos por partido'!N11+'Votos por partido'!O11+'Votos por partido'!P11+'Votos por partido'!Q11 -> 867555 | C11: ='Votos por partido'!C11+'Votos por partido'!D11+'Votos por partido'!E11+'Votos por partido'!J11+'Votos por partido'!K11+'Votos por partido'!L11+'Votos por partido'!M11 -> 600400 | D11: ='Votos por partido'!H11 -> 128583 | E11: ='Votos por partido'!R11 -> 995 | F11: ='Votos por partido'!S11 -> 47187 | G11: ='Votos por partido'!T11 -> 1644720 | H11: ='Votos por partido'!U11 -> 3089200 | I11: =G11/H11 -> 0.53240969 | J11: =B11/G11 -> 0.52747884 | K11: =C11/G11 -> 0.36504694 | L11: =D11/G11 -> 0.078179265 | M11: =F11/G11 -> 0.02868999 | N11: =INDEX($B$3:$D$3,MATCH(MAX(B11:D11),B11:D11,0)) -> Sigamos Haciendo Historia (PVEM-PT-Morena) | O11: =(MAX(B11:D11)-LARGE(B11:D11,2))/G11*100 -> 16.24319 | P11: PVEM-PT-MORENA | Q11: 0.52747884 | R11: PAN-PRI-PRD | S11: 0.36504694
A12: ='Votos por partido'!A12 -> Ciudad de México | B12: ='Votos por partido'!F12+'Votos por partido'!G12+'Votos por partido'!I12+'Votos por partido'!N12+'Votos por partido'!O12+'Votos por partido'!P12+'Votos por partido'!Q12 -> 3030981 | C12: ='Votos por partido'!C12+'Votos por partido'!D12+'Votos por partido'!E12+'Votos por partido'!J12+'Votos por partido'!K12+'Votos por partido'!L12+'Votos por partido'!M12 -> 2028924 | D12: ='Votos por partido'!H12 -> 402941 | E12: ='Votos por partido'!R12 -> 5561 | F12: ='Votos por partido'!S12 -> 121626 | G12: ='Votos por partido'!T12 -> 5590033 | H12: ='Votos por partido'!U12 -> 7969314 | I12: =G12/H12 -> 0.70144469 | J12: =B12/G12 -> 0.54221165 | K12: =C12/G12 -> 0.36295385 | L12: =D12/G12 -> 0.072082043 | M12: =F12/G12 -> 0.021757653 | N12: =INDEX($B$3:$D$3,MATCH(MAX(B12:D12),B12:D12,0)) -> Sigamos Haciendo Historia (PVEM-PT-Morena) | O12: =(MAX(B12:D12)-LARGE(B12:D12,2))/G12*100 -> 17.92578 | P12: PVEM-PT-MORENA | Q12: 0.54221165 | R12: PAN-PRI-PRD | S12: 0.36295385
A13: ='Votos por partido'!A13 -> Durango | B13: ='Votos por partido'!F13+'Votos por partido'!G13+'Votos por partido'!I13+'Votos por partido'!N13+'Votos por partido'!O13+'Votos por partido'!P13+'Votos por partido'!Q13 -> 393859 | C13: ='Votos por partido'!C13+'Votos por partido'!D13+'Votos por partido'!E13+'Votos por partido'!J13+'Votos por partido'!K13+'Votos por partido'!L13+'Votos por partido'!M13 -> 313432 | D13: ='Votos por partido'!H13 -> 49477 | E13: ='Votos por partido'!R13 -> 365 | F13: ='Votos por partido'!S13 -> 20599 | G13: ='Votos por partido'!T13 -> 777732 | H13: ='Votos por partido'!U13 -> 1401054 | I13: =G13/H13 -> 0.55510494 | J13: =B13/G13 -> 0.50641995 | K13: =C13/G13 -> 0.40300772 | L13: =D13/G13 -> 0.06361703 | M13: =F13/G13 -> 0.026485987 | N13: =INDEX($B$3:$D$3,MATCH(MAX(B13:D13),B13:D13,0)) -> Sigamos Haciendo Historia (PVEM-PT-Morena) | O13: =(MAX(B13:D13)-LARGE(B13:D13,2))/G13*100 -> 10.341223 | P13: PVEM-PT-MORENA | Q13: 0.50641995 | R13: PAN-PRI-PRD | S13: 0.40300772
A14: ='Votos por partido'!A14 -> Guanajuato | B14: ='Votos por partido'!F14+'Votos por partido'!G14+'Votos por partido'!I14+'Votos por partido'!N14+'Votos por partido'!O14+'Votos por partido'!P14+'Votos por partido'!Q14 -> 1190044 | C14: ='Votos por partido'!C14+'Votos por partido'!D14+'Votos por partido'!E14+'Votos por partido'!J14+'Votos por partido'!K14+'Votos por partido'!L14+'Votos por partido'!M14 -> 1274257 | D14: ='Votos por partido'!H14 -> 196448 | E14: ='Votos por partido'!R14 -> 1681 | F14: ='Votos por partido'!S14 -> 88410 | G14: ='Votos por partido'!T14 -> 2750840 | H14: ='Votos por partido'!U14 -> 4843368 | I14: =G14/H14 -> 0.56796015 | J14: =B14/G14 -> 0.43261113 | K14: =C14/G14 -> 0.46322469 | L14: =D14/G14 -> 0.071413823 | M14: =F14/G14 -> 0.032139274 | N14: =INDEX($B$3:$D$3,MATCH(MAX(B14:D14),B14:D14,0)) -> Fuerza y Corazón por México (PAN-PRI-PRD) | O14: =(MAX(B14:D14)-LARGE(B14:D14,2))/G14*100 -> 3.0613558 | P14: PVEM-PT-MORENA | Q14: 0.43261113 | R14: PAN | S14: 0.3938546
A15: ='Votos por partido'!A15 -> Guerrero | B15: ='Votos por partido'!F15+'Votos por partido'!G15+'Votos por partido'!I15+'Votos por partido'!N15+'Votos por partido'!O15+'Votos por partido'!P15+'Votos por partido'!Q15 -> 913366 | C15: ='Votos por partido'!C15+'Votos por partido'!D15+'Votos por partido'!E15+'Votos por partido'!J15+'Votos por partido'!K15+'Votos por partido'!L15+'Votos por partido'!M15 -> 318425 | D15: ='Votos por partido'!H15 -> 197363 | E15: ='Votos por partido'!R15 -> 3566 | F15: ='Votos por partido'!S15 -> 117758 | G15: ='Votos por partido'!T15 -> 1550478 | H15: ='Votos por partido'!U15 -> 2651380 | I15: =G15/H15 -> 0.58478151 | J15: =B15/G15 -> 0.58908672 | K15: =C15/G15 -> 0.20537215 | L15: =D15/G15 -> 0.12729171 | M15: =F15/G15 -> 0.075949481 | N15: =INDEX($B$3:$D$3,MATCH(MAX(B15:D15),B15:D15,0)) -> Sigamos Haciendo Historia (PVEM-PT-Morena) | O15: =(MAX(B15:D15)-LARGE(B15:D15,2))/G15*100 -> 38.371457 | P15: MORENA | Q15: 0.43558503 | R15: PAN-PRI-PRD | S15: 0.20537215
... A35: ='Votos por partido'!A35 -> Zacatecas | B35: ='Votos por partido'!F35+'Votos por partido'!G35+'Votos por partido'!I35+'Votos por partido'!N35+'Votos por partido'!O35+'Votos por partido'!P35+'Votos por partido'!Q35 -> 357875 | C35: ='Votos por partido'!C35+'Votos por partido'!D35+'Votos por partido'!E35+'Votos por partido'!J35+'Votos por partido'!K35+'Votos por partido'!L35+'Votos por partido'!M35 -> 275236 | D35: ='Votos por partido'!H35 -> 105158 | E35: ='Votos por partido'!R35 -> 777 | F35: ='Votos por partido'!S35 -> 31550 | G35: ='Votos por partido'!T35 -> 770596 | H35: ='Votos por partido'!U35 -> 1270087 | I35: =G35/H35 -> 0.60672694 | J35: =B35/G35 -> 0.46441326 | K35: =C35/G35 -> 0.35717289 | L35: =D35/G35 -> 0.13646321 | M35: =F35/G35 -> 0.040942336 | N35: =INDEX($B$3:$D$3,MATCH(MAX(B35:D35),B35:D35,0)) -> Sigamos Haciendo Historia (PVEM-PT-Morena) | O35: =(MAX(B35:D35)-LARGE(B35:D35,2))/G35*100 -> 10.724037 | P35: PVEM-PT-MORENA | Q35: 0.46441326 | R35: PAN-PRI-PRD | S35: 0.35717289
A36: Nacional | B36: ='Votos por partido'!F36+'Votos por partido'!G36+'Votos por partido'!I36+'Votos por partido'!N36+'Votos por partido'!O36+'Votos por partido'!P36+'Votos por partido'!Q36 -> 33057610 | C36: ='Votos por partido'!C36+'Votos por partido'!D36+'Votos por partido'!E36+'Votos por partido'!J36+'Votos por partido'!K36+'Votos por partido'!L36+'Votos por partido'!M36 -> 18000854 | D36: ='Votos por partido'!H36 -> 6528238 | E36: ='Votos por partido'!R36 -> 47092 | F36: ='Votos por partido'!S36 -> 2369932 | G36: ='Votos por partido'!T36 -> 60003726 | H36: ='Votos por partido'!U36 -> 98438250 | I36: =G36/H36 -> 0.60955702 | J36: =B36/G36 -> 0.55092595 | K36: =C36/G36 -> 0.2999956 | L36: =D36/G36 -> 0.10879721 | M36: =F36/G36 -> 0.039496414 | N36: =INDEX($B$3:$D$3,MATCH(MAX(B36:D36),B36:D36,0)) -> Sigamos Haciendo Historia (PVEM-PT-Morena) | O36: =(MAX(B36:D36)-LARGE(B36:D36,2))/G36*100 -> 25.093035

Sheet Por distrito
A1: Votos para senadurías por distrito federal – 2024 (fuente: SEN_2024.csv)
A2: La senaduría se decide por estado; esta hoja muestra cómo votó cada distrito. No incluye las casillas sin distrito (tipos V y M, 184,177 votos), que sí están en los totales por estado.
A3: Estado | B3: Distrito | C3: Sigamos Haciendo Historia (PVEM-PT-Morena) | D3: Fuerza y Corazón por México (PAN-PRI-PRD) | E3: MC | F3: No registrados | G3: Votos nulos | H3: Total votos | I3: Sigamos Haciendo Historia % | J3: Fuerza y Corazón % | K3: MC % | L3: Votos nulos % | M3: Bloque ganador | N3: Margen (pts)
A4: Aguascalientes | B4: 1 | C4: 89755 | D4: 112632 | E4: 14108 | F4: 129 | G4: 7091 | H4: 223715 | I4: =IF(H4=0,0,C4/H4) -> 0.40120242 | J4: =IF(H4=0,0,D4/H4) -> 0.50346199 | K4: =IF(H4=0,0,E4/H4) -> 0.063062378 | L4: =IF(H4=0,0,G4/H4) -> 0.031696578 | M4: =INDEX($C$3:$E$3,MATCH(MAX(C4:E4),C4:E4,0)) -> Fuerza y Corazón por México (PAN-PRI-PRD) | N4: =IF(H4=0,0,(MAX(C4:E4)-LARGE(C4:E4,2))/H4*100) -> 10.225957
A5: Aguascalientes | B5: 2 | C5: 79203 | D5: 95370 | E5: 14331 | F5: 171 | G5: 4749 | H5: 193824 | I5: =IF(H5=0,0,C5/H5) -> 0.40863361 | J5: =IF(H5=0,0,D5/H5) -> 0.49204433 | K5: =IF(H5=0,0,E5/H5) -> 0.073938212 | L5: =IF(H5=0,0,G5/H5) -> 0.02450161 | M5: =INDEX($C$3:$E$3,MATCH(MAX(C5:E5),C5:E5,0)) -> Fuerza y Corazón por México (PAN-PRI-PRD) | N5: =IF(H5=0,0,(MAX(C5:E5)-LARGE(C5:E5,2))/H5*100) -> 8.3410723
A6: Aguascalientes | B6: 3 | C6: 76993 | D6: 146287 | E6: 16167 | F6: 201 | G6: 5199 | H6: 244847 | I6: =IF(H6=0,0,C6/H6) -> 0.31445352 | J6: =IF(H6=0,0,D6/H6) -> 0.59746291 | K6: =IF(H6=0,0,E6/H6) -> 0.06602899 | L6: =IF(H6=0,0,G6/H6) -> 0.021233668 | M6: =INDEX($C$3:$E$3,MATCH(MAX(C6:E6),C6:E6,0)) -> Fuerza y Corazón por México (PAN-PRI-PRD) | N6: =IF(H6=0,0,(MAX(C6:E6)-LARGE(C6:E6,2))/H6*100) -> 28.300939
A7: Baja California | B7: 1 | C7: 89666 | D7: 60213 | E7: 12427 | F7: 186 | G7: 7284 | H7: 169776 | I7: =IF(H7=0,0,C7/H7) -> 0.52814296 | J7: =IF(H7=0,0,D7/H7) -> 0.35466144 | K7: =IF(H7=0,0,E7/H7) -> 0.073196447 | L7: =IF(H7=0,0,G7/H7) -> 0.042903591 | M7: =INDEX($C$3:$E$3,MATCH(MAX(C7:E7),C7:E7,0)) -> Sigamos Haciendo Historia (PVEM-PT-Morena) | N7: =IF(H7=0,0,(MAX(C7:E7)-LARGE(C7:E7,2))/H7*100) -> 17.348153
A8: Baja California | B8: 2 | C8: 98728 | D8: 49142 | E8: 12071 | F8: 100 | G8: 8114 | H8: 168155 | I8: =IF(H8=0,0,C8/H8) -> 0.58712497 | J8: =IF(H8=0,0,D8/H8) -> 0.29224228 | K8: =IF(H8=0,0,E8/H8) -> 0.07178496 | L8: =IF(H8=0,0,G8/H8) -> 0.0482531 | M8: =INDEX($C$3:$E$3,MATCH(MAX(C8:E8),C8:E8,0)) -> Sigamos Haciendo Historia (PVEM-PT-Morena) | N8: =IF(H8=0,0,(MAX(C8:E8)-LARGE(C8:E8,2))/H8*100) -> 29.48827
A9: Baja California | B9: 3 | C9: 108510 | D9: 35955 | E9: 15058 | F9: 360 | G9: 11034 | H9: 170917 | I9: =IF(H9=0,0,C9/H9) -> 0.63486956 | J9: =IF(H9=0,0,D9/H9) -> 0.21036527 | K9: =IF(H9=0,0,E9/H9) -> 0.088101242 | L9: =IF(H9=0,0,G9/H9) -> 0.064557651 | M9: =INDEX($C$3:$E$3,MATCH(MAX(C9:E9),C9:E9,0)) -> Sigamos Haciendo Historia (PVEM-PT-Morena) | N9: =IF(H9=0,0,(MAX(C9:E9)-LARGE(C9:E9,2))/H9*100) -> 42.450429
A10: Baja California | B10: 4 | C10: 136956 | D10: 14177 | E10: 14085 | F10: 146 | G10: 9819 | H10: 175183 | I10: =IF(H10=0,0,C10/H10) -> 0.78178819 | J10: =IF(H10=0,0,D10/H10) -> 0.080926802 | K10: =IF(H10=0,0,E10/H10) -> 0.080401637 | L10: =IF(H10=0,0,G10/H10) -> 0.056049959 | M10: =INDEX($C$3:$E$3,MATCH(MAX(C10:E10),C10:E10,0)) -> Sigamos Haciendo Historia (PVEM-PT-Morena) | N10: =IF(H10=0,0,(MAX(C10:E10)-LARGE(C10:E10,2))/H10*100) -> 70.086138
A11: Baja California | B11: 5 | C11: 125645 | D11: 47493 | E11: 18952 | F11: 227 | G11: 9880 | H11: 202197 | I11: =IF(H11=0,0,C11/H11) -> 0.62139893 | J11: =IF(H11=0,0,D11/H11) -> 0.23488479 | K11: =IF(H11=0,0,E11/H11) -> 0.093730372 | L11: =IF(H11=0,0,G11/H11) -> 0.048863237 | M11: =INDEX($C$3:$E$3,MATCH(MAX(C11:E11),C11:E11,0)) -> Sigamos Haciendo Historia (PVEM-PT-Morena) | N11: =IF(H11=0,0,(MAX(C11:E11)-LARGE(C11:E11,2))/H11*100) -> 38.651414
A12: Baja California | B12: 6 | C12: 122530 | D12: 37485 | E12: 17608 | F12: 170 | G12: 9735 | H12: 187528 | I12: =IF(H12=0,0,C12/H12) -> 0.65339576 | J12: =IF(H12=0,0,D12/H12) -> 0.19989015 | K12: =IF(H12=0,0,E12/H12) -> 0.093895312 | L12: =IF(H12=0,0,G12/H12) -> 0.051912248 | M12: =INDEX($C$3:$E$3,MATCH(MAX(C12:E12),C12:E12,0)) -> Sigamos Haciendo Historia (PVEM-PT-Morena) | N12: =IF(H12=0,0,(MAX(C12:E12)-LARGE(C12:E12,2))/H12*100) -> 45.350561
A13: Baja California | B13: 7 | C13: 100413 | D13: 32655 | E13: 12497 | F13: 194 | G13: 9661 | H13: 155420 | I13: =IF(H13=0,0,C13/H13) -> 0.64607515 | J13: =IF(H13=0,0,D13/H13) -> 0.21010809 | K13: =IF(H13=0,0,E13/H13) -> 0.080407927 | L13: =IF(H13=0,0,G13/H13) -> 0.062160597 | M13: =INDEX($C$3:$E$3,MATCH(MAX(C13:E13),C13:E13,0)) -> Sigamos Haciendo Historia (PVEM-PT-Morena) | N13: =IF(H13=0,0,(MAX(C13:E13)-LARGE(C13:E13,2))/H13*100) -> 43.596706
A14: Baja California | B14: 8 | C14: 124210 | D14: 20274 | E14: 13390 | F14: 144 | G14: 9469 | H14: 167487 | I14: =IF(H14=0,0,C14/H14) -> 0.7416098 | J14: =IF(H14=0,0,D14/H14) -> 0.1210482 | K14: =IF(H14=0,0,E14/H14) -> 0.079946503 | L14: =IF(H14=0,0,G14/H14) -> 0.056535731 | M14: =INDEX($C$3:$E$3,MATCH(MAX(C14:E14),C14:E14,0)) -> Sigamos Haciendo Historia (PVEM-PT-Morena) | N14: =IF(H14=0,0,(MAX(C14:E14)-LARGE(C14:E14,2))/H14*100) -> 62.05616
A15: Baja California | B15: 9 | C15: 114485 | D15: 20952 | E15: 12959 | F15: 156 | G15: 9288 | H15: 157840 | I15: =IF(H15=0,0,C15/H15) -> 0.72532311 | J15: =IF(H15=0,0,D15/H15) -> 0.13274202 | K15: =IF(H15=0,0,E15/H15) -> 0.082102129 | L15: =IF(H15=0,0,G15/H15) -> 0.058844399 | M15: =INDEX($C$3:$E$3,MATCH(MAX(C15:E15),C15:E15,0)) -> Sigamos Haciendo Historia (PVEM-PT-Morena) | N15: =IF(H15=0,0,(MAX(C15:E15)-LARGE(C15:E15,2))/H15*100) -> 59.258109
... A303: Zacatecas | B303: 4 | C303: 87719 | D303: 57777 | E303: 26335 | F303: 158 | G303: 6796 | H303: 178785 | I303: =IF(H303=0,0,C303/H303) -> 0.4906396 | J303: =IF(H303=0,0,D303/H303) -> 0.3231647 | K303: =IF(H303=0,0,E303/H303) -> 0.14729983 | L303: =IF(H303=0,0,G303/H303) -> 0.038012137 | M303: =INDEX($C$3:$E$3,MATCH(MAX(C303:E303),C303:E303,0)) -> Sigamos Haciendo Historia (PVEM-PT-Morena) | N303: =IF(H303=0,0,(MAX(C303:E303)-LARGE(C303:E303,2))/H303*100) -> 16.74749

Sheet Votos por partido
A1: Votos por partido y combinación de coalición, por estado – Senadurías 2024 (fuente: SEN_2024.csv)
A3: Estado | B3: Actas | C3: PAN | D3: PRI | E3: PRD | F3: PVEM | G3: PT | H3: MC | I3: MORENA | J3: PAN-PRI-PRD | K3: PAN-PRI | L3: PAN-PRD | M3: PRI-PRD | N3: PVEM-PT-MORENA | O3: PVEM-PT | P3: PVEM-MORENA | Q3: PT-MORENA | R3: No registrados | S3: Votos nulos | T3: Total votos | U3: Lista nominal
A4: Aguascalientes | B4: 1858 | C4: 281800 | D4: 45446 | E4: 14398 | F4: 21294 | G4: 14967 | H4: 44686 | I4: 198024 | J4: 9400 | K4: 3692 | L4: 607 | M4: 114 | N4: 8132 | O4: 664 | P4: 2019 | Q4: 1671 | R4: 506 | S4: 17062 | T4: 664482 | U4: 1099895
A5: Baja California | B5: 5428 | C5: 226913 | D5: 65223 | E5: 15028 | F5: 160834 | G5: 77496 | H5: 129202 | I5: 784547 | J5: 9022 | K5: 2964 | L5: 354 | M5: 133 | N5: 0 | O5: 0 | P5: 0 | Q5: 0 | R5: 1685 | S5: 84366 | T5: 1557767 | U5: 3201669
A6: Baja California Sur | B6: 1133 | C6: 93203 | D6: 13995 | E6: 3595 | F6: 14386 | G6: 18952 | H6: 28612 | I6: 134920 | J6: 5041 | K6: 1439 | L6: 240 | M6: 52 | N6: 9325 | O6: 1273 | P6: 1637 | Q6: 2680 | R6: 280 | S6: 11087 | T6: 340717 | U6: 614054
A7: Campeche | B7: 1247 | C7: 19704 | D7: 41348 | E7: 2581 | F7: 12937 | G7: 14442 | H7: 152483 | I7: 176430 | J7: 1498 | K7: 483 | L7: 54 | M7: 171 | N7: 9874 | O7: 1509 | P7: 1777 | Q7: 2140 | R7: 237 | S7: 13001 | T7: 450669 | U7: 695055
A8: Coahuila | B8: 4181 | C8: 89881 | D8: 603512 | E8: 25208 | F8: 61412 | G8: 54305 | H8: 64401 | I8: 600842 | J8: 8261 | K8: 3406 | L8: 217 | M8: 1611 | N8: 22813 | O8: 2579 | P8: 6205 | Q8: 7742 | R8: 534 | S8: 35281 | T8: 1588210 | U8: 2414779
A9: Colima | B9: 1046 | C9: 48580 | D9: 50796 | E9: 6573 | F9: 20949 | G9: 9538 | H9: 63904 | I9: 115773 | J9: 4346 | K9: 2636 | L9: 131 | M9: 194 | N9: 7697 | O9: 1077 | P9: 2131 | Q9: 1272 | R9: 250 | S9: 10523 | T9: 346370 | U9: 585647
A10: Chiapas | B10: 6941 | C10: 117611 | D10: 229430 | E10: 36672 | F10: 524408 | G10: 259450 | H10: 139562 | I10: 942872 | J10: 11172 | K10: 2985 | L10: 628 | M10: 657 | N10: 0 | O10: 0 | P10: 0 | Q10: 0 | R10: 1556 | S10: 194358 | T10: 2461361 | U10: 3947162
A11: Chihuahua | B11: 5810 | C11: 396888 | D11: 152413 | E11: 19996 | F11: 67434 | G11: 55369 | H11: 128583 | I11: 682450 | J11: 21321 | K11: 8387 | L11: 784 | M11: 611 | N11: 37784 | O11: 3875 | P11: 9831 | Q11: 10812 | R11: 995 | S11: 47187 | T11: 1644720 | U11: 3089200
A12: Ciudad de México | B12: 13510 | C12: 1313723 | D12: 441841 | E12: 131518 | F12: 383327 | G12: 193215 | H12: 402941 | I12: 2179268 | J12: 115120 | K12: 20293 | L12: 4307 | M12: 2122 | N12: 194099 | O12: 13595 | P12: 35614 | Q12: 31863 | R12: 5561 | S12: 121626 | T12: 5590033 | U12: 7969314
A13: Durango | B13: 2643 | C13: 101064 | D13: 182439 | E13: 14332 | F13: 32152 | G13: 37260 | H13: 49477 | I13: 293268 | J13: 10226 | K13: 4826 | L13: 226 | M13: 319 | N13: 19314 | O13: 2406 | P13: 4514 | Q13: 4945 | R13: 365 | S13: 20599 | T13: 777732 | U13: 1401054
A14: Guanajuato | B14: 8207 | C14: 1083431 | D14: 163808 | E14: 27018 | F14: 132935 | G14: 56080 | H14: 196448 | I14: 940451 | J14: 0 | K14: 0 | L14: 0 | M14: 0 | N14: 38738 | O14: 3743 | P14: 11033 | Q14: 7064 | R14: 1681 | S14: 88410 | T14: 2750840 | U14: 4843368
A15: Guerrero | B15: 5164 | C15: 50914 | D15: 172064 | E15: 82325 | F15: 141956 | G15: 96045 | H15: 197363 | I15: 675365 | J15: 9262 | K15: 1663 | L15: 642 | M15: 1555 | N15: 0 | O15: 0 | P15: 0 | Q15: 0 | R15: 3566 | S15: 117758 | T15: 1550478 | U15: 2651380
... A35: Zacatecas | B35: 2677 | C35: 86418 | D35: 140220 | E35: 34461 | F35: 51055 | G35: 43821 | H35: 105158 | I35: 245914 | J35: 10713 | K35: 2370 | L35: 528 | M35: 526 | N35: 8474 | O35: 2056 | P35: 3778 | Q35: 2777 | R35: 777 | S35: 31550 | T35: 770596 | U35: 1270087
A36: Nacional | B36: =SUM(B4:B35) -> 171794 | C36: =SUM(C4:C35) -> 9805205 | D36: =SUM(D4:D35) -> 6230768 | E36: =SUM(E4:E35) -> 1142455 | F36: =SUM(F4:F35) -> 4886247 | G36: =SUM(G4:G35) -> 2762522 | H36: =SUM(H4:H35) -> 6528238 | I36: =SUM(I4:I35) -> 23967448 | ... U36: =SUM(U4:U35) -> 98438250
