Workbook

Sheet Resumen
A1: Senadurías 2018 – Resumen
A2: Fuente: senadurias.csv (PREP)
A4: Bloque | B4: Votos | C4: % del total | D4: % de votos válidos | E4: Estados ganados (1er lugar) | F4: Estados en 2º lugar | G4: Distritos ganados
A5: PT-Morena-PES | B5: ='Por estado'!B36 -> 24746578 | C5: =B5/$B$11 -> 0.43651018 | D5: =B5/SUM($B$5:$B$8) -> 0.45560642 | E5: =COUNTIF('Por estado'!$Q$4:$Q$35,A5) -> 25 | F5: 5 | G5: =COUNTIF('Por distrito'!$N$4:$N$303,A5) -> 216
A6: PAN-PRD-MC | B6: ='Por estado'!C36 -> 15611117 | C6: =B6/$B$11 -> 0.27536783 | D6: =B6/SUM($B$5:$B$8) -> 0.28741449 | E6: =COUNTIF('Por estado'!$Q$4:$Q$35,A6) -> 6 | F6: 15 | G6: =COUNTIF('Por distrito'!$N$4:$N$303,A6) -> 66
A7: PRI-PVEM-NA | B7: ='Por estado'!D36 -> 12848848 | C7: =B7/$B$11 -> 0.22664358 | D7: =B7/SUM($B$5:$B$8) -> 0.23655867 | E7: =COUNTIF('Por estado'!$Q$4:$Q$35,A7) -> 1 | F7: 12 | G7: =COUNTIF('Por distrito'!$N$4:$N$303,A7) -> 18
A8: Independientes | B8: ='Por estado'!E36 -> 1109149 | C8: =B8/$B$11 -> 0.019564516 | D8: =B8/SUM($B$5:$B$8) -> 0.020420416
A9: No registrados | B9: ='Por estado'!F36 -> 31820 | C9: =B9/$B$11 -> 0.00056127978
A10: Votos nulos | B10: ='Por estado'!G36 -> 2344357 | C10: =B10/$B$11 -> 0.041352614
A11: Total votos emitidos | B11: ='Por estado'!H36 -> 56691869
A12: Lista nominal (actas con dato) | B12: ='Por estado'!I36 -> 89127226
A13: Participación | B13: =B11/B12 -> 0.63607802
A14: Actas | B14: ='Votos por partido'!B36 -> 157891
A16: Notas:
A17: Cada bloque suma el voto del partido solo más las combinaciones de coalición. Las coaliciones no fueron iguales en todos los estados (PAN-PRD-MC en 30, PT-Morena-PES en 31, PRI-PVEM-NA en 17); donde no hubo, los partidos compitieron por separado. Por eso en "Por estado" se agregan las columnas de 1er y 2º lugar por candidatura real (p. ej. en Nuevo León el primer lugar fue MC, no el bloque PAN-PRD-MC).
A18: La senaduría se decide por estado: el primer lugar obtiene 2 escaños y el segundo (primera minoría) 1. Esta hoja no incluye las 32 senadurías de representación proporcional, ni valida los resultados oficiales del cómputo.
A19: Los 32 registros del voto desde el extranjero (distrito 0, 98,742 votos) están incluidos en los totales por estado, pero no en la hoja de distritos.
A20: Las 220 actas sin votos (paquetes no entregados o casillas no instaladas) se tomaron como cero y no tienen lista nominal; las casillas especiales tampoco. La participación calculada es 63.6%; el encabezado del archivo indica 63.52%.
A21: Los nombres de los estados se corrigieron porque los acentos venían dañados en el archivo.

Sheet Por estado
A1: Resultados por estado y bloque – Senadurías 2018 (fuente: senadurias.csv)
A2: Bloque = partido solo + combinaciones de coalición. Las últimas 4 columnas toman en cuenta las coaliciones que realmente hubo en cada estado (valores fijos, no fórmulas).
A3: Estado | B3: PT-Morena-PES | C3: PAN-PRD-MC | D3: PRI-PVEM-NA | E3: Independientes | F3: No registrados | G3: Votos nulos | H3: Total votos | I3: Lista nominal | J3: Participación | K3: PT-Morena-PES % | L3: PAN-PRD-MC % | M3: PRI-PVEM-NA % | N3: Independientes % | O3: No registrados % | P3: Votos nulos % | Q3: Bloque ganador | R3: Margen (pts) | S3: Candidatura en 1er lugar | T3: % 1er lugar | U3: Candidatura en 2º lugar (primera minoría) | V3: % 2º lugar
A4: ='Votos por partido'!A4 -> Aguascalientes | B4: ='Votos por partido'!G4+'Votos por partido'!J4+'Votos por partido'!K4+'Votos por partido'!T4+'Votos por partido'!U4+'Votos por partido'!V4+'Votos por partido'!W4 -> 161668 | C4: ='Votos por partido'!C4+'Votos por partido'!E4+'Votos por partido'!H4+'Votos por partido'!L4+'Votos por partido'!M4+'Votos por partido'!N4+'Votos por partido'!O4 -> 200339 | D4: ='Votos por partido'!D4+'Votos por partido'!F4+'Votos por partido'!I4+'Votos por partido'!P4+'Votos por partido'!Q4+'Votos por partido'!R4+'Votos por partido'!S4 -> 177661 | E4: ='Votos por partido'!X4+'Votos por partido'!Y4 -> 0 | F4: ='Votos por partido'!Z4 -> 412 | G4: ='Votos por partido'!AA4 -> 20838 | H4: ='Votos por partido'!AB4 -> 560918 | I4: ='Votos por partido'!AC4 -> 945131 | J4: =H4/I4 -> 0.59348175 | K4: =B4/H4 -> 0.28822038 | L4: =C4/H4 -> 0.35716272 | M4: =D4/H4 -> 0.31673257 | N4: =E4/H4 -> 0 | O4: =F4/H4 -> 0.00073451021 | P4: =G4/H4 -> 0.037149815 | Q4: =INDEX($B$3:$D$3,MATCH(MAX(B4:D4),B4:D4,0)) -> PAN-PRD-MC | R4: =(MAX(L4:N4)-LARGE(L4:N4,2))*100 -> 4.0430152 | S4: PAN-PRD-MC | T4: 0.35716272 | U4: PT-Morena-PES | V4: 0.28822038
A5: ='Votos por partido'!A5 -> Baja California | B5: ='Votos por partido'!G5+'Votos por partido'!J5+'Votos por partido'!K5+'Votos por partido'!T5+'Votos por partido'!U5+'Votos por partido'!V5+'Votos por partido'!W5 -> 836840 | C5: ='Votos por partido'!C5+'Votos por partido'!E5+'Votos por partido'!H5+'Votos por partido'!L5+'Votos por partido'!M5+'Votos por partido'!N5+'Votos por partido'!O5 -> 342035 | D5: ='Votos por partido'!D5+'Votos por partido'!F5+'Votos por partido'!I5+'Votos por partido'!P5+'Votos por partido'!Q5+'Votos por partido'!R5+'Votos por partido'!S5 -> 224287 | E5: ='Votos por partido'!X5+'Votos por partido'!Y5 -> 0 | F5: ='Votos por partido'!Z5 -> 1343 | G5: ='Votos por partido'!AA5 -> 43451 | H5: ='Votos por partido'!AB5 -> 1447956 | I5: ='Votos por partido'!AC5 -> 2734195 | J5: =H5/I5 -> 0.52957306 | K5: =B5/H5 -> 0.57794574 | L5: =C5/H5 -> 0.23621919 | M5: =D5/H5 -> 0.15489904 | N5: =E5/H5 -> 0 | O5: =F5/H5 -> 0.00092751437 | P5: =G5/H5 -> 0.030008509 | Q5: =INDEX($B$3:$D$3,MATCH(MAX(B5:D5),B5:D5,0)) -> PT-Morena-PES | R5: =(MAX(L5:N5)-LARGE(L5:N5,2))*100 -> 8.1320151 | S5: PT-Morena-PES | T5: 0.57794574 | U5: PAN-PRD-MC | V5: 0.23621919
A6: ='Votos por partido'!A6 -> Baja California Sur | B6: ='Votos por partido'!G6+'Votos por partido'!J6+'Votos por partido'!K6+'Votos por partido'!T6+'Votos por partido'!U6+'Votos por partido'!V6+'Votos por partido'!W6 -> 148597 | C6: ='Votos por partido'!C6+'Votos por partido'!E6+'Votos por partido'!H6+'Votos por partido'!L6+'Votos por partido'!M6+'Votos por partido'!N6+'Votos por partido'!O6 -> 85524 | D6: ='Votos por partido'!D6+'Votos por partido'!F6+'Votos por partido'!I6+'Votos por partido'!P6+'Votos por partido'!Q6+'Votos por partido'!R6+'Votos por partido'!S6 -> 43578 | E6: ='Votos por partido'!X6+'Votos por partido'!Y6 -> 14740 | F6: ='Votos por partido'!Z6 -> 255 | G6: ='Votos por partido'!AA6 -> 10573 | H6: ='Votos por partido'!AB6 -> 303267 | I6: ='Votos por partido'!AC6 -> 516365 | J6: =H6/I6 -> 0.5873113 | K6: =B6/H6 -> 0.48998737 | L6: =C6/H6 -> 0.28200892 | M6: =D6/H6 -> 0.14369516 | N6: =E6/H6 -> 0.048604035 | O6: =F6/H6 -> 0.00084084322 | P6: =G6/H6 -> 0.034863668 | Q6: =INDEX($B$3:$D$3,MATCH(MAX(B6:D6),B6:D6,0)) -> PT-Morena-PES | R6: =(MAX(L6:N6)-LARGE(L6:N6,2))*100 -> 13.831376 | S6: PT-Morena-PES | T6: 0.48998737 | U6: PAN-PRD-MC | V6: 0.28200892
A7: ='Votos por partido'!A7 -> Campeche | B7: ='Votos por partido'!G7+'Votos por partido'!J7+'Votos por partido'!K7+'Votos por partido'!T7+'Votos por partido'!U7+'Votos por partido'!V7+'Votos por partido'!W7 -> 208310 | C7: ='Votos por partido'!C7+'Votos por partido'!E7+'Votos por partido'!H7+'Votos por partido'!L7+'Votos por partido'!M7+'Votos por partido'!N7+'Votos por partido'!O7 -> 89607 | D7: ='Votos por partido'!D7+'Votos por partido'!F7+'Votos por partido'!I7+'Votos por partido'!P7+'Votos por partido'!Q7+'Votos por partido'!R7+'Votos por partido'!S7 -> 137428 | E7: ='Votos por partido'!X7+'Votos por partido'!Y7 -> 0 | F7: ='Votos por partido'!Z7 -> 158 | G7: ='Votos por partido'!AA7 -> 15837 | H7: ='Votos por partido'!AB7 -> 451340 | I7: ='Votos por partido'!AC7 -> 642407 | J7: =H7/I7 -> 0.7025764 | K7: =B7/H7 -> 0.46153676 | L7: =C7/H7 -> 0.19853547 | M7: =D7/H7 -> 0.30448886 | N7: =E7/H7 -> 0 | O7: =F7/H7 -> 0.00035006868 | P7: =G7/H7 -> 0.035088847 | Q7: =INDEX($B$3:$D$3,MATCH(MAX(B7:D7),B7:D7,0)) -> PT-Morena-PES | R7: =(MAX(L7:N7)-LARGE(L7:N7,2))*100 -> 10.595338 | S7: PT-Morena-PES | T7: 0.46153676 | U7: PRI-PVEM-NA | V7: 0.30448886
A8: ='Votos por partido'!A8 -> Coahuila | B8: ='Votos por partido'!G8+'Votos por partido'!J8+'Votos por partido'!K8+'Votos por partido'!T8+'Votos por partido'!U8+'Votos por partido'!V8+'Votos por partido'!W8 -> 500135 | C8: ='Votos por partido'!C8+'Votos por partido'!E8+'Votos por partido'!H8+'Votos por partido'!L8+'Votos por partido'!M8+'Votos por partido'!N8+'Votos por partido'!O8 -> 395845 | D8: ='Votos por partido'!D8+'Votos por partido'!F8+'Votos por partido'!I8+'Votos por partido'!P8+'Votos por partido'!Q8+'Votos por partido'!R8+'Votos por partido'!S8 -> 444056 | E8: ='Votos por partido'!X8+'Votos por partido'!Y8 -> 0 | F8: ='Votos por partido'!Z8 -> 435 | G8: ='Votos por partido'!AA8 -> 34589 | H8: ='Votos por partido'!AB8 -> 1375060 | I8: ='Votos por partido'!AC8 -> 2157244 | J8: =H8/I8 -> 0.63741515 | K8: =B8/H8 -> 0.36371867 | L8: =C8/H8 -> 0.28787471 | M8: =D8/H8 -> 0.32293573 | N8: =E8/H8 -> 0 | O8: =F8/H8 -> 0.00031634983 | P8: =G8/H8 -> 0.025154539 | Q8: =INDEX($B$3:$D$3,MATCH(MAX(B8:D8),B8:D8,0)) -> PT-Morena-PES | R8: =(MAX(L8:N8)-LARGE(L8:N8,2))*100 -> 3.5061016 | S8: PT-Morena-PES | T8: 0.36371867 | U8: PRI-PVEM-NA | V8: 0.32293573
A9: ='Votos por partido'!A9 -> Colima | B9: ='Votos por partido'!G9+'Votos por partido'!J9+'Votos por partido'!K9+'Votos por partido'!T9+'Votos por partido'!U9+'Votos por partido'!V9+'Votos por partido'!W9 -> 150037 | C9: ='Votos por partido'!C9+'Votos por partido'!E9+'Votos por partido'!H9+'Votos por partido'!L9+'Votos por partido'!M9+'Votos por partido'!N9+'Votos por partido'!O9 -> 79243 | D9: ='Votos por partido'!D9+'Votos por partido'!F9+'Votos por partido'!I9+'Votos por partido'!P9+'Votos por partido'!Q9+'Votos por partido'!R9+'Votos por partido'!S9 -> 98727 | E9: ='Votos por partido'!X9+'Votos por partido'!Y9 -> 0 | F9: ='Votos por partido'!Z9 -> 196 | G9: ='Votos por partido'!AA9 -> 12612 | H9: ='Votos por partido'!AB9 -> 340815 | I9: ='Votos por partido'!AC9 -> 531888 | J9: =H9/I9 -> 0.6407646 | K9: =B9/H9 -> 0.44023004 | L9: =C9/H9 -> 0.23251031 | M9: =D9/H9 -> 0.28967915 | N9: =E9/H9 -> 0 | O9: =F9/H9 -> 0.00057509206 | P9: =G9/H9 -> 0.037005413 | Q9: =INDEX($B$3:$D$3,MATCH(MAX(B9:D9),B9:D9,0)) -> PT-Morena-PES | R9: =(MAX(L9:N9)-LARGE(L9:N9,2))*100 -> 5.7168845 | S9: PT-Morena-PES | T9: 0.44023004 | U9: PRI-PVEM-NA | V9: 0.28967915
A10: ='Votos por partido'!A10 -> Chiapas | B10: ='Votos por partido'!G10+'Votos por partido'!J10+'Votos por partido'!K10+'Votos por partido'!T10+'Votos por partido'!U10+'Votos por partido'!V10+'Votos por partido'!W10 -> 1167456 | C10: ='Votos por partido'!C10+'Votos por partido'!E10+'Votos por partido'!H10+'Votos por partido'!L10+'Votos por partido'!M10+'Votos por partido'!N10+'Votos por partido'!O10 -> 239823 | D10: ='Votos por partido'!D10+'Votos por partido'!F10+'Votos por partido'!I10+'Votos por partido'!P10+'Votos por partido'!Q10+'Votos por partido'!R10+'Votos por partido'!S10 -> 708890 | E10: ='Votos por partido'!X10+'Votos por partido'!Y10 -> 98459 | F10: ='Votos por partido'!Z10 -> 1407 | G10: ='Votos por partido'!AA10 -> 195923 | H10: ='Votos por partido'!AB10 -> 2411958 | I10: ='Votos por partido'!AC10 -> 3496664 | J10: =H10/I10 -> 0.68978832 | K10: =B10/H10 -> 0.48402833 | L10: =C10/H10 -> 0.099430836 | M10: =D10/H10 -> 0.29390644 | N10: =E10/H10 -> 0.040821192 | O10: =F10/H10 -> 0.00058334349 | P10: =G10/H10 -> 0.081229856 | Q10: =INDEX($B$3:$D$3,MATCH(MAX(B10:D10),B10:D10,0)) -> PT-Morena-PES | R10: =(MAX(L10:N10)-LARGE(L10:N10,2))*100 -> 19.447561 | S10: PT-Morena-PES | T10: 0.48402833 | U10: PRI-PVEM-NA | V10: 0.29390644
A11: ='Votos por partido'!A11 -> Chihuahua | B11: ='Votos por partido'!G11+'Votos por partido'!J11+'Votos por partido'!K11+'Votos por partido'!T11+'Votos por partido'!U11+'Votos por partido'!V11+'Votos por partido'!W11 -> 544537 | C11: ='Votos por partido'!C11+'Votos por partido'!E11+'Votos por partido'!H11+'Votos por partido'!L11+'Votos por partido'!M11+'Votos por partido'!N11+'Votos por partido'!O11 -> 451370 | D11: ='Votos por partido'!D11+'Votos por partido'!F11+'Votos por partido'!I11+'Votos por partido'!P11+'Votos por partido'!Q11+'Votos por partido'!R11+'Votos por partido'!S11 -> 428376 | E11: ='Votos por partido'!X11+'Votos por partido'!Y11 -> 0 | F11: ='Votos por partido'!Z11 -> 1275 | G11: ='Votos por partido'!AA11 -> 73578 | H11: ='Votos por partido'!AB11 -> 1499136 | I11: ='Votos por partido'!AC11 -> 2746512 | J11: =H11/I11 -> 0.54583268 | K11: =B11/H11 -> 0.36323389 | L11: =C11/H11 -> 0.30108676 | M11: =D11/H11 -> 0.28574859 | N11: =E11/H11 -> 0 | O11: =F11/H11 -> 0.00085048988 | P11: =G11/H11 -> 0.04908027 | Q11: =INDEX($B$3:$D$3,MATCH(MAX(B11:D11),B11:D11,0)) -> PT-Morena-PES | R11: =(MAX(L11:N11)-LARGE(L11:N11,2))*100 -> 1.5338168 | S11: PT-Morena-PES | T11: 0.36323389 | U11: PAN-PRD-MC | V11: 0.30108676
A12: ='Votos por partido'!A12 -> Ciudad de México | B12: ='Votos por partido'!G12+'Votos por partido'!J12+'Votos por partido'!K12+'Votos por partido'!T12+'Votos por partido'!U12+'Votos por partido'!V12+'Votos por partido'!W12 -> 2775603 | C12: ='Votos por partido'!C12+'Votos por partido'!E12+'Votos por partido'!H12+'Votos por partido'!L12+'Votos por partido'!M12+'Votos por partido'!N12+'Votos por partido'!O12 -> 1562399 | D12: ='Votos por partido'!D12+'Votos por partido'!F12+'Votos por partido'!I12+'Votos por partido'!P12+'Votos por partido'!Q12+'Votos por partido'!R12+'Votos por partido'!S12 -> 861079 | E12: ='Votos por partido'!X12+'Votos por partido'!Y12 -> 0 | F12: ='Votos por partido'!Z12 -> 4556 | G12: ='Votos por partido'!AA12 -> 205589 | H12: ='Votos por partido'!AB12 -> 5409226 | I12: ='Votos por partido'!AC12 -> 7655601 | J12: =H12/I12 -> 0.70657105 | K12: =B12/H12 -> 0.51312387 | L12: =C12/H12 -> 0.28883966 | M12: =D12/H12 -> 0.1591871 | N12: =E12/H12 -> 0 | O12: =F12/H12 -> 0.00084226468 | P12: =G12/H12 -> 0.038007101 | Q12: =INDEX($B$3:$D$3,MATCH(MAX(B12:D12),B12:D12,0)) -> PT-Morena-PES | R12: =(MAX(L12:N12)-LARGE(L12:N12,2))*100 -> 12.965256 | S12: PT-Morena-PES | T12: 0.51312387 | U12: PAN-PRD-MC | V12: 0.28883966
A13: ='Votos por partido'!A13 -> Durango | B13: ='Votos por partido'!G13+'Votos por partido'!J13+'Votos por partido'!K13+'Votos por partido'!T13+'Votos por partido'!U13+'Votos por partido'!V13+'Votos por partido'!W13 -> 287011 | C13: ='Votos por partido'!C13+'Votos por partido'!E13+'Votos por partido'!H13+'Votos por partido'!L13+'Votos por partido'!M13+'Votos por partido'!N13+'Votos por partido'!O13 -> 224728 | D13: ='Votos por partido'!D13+'Votos por partido'!F13+'Votos por partido'!I13+'Votos por partido'!P13+'Votos por partido'!Q13+'Votos por partido'!R13+'Votos por partido'!S13 -> 198992 | E13: ='Votos por partido'!X13+'Votos por partido'!Y13 -> 0 | F13: ='Votos por partido'!Z13 -> 295 | G13: ='Votos por partido'!AA13 -> 25958 | H13: ='Votos por partido'!AB13 -> 736984 | I13: ='Votos por partido'!AC13 -> 1284462 | J13: =H13/I13 -> 0.57376863 | K13: =B13/H13 -> 0.38943993 | L13: =C13/H13 -> 0.30492928 | M13: =D13/H13 -> 0.27000858 | N13: =E13/H13 -> 0 | O13: =F13/H13 -> 0.00040028006 | P13: =G13/H13 -> 0.035221932 | Q13: =INDEX($B$3:$D$3,MATCH(MAX(B13:D13),B13:D13,0)) -> PT-Morena-PES | R13: =(MAX(L13:N13)-LARGE(L13:N13,2))*100 -> 3.4920704 | S13: PT-Morena-PES | T13: 0.38943993 | U13: PAN-PRD-MC | V13: 0.30492928
A14: ='Votos por partido'!A14 -> Guanajuato | B14: ='Votos por partido'!G14+'Votos por partido'!J14+'Votos por partido'!K14+'Votos por partido'!T14+'Votos por partido'!U14+'Votos por partido'!V14+'Votos por partido'!W14 -> 601944 | C14: ='Votos por partido'!C14+'Votos por partido'!E14+'Votos por partido'!H14+'Votos por partido'!L14+'Votos por partido'!M14+'Votos por partido'!N14+'Votos por partido'!O14 -> 1022457 | D14: ='Votos por partido'!D14+'Votos por partido'!F14+'Votos por partido'!I14+'Votos por partido'!P14+'Votos por partido'!Q14+'Votos por partido'!R14+'Votos por partido'!S14 -> 586890 | E14: ='Votos por partido'!X14+'Votos por partido'!Y14 -> 0 | F14: ='Votos por partido'!Z14 -> 1726 | G14: ='Votos por partido'!AA14 -> 112823 | H14: ='Votos por partido'!AB14 -> 2325840 | I14: ='Votos por partido'!AC14 -> 4369877 | J14: =H14/I14 -> 0.53224381 | K14: =B14/H14 -> 0.25880714 | L14: =C14/H14 -> 0.43960763 | M14: =D14/H14 -> 0.25233464 | N14: =E14/H14 -> 0 | O14: =F14/H14 -> 0.00074209748 | P14: =G14/H14 -> 0.048508496 | Q14: =INDEX($B$3:$D$3,MATCH(MAX(B14:D14),B14:D14,0)) -> PAN-PRD-MC | R14: =(MAX(L14:N14)-LARGE(L14:N14,2))*100 -> 18.727299 | S14: PAN-PRD-MC | T14: 0.43960763 | U14: PT-Morena-PES | V14: 0.25880714
A15: ='Votos por partido'!A15 -> Guerrero | B15: ='Votos por partido'!G15+'Votos por partido'!J15+'Votos por partido'!K15+'Votos por partido'!T15+'Votos por partido'!U15+'Votos por partido'!V15+'Votos por partido'!W15 -> 776044 | C15: ='Votos por partido'!C15+'Votos por partido'!E15+'Votos por partido'!H15+'Votos por partido'!L15+'Votos por partido'!M15+'Votos por partido'!N15+'Votos por partido'!O15 -> 361899 | D15: ='Votos por partido'!D15+'Votos por partido'!F15+'Votos por partido'!I15+'Votos por partido'!P15+'Votos por partido'!Q15+'Votos por partido'!R15+'Votos por partido'!S15 -> 370421 | E15: ='Votos por partido'!X15+'Votos por partido'!Y15 -> 20801 | F15: ='Votos por partido'!Z15 -> 753 | G15: ='Votos por partido'!AA15 -> 86952 | H15: ='Votos por partido'!AB15 -> 1616870 | I15: ='Votos por partido'!AC15 -> 2513278 | J15: =H15/I15 -> 0.64333114 | K15: =B15/H15 -> 0.47996685 | L15: =C15/H15 -> 0.2238269 | M15: =D15/H15 -> 0.22909758 | N15: =E15/H15 -> 0.01286498 | O15: =F15/H15 -> 0.00046571462 | P15: =G15/H15 -> 0.053777978 | Q15: =INDEX($B$3:$D$3,MATCH(MAX(B15:D15),B15:D15,0)) -> PT-Morena-PES | R15: =(MAX(L15:N15)-LARGE(L15:N15,2))*100 -> 0.52706773 | S15: PT-Morena-PES | T15: 0.47996685 | U15: PRI-PVEM-NA | V15: 0.22909758
... A35: ='Votos por partido'!A35 -> Zacatecas | B35: ='Votos por partido'!G35+'Votos por partido'!J35+'Votos por partido'!K35+'Votos por partido'!T35+'Votos por partido'!U35+'Votos por partido'!V35+'Votos por partido'!W35 -> 317770 | C35: ='Votos por partido'!C35+'Votos por partido'!E35+'Votos por partido'!H35+'Votos por partido'!L35+'Votos por partido'!M35+'Votos por partido'!N35+'Votos por partido'!O35 -> 159841 | D35: ='Votos por partido'!D35+'Votos por partido'!F35+'Votos por partido'!I35+'Votos por partido'!P35+'Votos por partido'!Q35+'Votos por partido'!R35+'Votos por partido'!S35 -> 255965 | E35: ='Votos por partido'!X35+'Votos por partido'!Y35 -> 0 | F35: ='Votos por partido'!Z35 -> 258 | G35: ='Votos por partido'!AA35 -> 31990 | H35: ='Votos por partido'!AB35 -> 765824 | I35: ='Votos por partido'!AC35 -> 1167497 | J35: =H35/I35 -> 0.65595372 | K35: =B35/H35 -> 0.41493868 | L35: =C35/H35 -> 0.20871767 | M35: =D35/H35 -> 0.33423476 | N35: =E35/H35 -> 0 | O35: =F35/H35 -> 0.00033689203 | P35: =G35/H35 -> 0.041772 | Q35: =INDEX($B$3:$D$3,MATCH(MAX(B35:D35),B35:D35,0)) -> PT-Morena-PES | R35: =(MAX(L35:N35)-LARGE(L35:N35,2))*100 -> 12.551709 | S35: PT-Morena-PES | T35: 0.41493868 | U35: PRI-PVEM-NA | V35: 0.33423476
A36: Nacional | B36: ='Votos por partido'!G36+'Votos por partido'!J36+'Votos por partido'!K36+'Votos por partido'!T36+'Votos por partido'!U36+'Votos por partido'!V36+'Votos por partido'!W36 -> 24746578 | C36: ='Votos por partido'!C36+'Votos por partido'!E36+'Votos por partido'!H36+'Votos por partido'!L36+'Votos por partido'!M36+'Votos por partido'!N36+'Votos por partido'!O36 -> 15611117 | D36: ='Votos por partido'!D36+'Votos por partido'!F36+'Votos por partido'!I36+'Votos por partido'!P36+'Votos por partido'!Q36+'Votos por partido'!R36+'Votos por partido'!S36 -> 12848848 | E36: ='Votos por partido'!X36+'Votos por partido'!Y36 -> 1109149 | F36: ='Votos por partido'!Z36 -> 31820 | G36: ='Votos por partido'!AA36 -> 2344357 | H36: ='Votos por partido'!AB36 -> 56691869 | I36: ='Votos por partido'!AC36 -> 89127226 | J36: =H36/I36 -> 0.63607802 | K36: =B36/H36 -> 0.43651018 | L36: =C36/H36 -> 0.27536783 | M36: =D36/H36 -> 0.22664358 | N36: =E36/H36 -> 0.019564516 | O36: =F36/H36 -> 0.00056127978 | P36: =G36/H36 -> 0.041352614 | Q36: =INDEX($B$3:$D$3,MATCH(MAX(B36:D36),B36:D36,0)) -> PT-Morena-PES | R36: =(MAX(L36:N36)-LARGE(L36:N36,2))*100 -> 4.8724254

Sheet Por distrito
A1: Votos para senadurías por distrito federal – 2018 (fuente: senadurias.csv)
A2: La senaduría se decide por estado; esta hoja muestra cómo votó cada distrito. No incluye los votos desde el extranjero (distrito 0).
A3: Estado | B3: Distrito | C3: PT-Morena-PES | D3: PAN-PRD-MC | E3: PRI-PVEM-NA | F3: Independientes | G3: No registrados | H3: Votos nulos | I3: Total votos | J3: PT-Morena-PES % | K3: PAN-PRD-MC % | L3: PRI-PVEM-NA % | M3: Votos nulos % | N3: Bloque ganador | O3: Margen (pts)
A4: Aguascalientes | B4: 1 | C4: 52921 | D4: 60614 | E4: 58083 | F4: 0 | G4: 103 | H4: 7469 | I4: 179190 | J4: =IF(I4=0,0,C4/I4) -> 0.29533456 | K4: =IF(I4=0,0,D4/I4) -> 0.33826664 | L4: =IF(I4=0,0,E4/I4) -> 0.32414197 | M4: =IF(I4=0,0,H4/I4) -> 0.041682014 | N4: =INDEX($C$3:$E$3,MATCH(MAX(C4:E4),C4:E4,0)) -> PAN-PRD-MC | O4: =(MAX(J4:L4)-LARGE(J4:L4,2))*100 -> 1.4124672
A5: Aguascalientes | B5: 2 | C5: 54889 | D5: 55048 | E5: 56058 | F5: 0 | G5: 115 | H5: 5982 | I5: 172092 | J5: =IF(I5=0,0,C5/I5) -> 0.31895149 | K5: =IF(I5=0,0,D5/I5) -> 0.31987542 | L5: =IF(I5=0,0,E5/I5) -> 0.32574437 | M5: =IF(I5=0,0,H5/I5) -> 0.034760477 | N5: =INDEX($C$3:$E$3,MATCH(MAX(C5:E5),C5:E5,0)) -> PRI-PVEM-NA | O5: =(MAX(J5:L5)-LARGE(J5:L5,2))*100 -> 0.58689538
A6: Aguascalientes | B6: 3 | C6: 53468 | D6: 84390 | E6: 63381 | F6: 0 | G6: 189 | H6: 7373 | I6: 208801 | J6: =IF(I6=0,0,C6/I6) -> 0.25607157 | K6: =IF(I6=0,0,D6/I6) -> 0.40416473 | L6: =IF(I6=0,0,E6/I6) -> 0.3035474 | M6: =IF(I6=0,0,H6/I6) -> 0.035311134 | N6: =INDEX($C$3:$E$3,MATCH(MAX(C6:E6),C6:E6,0)) -> PAN-PRD-MC | O6: =(MAX(J6:L6)-LARGE(J6:L6,2))*100 -> 10.061733
A7: Baja California | B7: 1 | C7: 99618 | D7: 47417 | E7: 24847 | F7: 0 | G7: 134 | H7: 5578 | I7: 177594 | J7: =IF(I7=0,0,C7/I7) -> 0.56093111 | K7: =IF(I7=0,0,D7/I7) -> 0.26699663 | L7: =IF(I7=0,0,E7/I7) -> 0.13990901 | M7: =IF(I7=0,0,H7/I7) -> 0.031408719 | N7: =INDEX($C$3:$E$3,MATCH(MAX(C7:E7),C7:E7,0)) -> PT-Morena-PES | O7: =(MAX(J7:L7)-LARGE(J7:L7,2))*100 -> 29.393448
A8: Baja California | B8: 2 | C8: 93258 | D8: 53853 | E8: 29891 | F8: 0 | G8: 185 | H8: 5945 | I8: 183132 | J8: =IF(I8=0,0,C8/I8) -> 0.50923924 | K8: =IF(I8=0,0,D8/I8) -> 0.29406657 | L8: =IF(I8=0,0,E8/I8) -> 0.16322106 | M8: =IF(I8=0,0,H8/I8) -> 0.032462923 | N8: =INDEX($C$3:$E$3,MATCH(MAX(C8:E8),C8:E8,0)) -> PT-Morena-PES | O8: =(MAX(J8:L8)-LARGE(J8:L8,2))*100 -> 21.517266
A9: Baja California | B9: 3 | C9: 100073 | D9: 38847 | E9: 38463 | F9: 0 | G9: 332 | H9: 6480 | I9: 184195 | J9: =IF(I9=0,0,C9/I9) -> 0.54329922 | K9: =IF(I9=0,0,D9/I9) -> 0.21090149 | L9: =IF(I9=0,0,E9/I9) -> 0.20881674 | M9: =IF(I9=0,0,H9/I9) -> 0.035180108 | N9: =INDEX($C$3:$E$3,MATCH(MAX(C9:E9),C9:E9,0)) -> PT-Morena-PES | O9: =(MAX(J9:L9)-LARGE(J9:L9,2))*100 -> 33.239773
A10: Baja California | B10: 4 | C10: 124132 | D10: 31277 | E10: 19904 | F10: 0 | G10: 106 | H10: 4285 | I10: 179704 | J10: =IF(I10=0,0,C10/I10) -> 0.69075814 | K10: =IF(I10=0,0,D10/I10) -> 0.17404732 | L10: =IF(I10=0,0,E10/I10) -> 0.11075992 | M10: =IF(I10=0,0,H10/I10) -> 0.023844767 | N10: =INDEX($C$3:$E$3,MATCH(MAX(C10:E10),C10:E10,0)) -> PT-Morena-PES | O10: =(MAX(J10:L10)-LARGE(J10:L10,2))*100 -> 51.671081
A11: Baja California | B11: 5 | C11: 104877 | D11: 52696 | E11: 30162 | F11: 0 | G11: 172 | H11: 5340 | I11: 193247 | J11: =IF(I11=0,0,C11/I11) -> 0.54270959 | K11: =IF(I11=0,0,D11/I11) -> 0.27268729 | L11: =IF(I11=0,0,E11/I11) -> 0.15608004 | M11: =IF(I11=0,0,H11/I11) -> 0.027633029 | N11: =INDEX($C$3:$E$3,MATCH(MAX(C11:E11),C11:E11,0)) -> PT-Morena-PES | O11: =(MAX(J11:L11)-LARGE(J11:L11,2))*100 -> 27.00223
A12: Baja California | B12: 6 | C12: 99788 | D12: 43682 | E12: 29873 | F12: 0 | G12: 168 | H12: 5672 | I12: 179183 | J12: =IF(I12=0,0,C12/I12) -> 0.55690551 | K12: =IF(I12=0,0,D12/I12) -> 0.24378429 | L12: =IF(I12=0,0,E12/I12) -> 0.16671782 | M12: =IF(I12=0,0,H12/I12) -> 0.031654789 | N12: =INDEX($C$3:$E$3,MATCH(MAX(C12:E12),C12:E12,0)) -> PT-Morena-PES | O12: =(MAX(J12:L12)-LARGE(J12:L12,2))*100 -> 31.312122
A13: Baja California | B13: 7 | C13: 98165 | D13: 38640 | E13: 27369 | F13: 0 | G13: 125 | H13: 5374 | I13: 169673 | J13: =IF(I13=0,0,C13/I13) -> 0.57855404 | K13: =IF(I13=0,0,D13/I13) -> 0.22773217 | L13: =IF(I13=0,0,E13/I13) -> 0.16130439 | M13: =IF(I13=0,0,H13/I13) -> 0.031672688 | N13: =INDEX($C$3:$E$3,MATCH(MAX(C13:E13),C13:E13,0)) -> PT-Morena-PES | O13: =(MAX(J13:L13)-LARGE(J13:L13,2))*100 -> 35.082188
A14: Baja California | B14: 8 | C14: 116042 | D14: 35185 | E14: 23640 | F14: 0 | G14: 118 | H14: 4745 | I14: 179730 | J14: =IF(I14=0,0,C14/I14) -> 0.64564625 | K14: =IF(I14=0,0,D14/I14) -> 0.19576587 | L14: =IF(I14=0,0,E14/I14) -> 0.13153063 | M14: =IF(I14=0,0,H14/I14) -> 0.026400712 | N14: =INDEX($C$3:$E$3,MATCH(MAX(C14:E14),C14:E14,0)) -> PT-Morena-PES | O14: =(MAX(J14:L14)-LARGE(J14:L14,2))*100 -> 44.988038
A15: Baja California Sur | B15: 1 | C15: 77432 | D15: 50219 | E15: 29647 | F15: 10308 | G15: 191 | H15: 6205 | I15: 174002 | J15: =IF(I15=0,0,C15/I15) -> 0.44500638 | K15: =IF(I15=0,0,D15/I15) -> 0.28861163 | L15: =IF(I15=0,0,E15/I15) -> 0.1703831 | M15: =IF(I15=0,0,H15/I15) -> 0.03566051 | N15: =INDEX($C$3:$E$3,MATCH(MAX(C15:E15),C15:E15,0)) -> PT-Morena-PES | O15: =(MAX(J15:L15)-LARGE(J15:L15,2))*100 -> 15.639475
... A303: Zacatecas | B303: 4 | C303: 85355 | D303: 35879 | E303: 64635 | F303: 0 | G303: 67 | H303: 7604 | I303: 193540 | J303: =IF(I303=0,0,C303/I303) -> 0.44101994 | K303: =IF(I303=0,0,D303/I303) -> 0.18538287 | L303: =IF(I303=0,0,E303/I303) -> 0.33396197 | M303: =IF(I303=0,0,H303/I303) -> 0.039289036 | N303: =INDEX($C$3:$E$3,MATCH(MAX(C303:E303),C303:E303,0)) -> PT-Morena-PES | O303: =(MAX(J303:L303)-LARGE(J303:L303,2))*100 -> 10.705797

Sheet Votos por partido
A1: Votos por partido y combinación de coalición, por estado – Senadurías 2018 (fuente: senadurias.csv)
A3: Estado | B3: Actas | C3: PAN | D3: PRI | E3: PRD | F3: PVEM | G3: PT | H3: MOVIMIENTO CIUDADANO | I3: NUEVA ALIANZA | J3: MORENA | K3: ENCUENTRO SOCIAL | L3: PAN-PRD-MC | M3: PAN-PRD | N3: PAN-MC | O3: PRD-MC | P3: PRI-PVEM-NA | Q3: PRI-PVEM | R3: PRI-NA | S3: PVEM-NA | T3: PT-MORENA-PES | U3: PT-MORENA | V3: PT-PES | W3: MORENA-PES | X3: CAND-IND-01 | Y3: CAND-IND-02 | Z3: CNR | AA3: VN | AB3: Total votos | AC3: Lista nominal
A4: Aguascalientes | B4: 1609 | C4: 176346 | D4: 144846 | E4: 10786 | F4: 18531 | G4: 14225 | H4: 10060 | I4: 14284 | J4: 131087 | K4: 11522 | L4: 1863 | M4: 762 | N4: 426 | O4: 96 | P4: 0 | Q4: 0 | R4: 0 | S4: 0 | T4: 2660 | U4: 1180 | V4: 159 | W4: 835 | X4: 0 | Y4: 0 | Z4: 412 | AA4: 20838 | AB4: 560918 | AC4: 945131
A5: Baja California | B5: 4739 | C5: 273829 | D5: 149689 | E5: 22585 | F5: 44884 | G5: 60278 | H5: 37422 | I5: 29714 | J5: 703708 | K5: 39711 | L5: 5059 | M5: 1361 | N5: 1382 | O5: 397 | P5: 0 | Q5: 0 | R5: 0 | S5: 0 | T5: 18805 | U5: 8416 | V5: 840 | W5: 5082 | X5: 0 | Y5: 0 | Z5: 1343 | AA5: 43451 | AB5: 1447956 | AC5: 2734195
A6: Baja California Sur | B6: 993 | C6: 76125 | D6: 24463 | E6: 3276 | F6: 11095 | G6: 18768 | H6: 4544 | I6: 8020 | J6: 119314 | K6: 4902 | L6: 889 | M6: 432 | N6: 195 | O6: 63 | P6: 0 | Q6: 0 | R6: 0 | S6: 0 | T6: 2323 | U6: 1453 | V6: 148 | W6: 1689 | X6: 14740 | Y6: 0 | Z6: 255 | AA6: 10573 | AB6: 303267 | AC6: 516365
A7: Campeche | B7: 1165 | C7: 69167 | D7: 111800 | E7: 9422 | F7: 8818 | G7: 16834 | H7: 8754 | I7: 8698 | J7: 176740 | K7: 9259 | L7: 764 | M7: 387 | N7: 964 | O7: 149 | P7: 4730 | Q7: 2702 | R7: 565 | S7: 115 | T7: 2756 | U7: 1654 | V7: 159 | W7: 908 | X7: 0 | Y7: 0 | Z7: 158 | AA7: 15837 | AB7: 451340 | AC7: 642407
A8: Coahuila | B8: 3787 | C8: 342570 | D8: 388022 | E8: 19720 | F8: 28130 | G8: 35472 | H8: 27604 | I8: 19139 | J8: 435866 | K8: 17743 | L8: 3058 | M8: 1012 | N8: 1676 | O8: 205 | P8: 3154 | Q8: 4776 | R8: 650 | S8: 185 | T8: 6163 | U8: 2782 | V8: 285 | W8: 1824 | X8: 0 | Y8: 0 | Z8: 435 | AA8: 34589 | AB8: 1375060 | AC8: 2157244
A9: Colima | B9: 961 | C9: 49208 | D9: 66072 | E9: 4822 | F9: 18978 | G9: 15618 | H9: 23494 | I9: 9781 | J9: 122784 | K9: 5257 | L9: 660 | M9: 647 | N9: 312 | O9: 100 | P9: 943 | Q9: 2606 | R9: 236 | S9: 111 | T9: 4082 | U9: 1468 | V9: 146 | W9: 682 | X9: 0 | Y9: 0 | Z9: 196 | AA9: 12612 | AB9: 340815 | AC9: 531888
A10: Chiapas | B10: 6362 | C10: 86684 | D10: 294777 | E10: 80774 | F10: 340744 | G10: 104717 | H10: 67139 | I10: 61607 | J10: 976121 | K10: 49261 | L10: 2762 | M10: 1261 | N10: 602 | O10: 601 | P10: 2128 | Q10: 6509 | R10: 1348 | S10: 1777 | T10: 21374 | U10: 8152 | V10: 1495 | W10: 6336 | X10: 98459 | Y10: 0 | Z10: 1407 | AA10: 195923 | AB10: 2411958 | AC10: 3496664
A11: Chihuahua | B11: 5330 | C11: 376464 | D11: 327624 | E11: 26880 | F11: 56823 | G11: 48858 | H11: 40030 | I11: 43929 | J11: 438932 | K11: 39418 | L11: 3496 | M11: 1568 | N11: 2610 | O11: 322 | P11: 0 | Q11: 0 | R11: 0 | S11: 0 | T11: 9004 | U11: 4651 | V11: 587 | W11: 3087 | X11: 0 | Y11: 0 | Z11: 1275 | AA11: 73578 | AB11: 1499136 | AC11: 2746512
A12: Ciudad de México | B12: 13006 | C12: 849625 | D12: 523380 | E12: 520198 | F12: 245475 | G12: 140902 | H12: 140955 | I12: 92224 | J12: 2380334 | K12: 123022 | L12: 33684 | M12: 11068 | N12: 3218 | O12: 3651 | P12: 0 | Q12: 0 | R12: 0 | S12: 0 | T12: 89852 | U12: 24603 | V12: 2818 | W12: 14072 | X12: 0 | Y12: 0 | Z12: 4556 | AA12: 205589 | AB12: 5409226 | AC12: 7655601
A13: Durango | B13: 2501 | C13: 178733 | D13: 157529 | E13: 12850 | F13: 26753 | G13: 56478 | H13: 27295 | I13: 14710 | J13: 203654 | K13: 14492 | L13: 2824 | M13: 1662 | N13: 1198 | O13: 166 | P13: 0 | Q13: 0 | R13: 0 | S13: 0 | T13: 5793 | U13: 4793 | V13: 355 | W13: 1446 | X13: 0 | Y13: 0 | Z13: 295 | AA13: 25958 | AB13: 736984 | AC13: 1284462
A14: Guanajuato | B14: 7500 | C14: 877752 | D14: 324062 | E14: 65024 | F14: 191002 | G14: 52464 | H14: 65937 | I14: 71826 | J14: 489262 | K14: 43574 | L14: 7688 | M14: 3059 | N14: 2520 | O14: 477 | P14: 0 | Q14: 0 | R14: 0 | S14: 0 | T14: 9641 | U14: 4411 | V14: 483 | W14: 2109 | X14: 0 | Y14: 0 | Z14: 1726 | AA14: 112823 | AB14: 2325840 | AC14: 4369877
A15: Guerrero | B15: 5014 | C15: 74655 | D15: 272654 | E15: 217568 | F15: 61820 | G15: 87822 | H15: 60923 | I15: 22520 | J15: 634011 | K15: 29850 | L15: 3611 | M15: 2561 | N15: 713 | O15: 1868 | P15: 3022 | Q15: 9206 | R15: 824 | S15: 375 | T15: 12128 | U15: 6553 | V15: 753 | W15: 4927 | X15: 20801 | Y15: 0 | Z15: 753 | AA15: 86952 | AB15: 1616870 | AC15: 2513278
... A35: Zacatecas | B35: 2529 | C35: 95661 | D35: 181265 | E35: 41166 | F35: 44505 | G35: 50270 | H35: 17761 | I35: 26795 | J35: 244795 | K35: 13122 | L35: 2596 | M35: 2033 | N35: 393 | O35: 231 | P35: 1010 | Q35: 1682 | R35: 357 | S35: 351 | T35: 4762 | U35: 3429 | V35: 328 | W35: 1064 | X35: 0 | Y35: 0 | Z35: 258 | AA35: 31990 | AB35: 765824 | AC35: 1167497
A36: Nacional | B36: =SUM(B4:B35) -> 157891 | C36: =SUM(C4:C35) -> 9839829 | D36: =SUM(D4:D35) -> 8935898 | E36: =SUM(E4:E35) -> 2867890 | F36: =SUM(F4:F35) -> 2454109 | G36: =SUM(G4:G35) -> 1894346 | H36: =SUM(H4:H35) -> 2556406 | I36: =SUM(I4:I35) -> 1272961 | ... AC36: =SUM(AC4:AC35) -> 89127226
