Workbook

Sheet Resumen por candidatura
A1: Resultados generales por estado y candidatura – Elección presidencial 2018 (fuente: presidencia.xlsx)
A2: Votos por candidatura sumando partido solo + combinaciones de coalición. Las columnas % son sobre el total de votos emitidos.
A3: Estado | B3: López Obrador (PT-Morena-PES) | C3: Anaya (PAN-PRD-MC) | D3: Meade (PRI-PVEM-NA) | E3: Independiente 02 (Rodríguez) | F3: Independiente 01 (Zavala) | G3: No registrados | H3: Votos nulos | I3: Total votos | J3: Lista nominal | K3: Participación | L3: López Obrador % | M3: Anaya % | N3: Meade % | O3: Independiente 02 % | P3: Independiente 01 % | Q3: No registrados % | R3: Votos nulos % | S3: Ganador | T3: Margen (pts)
A4: ='Votos por partido'!A4 -> Aguascalientes | B4: ='Votos por partido'!G4+'Votos por partido'!J4+'Votos por partido'!K4+'Votos por partido'!T4+'Votos por partido'!U4+'Votos por partido'!V4+'Votos por partido'!W4 -> 222528 | C4: ='Votos por partido'!C4+'Votos por partido'!E4+'Votos por partido'!H4+'Votos por partido'!L4+'Votos por partido'!M4+'Votos por partido'!N4+'Votos por partido'!O4 -> 178988 | D4: ='Votos por partido'!D4+'Votos por partido'!F4+'Votos por partido'!I4+'Votos por partido'!P4+'Votos por partido'!Q4+'Votos por partido'!R4+'Votos por partido'!S4 -> 103639 | E4: ='Votos por partido'!Y4 -> 40299 | F4: ='Votos por partido'!X4 -> 547 | G4: ='Votos por partido'!Z4 -> 391 | H4: ='Votos por partido'!AA4 -> 14714 | I4: ='Votos por partido'!AB4 -> 561106 | J4: ='Votos por partido'!AC4 -> 945131 | K4: =I4/J4 -> 0.59368066 | L4: =B4/I4 -> 0.39658817 | M4: =C4/I4 -> 0.31899142 | N4: =D4/I4 -> 0.18470485 | O4: =E4/I4 -> 0.071820654 | P4: =F4/I4 -> 0.00097486037 | Q4: =G4/I4 -> 0.00069683803 | R4: =H4/I4 -> 0.026223209 | S4: =SUBSTITUTE(INDEX($B$3:$E$3,MATCH(MAX(B4:E4),B4:E4,0)),CHAR(10)," ") -> López Obrador (PT-Morena-PES) | T4: =(MAX(L4:O4)-LARGE(L4:O4,2))*100 -> 7.7596746
A5: ='Votos por partido'!A5 -> Baja California | B5: ='Votos por partido'!G5+'Votos por partido'!J5+'Votos por partido'!K5+'Votos por partido'!T5+'Votos por partido'!U5+'Votos por partido'!V5+'Votos por partido'!W5 -> 918939 | C5: ='Votos por partido'!C5+'Votos por partido'!E5+'Votos por partido'!H5+'Votos por partido'!L5+'Votos por partido'!M5+'Votos por partido'!N5+'Votos por partido'!O5 -> 275503 | D5: ='Votos por partido'!D5+'Votos por partido'!F5+'Votos por partido'!I5+'Votos por partido'!P5+'Votos por partido'!Q5+'Votos por partido'!R5+'Votos por partido'!S5 -> 124225 | E5: ='Votos por partido'!Y5 -> 89823 | F5: ='Votos por partido'!X5 -> 479 | G5: ='Votos por partido'!Z5 -> 1252 | H5: ='Votos por partido'!AA5 -> 28201 | I5: ='Votos por partido'!AB5 -> 1438422 | J5: ='Votos por partido'!AC5 -> 2734195 | K5: =I5/J5 -> 0.52608611 | L5: =B5/I5 -> 0.63885216 | M5: =C5/I5 -> 0.19153141 | N5: =D5/I5 -> 0.086361999 | O5: =E5/I5 -> 0.062445513 | P5: =F5/I5 -> 0.00033300381 | Q5: =G5/I5 -> 0.00087039826 | R5: =H5/I5 -> 0.019605512 | S5: =SUBSTITUTE(INDEX($B$3:$E$3,MATCH(MAX(B5:E5),B5:E5,0)),CHAR(10)," ") -> López Obrador (PT-Morena-PES) | T5: =(MAX(L5:O5)-LARGE(L5:O5,2))*100 -> 44.732074
A6: ='Votos por partido'!A6 -> Baja California Sur | B6: ='Votos por partido'!G6+'Votos por partido'!J6+'Votos por partido'!K6+'Votos por partido'!T6+'Votos por partido'!U6+'Votos por partido'!V6+'Votos por partido'!W6 -> 193842 | C6: ='Votos por partido'!C6+'Votos por partido'!E6+'Votos por partido'!H6+'Votos por partido'!L6+'Votos por partido'!M6+'Votos por partido'!N6+'Votos por partido'!O6 -> 56794 | D6: ='Votos por partido'!D6+'Votos por partido'!F6+'Votos por partido'!I6+'Votos por partido'!P6+'Votos por partido'!Q6+'Votos por partido'!R6+'Votos por partido'!S6 -> 28202 | E6: ='Votos por partido'!Y6 -> 16766 | F6: ='Votos por partido'!X6 -> 404 | G6: ='Votos por partido'!Z6 -> 235 | H6: ='Votos por partido'!AA6 -> 6645 | I6: ='Votos por partido'!AB6 -> 302888 | J6: ='Votos por partido'!AC6 -> 516365 | K6: =I6/J6 -> 0.58657732 | L6: =B6/I6 -> 0.63997913 | M6: =C6/I6 -> 0.18750825 | N6: =D6/I6 -> 0.093110325 | O6: =E6/I6 -> 0.055353794 | P6: =F6/I6 -> 0.0013338264 | Q6: =G6/I6 -> 0.00077586435 | R6: =H6/I6 -> 0.021938802 | S6: =SUBSTITUTE(INDEX($B$3:$E$3,MATCH(MAX(B6:E6),B6:E6,0)),CHAR(10)," ") -> López Obrador (PT-Morena-PES) | T6: =(MAX(L6:O6)-LARGE(L6:O6,2))*100 -> 45.247088
A7: ='Votos por partido'!A7 -> Campeche | B7: ='Votos por partido'!G7+'Votos por partido'!J7+'Votos por partido'!K7+'Votos por partido'!T7+'Votos por partido'!U7+'Votos por partido'!V7+'Votos por partido'!W7 -> 275262 | C7: ='Votos por partido'!C7+'Votos por partido'!E7+'Votos por partido'!H7+'Votos por partido'!L7+'Votos por partido'!M7+'Votos por partido'!N7+'Votos por partido'!O7 -> 54417 | D7: ='Votos por partido'!D7+'Votos por partido'!F7+'Votos por partido'!I7+'Votos por partido'!P7+'Votos por partido'!Q7+'Votos por partido'!R7+'Votos por partido'!S7 -> 96584 | E7: ='Votos por partido'!Y7 -> 11194 | F7: ='Votos por partido'!X7 -> 209 | G7: ='Votos por partido'!Z7 -> 146 | H7: ='Votos por partido'!AA7 -> 11735 | I7: ='Votos por partido'!AB7 -> 449547 | J7: ='Votos por partido'!AC7 -> 642407 | K7: =I7/J7 -> 0.69978534 | L7: =B7/I7 -> 0.61230973 | M7: =C7/I7 -> 0.12104852 | N7: =D7/I7 -> 0.21484739 | O7: =E7/I7 -> 0.024900622 | P7: =F7/I7 -> 0.00046491246 | Q7: =G7/I7 -> 0.00032477138 | R7: =H7/I7 -> 0.026104056 | S7: =SUBSTITUTE(INDEX($B$3:$E$3,MATCH(MAX(B7:E7),B7:E7,0)),CHAR(10)," ") -> López Obrador (PT-Morena-PES) | T7: =(MAX(L7:O7)-LARGE(L7:O7,2))*100 -> 39.746233
A8: ='Votos por partido'!A8 -> Coahuila | B8: ='Votos por partido'!G8+'Votos por partido'!J8+'Votos por partido'!K8+'Votos por partido'!T8+'Votos por partido'!U8+'Votos por partido'!V8+'Votos por partido'!W8 -> 609362 | C8: ='Votos por partido'!C8+'Votos por partido'!E8+'Votos por partido'!H8+'Votos por partido'!L8+'Votos por partido'!M8+'Votos por partido'!N8+'Votos por partido'!O8 -> 307590 | D8: ='Votos por partido'!D8+'Votos por partido'!F8+'Votos por partido'!I8+'Votos por partido'!P8+'Votos por partido'!Q8+'Votos por partido'!R8+'Votos por partido'!S8 -> 358279 | E8: ='Votos por partido'!Y8 -> 71051 | F8: ='Votos por partido'!X8 -> 730 | G8: ='Votos por partido'!Z8 -> 437 | H8: ='Votos por partido'!AA8 -> 24367 | I8: ='Votos por partido'!AB8 -> 1371816 | J8: ='Votos por partido'!AC8 -> 2157244 | K8: =I8/J8 -> 0.63591138 | L8: =B8/I8 -> 0.44420097 | M8: =C8/I8 -> 0.22422103 | N8: =D8/I8 -> 0.26117132 | O8: =E8/I8 -> 0.051793389 | P8: =F8/I8 -> 0.00053214134 | Q8: =G8/I8 -> 0.00031855584 | R8: =H8/I8 -> 0.017762586 | S8: =SUBSTITUTE(INDEX($B$3:$E$3,MATCH(MAX(B8:E8),B8:E8,0)),CHAR(10)," ") -> López Obrador (PT-Morena-PES) | T8: =(MAX(L8:O8)-LARGE(L8:O8,2))*100 -> 18.302965
A9: ='Votos por partido'!A9 -> Colima | B9: ='Votos por partido'!G9+'Votos por partido'!J9+'Votos por partido'!K9+'Votos por partido'!T9+'Votos por partido'!U9+'Votos por partido'!V9+'Votos por partido'!W9 -> 197316 | C9: ='Votos por partido'!C9+'Votos por partido'!E9+'Votos por partido'!H9+'Votos por partido'!L9+'Votos por partido'!M9+'Votos por partido'!N9+'Votos por partido'!O9 -> 56428 | D9: ='Votos por partido'!D9+'Votos por partido'!F9+'Votos por partido'!I9+'Votos por partido'!P9+'Votos por partido'!Q9+'Votos por partido'!R9+'Votos por partido'!S9 -> 62004 | E9: ='Votos por partido'!Y9 -> 15753 | F9: ='Votos por partido'!X9 -> 346 | G9: ='Votos por partido'!Z9 -> 200 | H9: ='Votos por partido'!AA9 -> 9062 | I9: ='Votos por partido'!AB9 -> 341109 | J9: ='Votos por partido'!AC9 -> 531888 | K9: =I9/J9 -> 0.64131735 | L9: =B9/I9 -> 0.57845439 | M9: =C9/I9 -> 0.16542513 | N9: =D9/I9 -> 0.18177181 | O9: =E9/I9 -> 0.046181719 | P9: =F9/I9 -> 0.0010143385 | Q9: =G9/I9 -> 0.00058632285 | R9: =H9/I9 -> 0.026566288 | S9: =SUBSTITUTE(INDEX($B$3:$E$3,MATCH(MAX(B9:E9),B9:E9,0)),CHAR(10)," ") -> López Obrador (PT-Morena-PES) | T9: =(MAX(L9:O9)-LARGE(L9:O9,2))*100 -> 39.668259
A10: ='Votos por partido'!A10 -> Chiapas | B10: ='Votos por partido'!G10+'Votos por partido'!J10+'Votos por partido'!K10+'Votos por partido'!T10+'Votos por partido'!U10+'Votos por partido'!V10+'Votos por partido'!W10 -> 1485699 | C10: ='Votos por partido'!C10+'Votos por partido'!E10+'Votos por partido'!H10+'Votos por partido'!L10+'Votos por partido'!M10+'Votos por partido'!N10+'Votos por partido'!O10 -> 198117 | D10: ='Votos por partido'!D10+'Votos por partido'!F10+'Votos por partido'!I10+'Votos por partido'!P10+'Votos por partido'!Q10+'Votos por partido'!R10+'Votos por partido'!S10 -> 562863 | E10: ='Votos por partido'!Y10 -> 39607 | F10: ='Votos por partido'!X10 -> 1697 | G10: ='Votos por partido'!Z10 -> 580 | H10: ='Votos por partido'!AA10 -> 137087 | I10: ='Votos por partido'!AB10 -> 2425650 | J10: ='Votos por partido'!AC10 -> 3501730 | K10: =I10/J10 -> 0.69270047 | L10: =B10/I10 -> 0.61249521 | M10: =C10/I10 -> 0.081675839 | N10: =D10/I10 -> 0.23204626 | O10: =E10/I10 -> 0.016328407 | P10: =F10/I10 -> 0.00069960629 | Q10: =G10/I10 -> 0.00023911117 | R10: =H10/I10 -> 0.056515573 | S10: =SUBSTITUTE(INDEX($B$3:$E$3,MATCH(MAX(B10:E10),B10:E10,0)),CHAR(10)," ") -> López Obrador (PT-Morena-PES) | T10: =(MAX(L10:O10)-LARGE(L10:O10,2))*100 -> 38.044895
A11: ='Votos por partido'!A11 -> Chihuahua | B11: ='Votos por partido'!G11+'Votos por partido'!J11+'Votos por partido'!K11+'Votos por partido'!T11+'Votos por partido'!U11+'Votos por partido'!V11+'Votos por partido'!W11 -> 643652 | C11: ='Votos por partido'!C11+'Votos por partido'!E11+'Votos por partido'!H11+'Votos por partido'!L11+'Votos por partido'!M11+'Votos por partido'!N11+'Votos por partido'!O11 -> 425919 | D11: ='Votos por partido'!D11+'Votos por partido'!F11+'Votos por partido'!I11+'Votos por partido'!P11+'Votos por partido'!Q11+'Votos por partido'!R11+'Votos por partido'!S11 -> 240725 | E11: ='Votos por partido'!Y11 -> 132242 | F11: ='Votos por partido'!X11 -> 1604 | G11: ='Votos por partido'!Z11 -> 1717 | H11: ='Votos por partido'!AA11 -> 48846 | I11: ='Votos por partido'!AB11 -> 1494705 | J11: ='Votos por partido'!AC11 -> 2745255 | K11: =I11/J11 -> 0.54446855 | L11: =B11/I11 -> 0.43062143 | M11: =C11/I11 -> 0.28495188 | N11: =D11/I11 -> 0.16105185 | O11: =E11/I11 -> 0.088473645 | P11: =F11/I11 -> 0.0010731215 | Q11: =G11/I11 -> 0.0011487217 | R11: =H11/I11 -> 0.032679358 | S11: =SUBSTITUTE(INDEX($B$3:$E$3,MATCH(MAX(B11:E11),B11:E11,0)),CHAR(10)," ") -> López Obrador (PT-Morena-PES) | T11: =(MAX(L11:O11)-LARGE(L11:O11,2))*100 -> 14.566955
A12: ='Votos por partido'!A12 -> Ciudad de México | B12: ='Votos por partido'!G12+'Votos por partido'!J12+'Votos por partido'!K12+'Votos por partido'!T12+'Votos por partido'!U12+'Votos por partido'!V12+'Votos por partido'!W12 -> 3118478 | C12: ='Votos por partido'!C12+'Votos por partido'!E12+'Votos por partido'!H12+'Votos por partido'!L12+'Votos por partido'!M12+'Votos por partido'!N12+'Votos por partido'!O12 -> 1292623 | D12: ='Votos por partido'!D12+'Votos por partido'!F12+'Votos por partido'!I12+'Votos por partido'!P12+'Votos por partido'!Q12+'Votos por partido'!R12+'Votos por partido'!S12 -> 652073 | E12: ='Votos por partido'!Y12 -> 223261 | F12: ='Votos por partido'!X12 -> 3054 | G12: ='Votos por partido'!Z12 -> 4793 | H12: ='Votos por partido'!AA12 -> 111586 | I12: ='Votos por partido'!AB12 -> 5405868 | J12: ='Votos por partido'!AC12 -> 7655623 | K12: =I12/J12 -> 0.70613038 | L12: =B12/I12 -> 0.57686906 | M12: =C12/I12 -> 0.23911479 | N12: =D12/I12 -> 0.12062318 | O12: =E12/I12 -> 0.041299751 | P12: =F12/I12 -> 0.00056494165 | Q12: =G12/I12 -> 0.00088662912 | R12: =H12/I12 -> 0.020641643 | S12: =SUBSTITUTE(INDEX($B$3:$E$3,MATCH(MAX(B12:E12),B12:E12,0)),CHAR(10)," ") -> López Obrador (PT-Morena-PES) | T12: =(MAX(L12:O12)-LARGE(L12:O12,2))*100 -> 33.775427
A13: ='Votos por partido'!A13 -> Durango | B13: ='Votos por partido'!G13+'Votos por partido'!J13+'Votos por partido'!K13+'Votos por partido'!T13+'Votos por partido'!U13+'Votos por partido'!V13+'Votos por partido'!W13 -> 340829 | C13: ='Votos por partido'!C13+'Votos por partido'!E13+'Votos por partido'!H13+'Votos por partido'!L13+'Votos por partido'!M13+'Votos por partido'!N13+'Votos por partido'!O13 -> 187947 | D13: ='Votos por partido'!D13+'Votos por partido'!F13+'Votos por partido'!I13+'Votos por partido'!P13+'Votos por partido'!Q13+'Votos por partido'!R13+'Votos por partido'!S13 -> 141291 | E13: ='Votos por partido'!Y13 -> 46009 | F13: ='Votos por partido'!X13 -> 636 | G13: ='Votos por partido'!Z13 -> 215 | H13: ='Votos por partido'!AA13 -> 16788 | I13: ='Votos por partido'!AB13 -> 733715 | J13: ='Votos por partido'!AC13 -> 1284462 | K13: =I13/J13 -> 0.57122359 | L13: =B13/I13 -> 0.46452505 | M13: =C13/I13 -> 0.25615805 | N13: =D13/I13 -> 0.19256932 | O13: =E13/I13 -> 0.062706909 | P13: =F13/I13 -> 0.00086682159 | Q13: =G13/I13 -> 0.00029302931 | R13: =H13/I13 -> 0.022880819 | S13: =SUBSTITUTE(INDEX($B$3:$E$3,MATCH(MAX(B13:E13),B13:E13,0)),CHAR(10)," ") -> López Obrador (PT-Morena-PES) | T13: =(MAX(L13:O13)-LARGE(L13:O13,2))*100 -> 20.836701
A14: ='Votos por partido'!A14 -> Guanajuato | B14: ='Votos por partido'!G14+'Votos por partido'!J14+'Votos por partido'!K14+'Votos por partido'!T14+'Votos por partido'!U14+'Votos por partido'!V14+'Votos por partido'!W14 -> 707222 | C14: ='Votos por partido'!C14+'Votos por partido'!E14+'Votos por partido'!H14+'Votos por partido'!L14+'Votos por partido'!M14+'Votos por partido'!N14+'Votos por partido'!O14 -> 940133 | D14: ='Votos por partido'!D14+'Votos por partido'!F14+'Votos por partido'!I14+'Votos por partido'!P14+'Votos por partido'!Q14+'Votos por partido'!R14+'Votos por partido'!S14 -> 381692 | E14: ='Votos por partido'!Y14 -> 223214 | F14: ='Votos por partido'!X14 -> 1655 | G14: ='Votos por partido'!Z14 -> 1859 | H14: ='Votos por partido'!AA14 -> 69232 | I14: ='Votos por partido'!AB14 -> 2325007 | J14: ='Votos por partido'!AC14 -> 4370567 | K14: =I14/J14 -> 0.53196919 | L14: =B14/I14 -> 0.30418059 | M14: =C14/I14 -> 0.40435706 | N14: =D14/I14 -> 0.16416811 | O14: =E14/I14 -> 0.096005732 | P14: =F14/I14 -> 0.00071182581 | Q14: =G14/I14 -> 0.00079956749 | R14: =H14/I14 -> 0.029777115 | S14: =SUBSTITUTE(INDEX($B$3:$E$3,MATCH(MAX(B14:E14),B14:E14,0)),CHAR(10)," ") -> Anaya (PAN-PRD-MC) | T14: =(MAX(L14:O14)-LARGE(L14:O14,2))*100 -> 10.017647
A15: ='Votos por partido'!A15 -> Guerrero | B15: ='Votos por partido'!G15+'Votos por partido'!J15+'Votos por partido'!K15+'Votos por partido'!T15+'Votos por partido'!U15+'Votos por partido'!V15+'Votos por partido'!W15 -> 1018163 | C15: ='Votos por partido'!C15+'Votos por partido'!E15+'Votos por partido'!H15+'Votos por partido'!L15+'Votos por partido'!M15+'Votos por partido'!N15+'Votos por partido'!O15 -> 217838 | D15: ='Votos por partido'!D15+'Votos por partido'!F15+'Votos por partido'!I15+'Votos por partido'!P15+'Votos por partido'!Q15+'Votos por partido'!R15+'Votos por partido'!S15 -> 285799 | E15: ='Votos por partido'!Y15 -> 24531 | F15: ='Votos por partido'!X15 -> 277 | G15: ='Votos por partido'!Z15 -> 362 | H15: ='Votos por partido'!AA15 -> 66168 | I15: ='Votos por partido'!AB15 -> 1613138 | J15: ='Votos por partido'!AC15 -> 2512092 | K15: =I15/J15 -> 0.64214925 | L15: =B15/I15 -> 0.63116919 | M15: =C15/I15 -> 0.1350399 | N15: =D15/I15 -> 0.17716959 | O15: =E15/I15 -> 0.015207006 | P15: =F15/I15 -> 0.00017171501 | Q15: =G15/I15 -> 0.00022440734 | R15: =H15/I15 -> 0.041018189 | S15: =SUBSTITUTE(INDEX($B$3:$E$3,MATCH(MAX(B15:E15),B15:E15,0)),CHAR(10)," ") -> López Obrador (PT-Morena-PES) | T15: =(MAX(L15:O15)-LARGE(L15:O15,2))*100 -> 45.39996
... A35: ='Votos por partido'!A35 -> Zacatecas | B35: ='Votos por partido'!G35+'Votos por partido'!J35+'Votos por partido'!K35+'Votos por partido'!T35+'Votos por partido'!U35+'Votos por partido'!V35+'Votos por partido'!W35 -> 366371 | C35: ='Votos por partido'!C35+'Votos por partido'!E35+'Votos por partido'!H35+'Votos por partido'!L35+'Votos por partido'!M35+'Votos por partido'!N35+'Votos por partido'!O35 -> 156844 | D35: ='Votos por partido'!D35+'Votos por partido'!F35+'Votos por partido'!I35+'Votos por partido'!P35+'Votos por partido'!Q35+'Votos por partido'!R35+'Votos por partido'!S35 -> 177672 | E35: ='Votos por partido'!Y35 -> 36220 | F35: ='Votos por partido'!X35 -> 659 | G35: ='Votos por partido'!Z35 -> 299 | H35: ='Votos por partido'!AA35 -> 23574 | I35: ='Votos por partido'!AB35 -> 761639 | J35: ='Votos por partido'!AC35 -> 1167497 | K35: =I35/J35 -> 0.65236913 | L35: =B35/I35 -> 0.48102973 | M35: =C35/I35 -> 0.20592958 | N35: =D35/I35 -> 0.23327587 | O35: =E35/I35 -> 0.047555338 | P35: =F35/I35 -> 0.00086523931 | Q35: =G35/I35 -> 0.00039257443 | R35: =H35/I35 -> 0.030951671 | S35: =SUBSTITUTE(INDEX($B$3:$E$3,MATCH(MAX(B35:E35),B35:E35,0)),CHAR(10)," ") -> López Obrador (PT-Morena-PES) | T35: =(MAX(L35:O35)-LARGE(L35:O35,2))*100 -> 24.775386
A36: Nacional | B36: =SUM(B4:B35) -> 30113483 | C36: =SUM(C4:C35) -> 12610120 | D36: =SUM(D4:D35) -> 9289853 | E36: =SUM(E4:E35) -> 2961732 | F36: =SUM(F4:F35) -> 32743 | G36: =SUM(G4:G35) -> 31982 | H36: =SUM(H4:H35) -> 1571114 | I36: =SUM(I4:I35) -> 56611027 | J36: =SUM(J4:J35) -> 89129689 | K36: =I36/J36 -> 0.63515342 | L36: =B36/I36 -> 0.5319367 | M36: =C36/I36 -> 0.22275024 | N36: =D36/I36 -> 0.16409971 | O36: =E36/I36 -> 0.052317228 | P36: =F36/I36 -> 0.00057838555 | Q36: =G36/I36 -> 0.00056494294 | R36: =H36/I36 -> 0.027752791 | S36: =SUBSTITUTE(INDEX($B$3:$E$3,MATCH(MAX(B36:E36),B36:E36,0)),CHAR(10)," ") -> López Obrador (PT-Morena-PES) | T36: =(MAX(L36:O36)-LARGE(L36:O36,2))*100 -> 30.918646

Sheet Votos por partido
A1: Votos por partido y combinación de coalición, por estado – Elección presidencial 2018 (fuente: presidencia.xlsx)
A3: Estado | B3: Casillas | C3: PAN | D3: PRI | E3: PRD | F3: PVEM | G3: PT | H3: MOVIMIENTO CIUDADANO | I3: NUEVA ALIANZA | J3: MORENA | K3: ENCUENTRO SOCIAL | L3: PAN-PRD-MC | M3: PAN-PRD | N3: PAN-MC | O3: PRD-MC | P3: PRI-PVEM-NA | Q3: PRI-PVEM | R3: PRI-NA | S3: PVEM-NA | T3: PT-MORENA-PES | U3: PT-MORENA | V3: PT-PES | W3: MORENA-PES | X3: CAND-IND-01 | Y3: CAND-IND-02 | Z3: CNR | AA3: VN | AB3: Total votos | AC3: Lista nominal
A4: Aguascalientes | B4: 1599 | C4: 162349 | D4: 88820 | E4: 7442 | F4: 6216 | G4: 23579 | H4: 4407 | I4: 6145 | J4: 177935 | K4: 9681 | L4: 3122 | M4: 974 | N4: 602 | O4: 92 | P4: 1102 | Q4: 855 | R4: 400 | S4: 101 | T4: 6993 | U4: 2181 | V4: 432 | W4: 1727 | X4: 547 | Y4: 40299 | Z4: 391 | AA4: 14714 | AB4: 561106 | AC4: 945131
A5: Baja California | B5: 4702 | C5: 239038 | D5: 102272 | E5: 13090 | F5: 8873 | G5: 70374 | H5: 12004 | I5: 6935 | J5: 764910 | K5: 27365 | L5: 7277 | M5: 1811 | N5: 2031 | O5: 252 | P5: 2510 | Q5: 2718 | R5: 573 | S5: 344 | T5: 34419 | U5: 11726 | V5: 1764 | W5: 8381 | X5: 479 | Y5: 89823 | Z5: 1252 | AA5: 28201 | AB5: 1438422 | AC5: 2734195
A6: Baja California Sur | B6: 979 | C6: 51812 | D6: 21631 | E6: 1409 | F6: 2797 | G6: 24099 | H6: 1453 | I6: 2478 | J6: 151102 | K6: 6174 | L6: 1274 | M6: 479 | N6: 301 | O6: 66 | P6: 551 | Q6: 551 | R6: 137 | S6: 57 | T6: 6462 | U6: 2857 | V6: 519 | W6: 2629 | X6: 404 | Y6: 16766 | Z6: 235 | AA6: 6645 | AB6: 302888 | AC6: 516365
A7: Campeche | B7: 1156 | C7: 43742 | D7: 82300 | E7: 4945 | F7: 2950 | G7: 29956 | H7: 3329 | I7: 3560 | J7: 220905 | K7: 9700 | L7: 1088 | M7: 429 | N7: 751 | O7: 133 | P7: 4678 | Q7: 2426 | R7: 555 | S7: 115 | T7: 8919 | U7: 3237 | V7: 444 | W7: 2101 | X7: 209 | Y7: 11194 | Z7: 146 | AA7: 11735 | AB7: 449547 | AC7: 642407
A8: Coahuila | B8: 3762 | C8: 278832 | D8: 330493 | E8: 10799 | F8: 10338 | G8: 61740 | H8: 10531 | I8: 8144 | J8: 503430 | K8: 20058 | L8: 4132 | M8: 1243 | N8: 1880 | O8: 173 | P8: 3423 | Q8: 4842 | R8: 838 | S8: 201 | T8: 14643 | U8: 4857 | V8: 916 | W8: 3718 | X8: 730 | Y8: 71051 | Z8: 437 | AA8: 24367 | AB8: 1371816 | AC8: 2157244
A9: Colima | B9: 951 | C9: 46956 | D9: 49042 | E9: 2555 | F9: 6473 | G9: 20499 | H9: 4568 | I9: 2851 | J9: 159317 | K9: 5842 | L9: 1137 | M9: 692 | N9: 453 | O9: 67 | P9: 949 | Q9: 2282 | R9: 280 | S9: 127 | T9: 7656 | U9: 2252 | V9: 384 | W9: 1366 | X9: 346 | Y9: 15753 | Z9: 200 | AA9: 9062 | AB9: 341109 | AC9: 531888
A10: Chiapas | B10: 6304 | C10: 100282 | D10: 266980 | E10: 55093 | F10: 243730 | G10: 167251 | H10: 35724 | I10: 38668 | J10: 1169474 | K10: 66569 | L10: 3989 | M10: 1429 | N10: 1001 | O10: 599 | P10: 3131 | Q10: 6873 | R10: 1690 | S10: 1791 | T10: 50884 | U10: 14874 | V10: 3282 | W10: 13365 | X10: 1697 | Y10: 39607 | Z10: 580 | AA10: 137087 | AB10: 2425650 | AC10: 3501730
A11: Chihuahua | B11: 5298 | C11: 379040 | D11: 202373 | E11: 15621 | F11: 16734 | G11: 75310 | H11: 17610 | I11: 14790 | J11: 497079 | K11: 32123 | L11: 7484 | M11: 2236 | N11: 3506 | O11: 422 | P11: 2334 | Q11: 3061 | R11: 1017 | S11: 416 | T11: 22842 | U11: 8043 | V11: 1752 | W11: 6503 | X11: 1604 | Y11: 132242 | Z11: 1717 | AA11: 48846 | AB11: 1494705 | AC11: 2745255
A12: Ciudad de México | B12: 12977 | C12: 928519 | D12: 564965 | E12: 252025 | F12: 32288 | G12: 187919 | H12: 37477 | I12: 22292 | J12: 2609728 | K12: 81542 | L12: 50555 | M12: 15283 | N12: 5878 | O12: 2886 | P12: 18229 | Q12: 10200 | R12: 2770 | S12: 1329 | T12: 171254 | U12: 36901 | V12: 5587 | W12: 25547 | X12: 3054 | Y12: 223261 | Z12: 4793 | AA12: 111586 | AB12: 5405868 | AC12: 7655623
A13: Durango | B13: 2480 | C13: 165008 | D13: 123627 | E13: 7296 | F13: 9234 | G13: 61432 | H13: 8198 | I13: 4578 | J13: 242016 | K13: 15030 | L13: 4113 | M13: 1895 | N13: 1291 | O13: 146 | P13: 1340 | Q13: 1970 | R13: 391 | S13: 151 | T13: 12636 | U13: 5969 | V13: 852 | W13: 2894 | X13: 636 | Y13: 46009 | Z13: 215 | AA13: 16788 | AB13: 733715 | AC13: 1284462
A14: Guanajuato | B14: 7464 | C14: 844396 | D14: 288212 | E14: 41272 | F14: 58492 | G14: 82449 | H14: 29357 | I14: 24302 | J14: 560058 | K14: 26669 | L14: 15521 | M14: 4857 | N14: 4221 | O14: 509 | P14: 3861 | Q14: 5129 | R14: 1049 | S14: 647 | T14: 23874 | U14: 8028 | V14: 1348 | W14: 4796 | X14: 1655 | Y14: 223214 | Z14: 1859 | AA14: 69232 | AB14: 2325007 | AC14: 4370567
A15: Guerrero | B15: 4951 | C15: 75457 | D15: 221412 | E15: 103088 | F15: 37776 | G15: 121951 | H15: 31119 | I15: 13408 | J15: 809963 | K15: 35855 | L15: 3627 | M15: 2249 | N15: 898 | O15: 1400 | P15: 3229 | Q15: 8797 | R15: 757 | S15: 420 | T15: 29177 | U15: 11552 | V15: 1708 | W15: 7957 | X15: 277 | Y15: 24531 | Z15: 362 | AA15: 66168 | AB15: 1613138 | AC15: 2512092
... A35: Zacatecas | B35: 2510 | C35: 112251 | D35: 140547 | E35: 27746 | F35: 20426 | G35: 61063 | H35: 9594 | I35: 13324 | J35: 275802 | K35: 11757 | L35: 3785 | M35: 2459 | N35: 725 | O35: 284 | P35: 1050 | Q35: 1677 | R35: 400 | S35: 248 | T35: 9915 | U35: 5102 | V35: 665 | W35: 2067 | X35: 659 | Y35: 36220 | Z35: 299 | AA35: 23574 | AB35: 761639 | AC35: 1167497
A36: Nacional | B36: =SUM(B4:B35) -> 156840 | C36: =SUM(C4:C35) -> 9806107 | D36: =SUM(D4:D35) -> 7541702 | E36: =SUM(E4:E35) -> 1442301 | F36: =SUM(F4:F35) -> 925117 | G36: =SUM(G4:G35) -> 2839375 | H36: =SUM(H4:H35) -> 865607 | I36: =SUM(I4:I35) -> 494245 | ... AC36: =SUM(AC4:AC35) -> 89129689
