Workbook

Sheet Resumen
A1: Diputaciones federales 2024 – Resumen
A2: Fuente: DIP_FED_2024.csv (PREP)
A4: Bloque | B4: Votos | C4: % del total | D4: % de votos válidos | E4: Distritos ganados | F4: Estados ganados (por votos)
A5: Sigamos Haciendo Historia (PVEM-PT-Morena) | B5: ='Por estado'!B36 -> 32535023 | C5: =B5/$B$11 -> 0.54711544 | D5: =B5/SUM($B$5:$B$8) -> 0.56852307 | E5: =COUNTIF('Por distrito'!$N$4:$N$303,A5) -> 255 | F5: =COUNTIF('Por estado'!$O$4:$O$35,A5) -> 28
A6: Fuerza y Corazón por México (PAN-PRI-PRD) | B6: ='Por estado'!C36 -> 18122831 | C6: =B6/$B$11 -> 0.30475714 | D6: =B6/SUM($B$5:$B$8) -> 0.31668173 | E6: =COUNTIF('Por distrito'!$N$4:$N$303,A6) -> 43 | F6: =COUNTIF('Por estado'!$O$4:$O$35,A6) -> 4
A7: MC | B7: ='Por estado'!D36 -> 6497404 | C7: =B7/$B$11 -> 0.10926164 | D7: =B7/SUM($B$5:$B$8) -> 0.11353685 | E7: =COUNTIF('Por distrito'!$N$4:$N$303,A7) -> 1 | F7: =COUNTIF('Por estado'!$O$4:$O$35,A7) -> 0
A8: Independientes | B8: ='Por estado'!E36 -> 72012 | C8: =B8/$B$11 -> 0.0012109682 | D8: =B8/SUM($B$5:$B$8) -> 0.0012583511 | E8: =COUNTIF('Por distrito'!$N$4:$N$303,A8) -> 1 | F8: =COUNTIF('Por estado'!$O$4:$O$35,A8) -> 0
A9: No registrados | B9: ='Por estado'!F36 -> 49329 | C9: =B9/$B$11 -> 0.00082952631
A10: Votos nulos | B10: ='Por estado'!G36 -> 2189869 | C10: =B10/$B$11 -> 0.036825274
A11: Total votos emitidos | B11: ='Por estado'!H36 -> 59466468
A12: Lista nominal | B12: ='Por estado'!I36 -> 98214289
A13: Participación | B13: =B11/B12 -> 0.60547674
A14: Actas | B14: ='Votos por partido'!B36 -> 171643
A16: Candidatura ganadora por distrito (según coaliciones reales) | B16: Distritos
A17: PVEM-PT-MORENA | B17: 219
A18: PAN-PRI-PRD | B18: 39
A19: MORENA | B19: 37
A20: PAN | B20: 3
A21: MC | B21: 1
A22: Independiente | B22: 1
A24: Notas:
A25: Los nombres de los bloques (Sigamos Haciendo Historia, Fuerza y Corazón por México) son una asignación mía a partir de las coaliciones del archivo (PVEM-PT-Morena; PAN-PRI-PRD). Cada bloque suma el partido solo más sus combinaciones. Las coaliciones no se postularon en todos los distritos (en el archivo, las columnas de combinaciones de PAN-PRI-PRD aparecen en 294 distritos y las de PVEM-PT-Morena en 260); donde no hubo, los partidos compitieron por separado. La tabla de candidatura ganadora lo toma en cuenta, deduciéndolo de qué columnas de coalición tienen votos en cada distrito (p. ej. "MORENA" = Morena sin coalición).
A26: Se eligen 300 diputaciones por mayoría relativa; el archivo no incluye las 200 de representación proporcional ni valida el cómputo oficial. Las casillas especiales (tipo S, 622,496 votos) tienen dos actas por casilla (tipos 4EMR y 4ERP en el archivo) y no tienen lista nominal; ambas se incluyeron en los totales.
A27: 142 actas sin datos (paquetes no recibidos o casillas no instaladas) se tomaron como cero. Hubo candidaturas independientes en 2 distritos (Chiapas 9 y Michoacán 9); en Michoacán 9 el independiente quedó en primer lugar. La participación calculada (60.55%) coincide con la del encabezado del archivo.
A28: Los acentos del archivo venían dañados y se corrigieron en los nombres de los estados.

Sheet Por estado
A1: Resultados por estado y bloque – Diputaciones federales 2024 (fuente: DIP_FED_2024.csv)
A2: La diputación se decide por distrito; el ganador por estado es solo informativo. Las últimas columnas cuentan los distritos que ganó cada bloque (hoja Por distrito).
A3: Estado | B3: Sigamos Haciendo Historia (PVEM-PT-Morena) | C3: Fuerza y Corazón por México (PAN-PRI-PRD) | D3: MC | E3: Independientes | F3: No registrados | G3: Votos nulos | H3: Total votos | I3: Lista nominal | J3: Participación | K3: Sigamos Haciendo Historia % | L3: Fuerza y Corazón % | M3: MC % | N3: Votos nulos % | O3: Bloque ganador (votos del estado) | P3: Margen (pts) | Q3: Distritos: Sigamos Haciendo Historia | R3: Distritos: Fuerza y Corazón | S3: Distritos: MC | T3: Distritos del estado
A4: ='Votos por partido'!A4 -> Aguascalientes | B4: ='Votos por partido'!F4+'Votos por partido'!G4+'Votos por partido'!I4+'Votos por partido'!O4+'Votos por partido'!P4+'Votos por partido'!Q4+'Votos por partido'!R4 -> 244688 | C4: ='Votos por partido'!C4+'Votos por partido'!D4+'Votos por partido'!E4+'Votos por partido'!K4+'Votos por partido'!L4+'Votos por partido'!M4+'Votos por partido'!N4 -> 337646 | D4: ='Votos por partido'!H4 -> 52943 | E4: ='Votos por partido'!J4 -> 0 | F4: ='Votos por partido'!S4 -> 585 | G4: ='Votos por partido'!T4 -> 20860 | H4: ='Votos por partido'!U4 -> 656722 | I4: ='Votos por partido'!V4 -> 1097367 | J4: =H4/I4 -> 0.59845248 | K4: =B4/H4 -> 0.37258992 | L4: =C4/H4 -> 0.5141384 | M4: =D4/H4 -> 0.080617065 | N4: =G4/H4 -> 0.031763821 | O4: =INDEX($B$3:$E$3,MATCH(MAX(B4:E4),B4:E4,0)) -> Fuerza y Corazón por México (PAN-PRI-PRD) | P4: =(MAX(B4:E4)-LARGE(B4:E4,2))/H4*100 -> 14.154848 | Q4: =COUNTIFS('Por distrito'!$A$4:$A$303,$A4,'Por distrito'!$N$4:$N$303,B$3) -> 0 | R4: =COUNTIFS('Por distrito'!$A$4:$A$303,$A4,'Por distrito'!$N$4:$N$303,C$3) -> 3 | S4: =COUNTIFS('Por distrito'!$A$4:$A$303,$A4,'Por distrito'!$N$4:$N$303,D$3) -> 0 | T4: =COUNTIF('Por distrito'!$A$4:$A$303,$A4) -> 3
A5: ='Votos por partido'!A5 -> Baja California | B5: ='Votos por partido'!F5+'Votos por partido'!G5+'Votos por partido'!I5+'Votos por partido'!O5+'Votos por partido'!P5+'Votos por partido'!Q5+'Votos por partido'!R5 -> 986040 | C5: ='Votos por partido'!C5+'Votos por partido'!D5+'Votos por partido'!E5+'Votos por partido'!K5+'Votos por partido'!L5+'Votos por partido'!M5+'Votos por partido'!N5 -> 334301 | D5: ='Votos por partido'!H5 -> 139375 | E5: ='Votos por partido'!J5 -> 0 | F5: ='Votos por partido'!S5 -> 2073 | G5: ='Votos por partido'!T5 -> 80640 | H5: ='Votos por partido'!U5 -> 1542429 | I5: ='Votos por partido'!V5 -> 3197828 | J5: =H5/I5 -> 0.48233645 | K5: =B5/H5 -> 0.6392774 | L5: =C5/H5 -> 0.21673672 | M5: =D5/H5 -> 0.090360723 | N5: =G5/H5 -> 0.052281175 | O5: =INDEX($B$3:$E$3,MATCH(MAX(B5:E5),B5:E5,0)) -> Sigamos Haciendo Historia (PVEM-PT-Morena) | P5: =(MAX(B5:E5)-LARGE(B5:E5,2))/H5*100 -> 42.254068 | Q5: =COUNTIFS('Por distrito'!$A$4:$A$303,$A5,'Por distrito'!$N$4:$N$303,B$3) -> 9 | R5: =COUNTIFS('Por distrito'!$A$4:$A$303,$A5,'Por distrito'!$N$4:$N$303,C$3) -> 0 | S5: =COUNTIFS('Por distrito'!$A$4:$A$303,$A5,'Por distrito'!$N$4:$N$303,D$3) -> 0 | T5: =COUNTIF('Por distrito'!$A$4:$A$303,$A5) -> 9
A6: ='Votos por partido'!A6 -> Baja California Sur | B6: ='Votos por partido'!F6+'Votos por partido'!G6+'Votos por partido'!I6+'Votos por partido'!O6+'Votos por partido'!P6+'Votos por partido'!Q6+'Votos por partido'!R6 -> 190136 | C6: ='Votos por partido'!C6+'Votos por partido'!D6+'Votos por partido'!E6+'Votos por partido'!K6+'Votos por partido'!L6+'Votos por partido'!M6+'Votos por partido'!N6 -> 109564 | D6: ='Votos por partido'!H6 -> 24420 | E6: ='Votos por partido'!J6 -> 0 | F6: ='Votos por partido'!S6 -> 323 | G6: ='Votos por partido'!T6 -> 10798 | H6: ='Votos por partido'!U6 -> 335241 | I6: ='Votos por partido'!V6 -> 613630 | J6: =H6/I6 -> 0.54632433 | K6: =B6/H6 -> 0.56716213 | L6: =C6/H6 -> 0.3268216 | M6: =D6/H6 -> 0.072843119 | N6: =G6/H6 -> 0.032209664 | O6: =INDEX($B$3:$E$3,MATCH(MAX(B6:E6),B6:E6,0)) -> Sigamos Haciendo Historia (PVEM-PT-Morena) | P6: =(MAX(B6:E6)-LARGE(B6:E6,2))/H6*100 -> 24.034053 | Q6: =COUNTIFS('Por distrito'!$A$4:$A$303,$A6,'Por distrito'!$N$4:$N$303,B$3) -> 2 | R6: =COUNTIFS('Por distrito'!$A$4:$A$303,$A6,'Por distrito'!$N$4:$N$303,C$3) -> 0 | S6: =COUNTIFS('Por distrito'!$A$4:$A$303,$A6,'Por distrito'!$N$4:$N$303,D$3) -> 0 | T6: =COUNTIF('Por distrito'!$A$4:$A$303,$A6) -> 2
A7: ='Votos por partido'!A7 -> Campeche | B7: ='Votos por partido'!F7+'Votos por partido'!G7+'Votos por partido'!I7+'Votos por partido'!O7+'Votos por partido'!P7+'Votos por partido'!Q7+'Votos por partido'!R7 -> 223295 | C7: ='Votos por partido'!C7+'Votos por partido'!D7+'Votos por partido'!E7+'Votos por partido'!K7+'Votos por partido'!L7+'Votos por partido'!M7+'Votos por partido'!N7 -> 67914 | D7: ='Votos por partido'!H7 -> 141316 | E7: ='Votos por partido'!J7 -> 0 | F7: ='Votos por partido'!S7 -> 269 | G7: ='Votos por partido'!T7 -> 13043 | H7: ='Votos por partido'!U7 -> 445837 | I7: ='Votos por partido'!V7 -> 694618 | J7: =H7/I7 -> 0.64184487 | K7: =B7/H7 -> 0.50084448 | L7: =C7/H7 -> 0.15232921 | M7: =D7/H7 -> 0.31696786 | N7: =G7/H7 -> 0.029255087 | O7: =INDEX($B$3:$E$3,MATCH(MAX(B7:E7),B7:E7,0)) -> Sigamos Haciendo Historia (PVEM-PT-Morena) | P7: =(MAX(B7:E7)-LARGE(B7:E7,2))/H7*100 -> 18.387662 | Q7: =COUNTIFS('Por distrito'!$A$4:$A$303,$A7,'Por distrito'!$N$4:$N$303,B$3) -> 2 | R7: =COUNTIFS('Por distrito'!$A$4:$A$303,$A7,'Por distrito'!$N$4:$N$303,C$3) -> 0 | S7: =COUNTIFS('Por distrito'!$A$4:$A$303,$A7,'Por distrito'!$N$4:$N$303,D$3) -> 0 | T7: =COUNTIF('Por distrito'!$A$4:$A$303,$A7) -> 2
A8: ='Votos por partido'!A8 -> Coahuila | B8: ='Votos por partido'!F8+'Votos por partido'!G8+'Votos por partido'!I8+'Votos por partido'!O8+'Votos por partido'!P8+'Votos por partido'!Q8+'Votos por partido'!R8 -> 744504 | C8: ='Votos por partido'!C8+'Votos por partido'!D8+'Votos por partido'!E8+'Votos por partido'!K8+'Votos por partido'!L8+'Votos por partido'!M8+'Votos por partido'!N8 -> 735961 | D8: ='Votos por partido'!H8 -> 61004 | E8: ='Votos por partido'!J8 -> 0 | F8: ='Votos por partido'!S8 -> 526 | G8: ='Votos por partido'!T8 -> 34620 | H8: ='Votos por partido'!U8 -> 1576615 | I8: ='Votos por partido'!V8 -> 2410804 | J8: =H8/I8 -> 0.65397892 | K8: =B8/H8 -> 0.47221674 | L8: =C8/H8 -> 0.46679817 | M8: =D8/H8 -> 0.038693023 | N8: =G8/H8 -> 0.021958436 | O8: =INDEX($B$3:$E$3,MATCH(MAX(B8:E8),B8:E8,0)) -> Sigamos Haciendo Historia (PVEM-PT-Morena) | P8: =(MAX(B8:E8)-LARGE(B8:E8,2))/H8*100 -> 0.54185708 | Q8: =COUNTIFS('Por distrito'!$A$4:$A$303,$A8,'Por distrito'!$N$4:$N$303,B$3) -> 5 | R8: =COUNTIFS('Por distrito'!$A$4:$A$303,$A8,'Por distrito'!$N$4:$N$303,C$3) -> 3 | S8: =COUNTIFS('Por distrito'!$A$4:$A$303,$A8,'Por distrito'!$N$4:$N$303,D$3) -> 0 | T8: =COUNTIF('Por distrito'!$A$4:$A$303,$A8) -> 8
A9: ='Votos por partido'!A9 -> Colima | B9: ='Votos por partido'!F9+'Votos por partido'!G9+'Votos por partido'!I9+'Votos por partido'!O9+'Votos por partido'!P9+'Votos por partido'!Q9+'Votos por partido'!R9 -> 165902 | C9: ='Votos por partido'!C9+'Votos por partido'!D9+'Votos por partido'!E9+'Votos por partido'!K9+'Votos por partido'!L9+'Votos por partido'!M9+'Votos por partido'!N9 -> 107528 | D9: ='Votos por partido'!H9 -> 54143 | E9: ='Votos por partido'!J9 -> 0 | F9: ='Votos por partido'!S9 -> 305 | G9: ='Votos por partido'!T9 -> 10704 | H9: ='Votos por partido'!U9 -> 338582 | I9: ='Votos por partido'!V9 -> 584287 | J9: =H9/I9 -> 0.57947892 | K9: =B9/H9 -> 0.48999061 | L9: =C9/H9 -> 0.31758333 | M9: =D9/H9 -> 0.15991104 | N9: =G9/H9 -> 0.031614203 | O9: =INDEX($B$3:$E$3,MATCH(MAX(B9:E9),B9:E9,0)) -> Sigamos Haciendo Historia (PVEM-PT-Morena) | P9: =(MAX(B9:E9)-LARGE(B9:E9,2))/H9*100 -> 17.240728 | Q9: =COUNTIFS('Por distrito'!$A$4:$A$303,$A9,'Por distrito'!$N$4:$N$303,B$3) -> 2 | R9: =COUNTIFS('Por distrito'!$A$4:$A$303,$A9,'Por distrito'!$N$4:$N$303,C$3) -> 0 | S9: =COUNTIFS('Por distrito'!$A$4:$A$303,$A9,'Por distrito'!$N$4:$N$303,D$3) -> 0 | T9: =COUNTIF('Por distrito'!$A$4:$A$303,$A9) -> 2
A10: ='Votos por partido'!A10 -> Chiapas | B10: ='Votos por partido'!F10+'Votos por partido'!G10+'Votos por partido'!I10+'Votos por partido'!O10+'Votos por partido'!P10+'Votos por partido'!Q10+'Votos por partido'!R10 -> 1744314 | C10: ='Votos por partido'!C10+'Votos por partido'!D10+'Votos por partido'!E10+'Votos por partido'!K10+'Votos por partido'!L10+'Votos por partido'!M10+'Votos por partido'!N10 -> 378197 | D10: ='Votos por partido'!H10 -> 149057 | E10: ='Votos por partido'!J10 -> 10032 | F10: ='Votos por partido'!S10 -> 1812 | G10: ='Votos por partido'!T10 -> 172347 | H10: ='Votos por partido'!U10 -> 2455759 | I10: ='Votos por partido'!V10 -> 3944561 | J10: =H10/I10 -> 0.62256839 | K10: =B10/H10 -> 0.71029527 | L10: =C10/H10 -> 0.15400412 | M10: =D10/H10 -> 0.060696917 | N10: =G10/H10 -> 0.070180747 | O10: =INDEX($B$3:$E$3,MATCH(MAX(B10:E10),B10:E10,0)) -> Sigamos Haciendo Historia (PVEM-PT-Morena) | P10: =(MAX(B10:E10)-LARGE(B10:E10,2))/H10*100 -> 55.629115 | Q10: =COUNTIFS('Por distrito'!$A$4:$A$303,$A10,'Por distrito'!$N$4:$N$303,B$3) -> 13 | R10: =COUNTIFS('Por distrito'!$A$4:$A$303,$A10,'Por distrito'!$N$4:$N$303,C$3) -> 0 | S10: =COUNTIFS('Por distrito'!$A$4:$A$303,$A10,'Por distrito'!$N$4:$N$303,D$3) -> 0 | T10: =COUNTIF('Por distrito'!$A$4:$A$303,$A10) -> 13
A11: ='Votos por partido'!A11 -> Chihuahua | B11: ='Votos por partido'!F11+'Votos por partido'!G11+'Votos por partido'!I11+'Votos por partido'!O11+'Votos por partido'!P11+'Votos por partido'!Q11+'Votos por partido'!R11 -> 828753 | C11: ='Votos por partido'!C11+'Votos por partido'!D11+'Votos por partido'!E11+'Votos por partido'!K11+'Votos por partido'!L11+'Votos por partido'!M11+'Votos por partido'!N11 -> 610215 | D11: ='Votos por partido'!H11 -> 138729 | E11: ='Votos por partido'!J11 -> 0 | F11: ='Votos por partido'!S11 -> 1056 | G11: ='Votos por partido'!T11 -> 46866 | H11: ='Votos por partido'!U11 -> 1625619 | I11: ='Votos por partido'!V11 -> 3082424 | J11: =H11/I11 -> 0.52738332 | K11: =B11/H11 -> 0.50980765 | L11: =C11/H11 -> 0.37537393 | M11: =D11/H11 -> 0.085339185 | N11: =G11/H11 -> 0.028829634 | O11: =INDEX($B$3:$E$3,MATCH(MAX(B11:E11),B11:E11,0)) -> Sigamos Haciendo Historia (PVEM-PT-Morena) | P11: =(MAX(B11:E11)-LARGE(B11:E11,2))/H11*100 -> 13.443371 | Q11: =COUNTIFS('Por distrito'!$A$4:$A$303,$A11,'Por distrito'!$N$4:$N$303,B$3) -> 5 | R11: =COUNTIFS('Por distrito'!$A$4:$A$303,$A11,'Por distrito'!$N$4:$N$303,C$3) -> 4 | S11: =COUNTIFS('Por distrito'!$A$4:$A$303,$A11,'Por distrito'!$N$4:$N$303,D$3) -> 0 | T11: =COUNTIF('Por distrito'!$A$4:$A$303,$A11) -> 9
A12: ='Votos por partido'!A12 -> Ciudad de México | B12: ='Votos por partido'!F12+'Votos por partido'!G12+'Votos por partido'!I12+'Votos por partido'!O12+'Votos por partido'!P12+'Votos por partido'!Q12+'Votos por partido'!R12 -> 2840381 | C12: ='Votos por partido'!C12+'Votos por partido'!D12+'Votos por partido'!E12+'Votos por partido'!K12+'Votos por partido'!L12+'Votos por partido'!M12+'Votos por partido'!N12 -> 2076261 | D12: ='Votos por partido'!H12 -> 473754 | E12: ='Votos por partido'!J12 -> 0 | F12: ='Votos por partido'!S12 -> 6549 | G12: ='Votos por partido'!T12 -> 127438 | H12: ='Votos por partido'!U12 -> 5524383 | I12: ='Votos por partido'!V12 -> 7919037 | J12: =H12/I12 -> 0.69760793 | K12: =B12/H12 -> 0.51415353 | L12: =C12/H12 -> 0.37583582 | M12: =D12/H12 -> 0.085756907 | N12: =G12/H12 -> 0.023068277 | O12: =INDEX($B$3:$E$3,MATCH(MAX(B12:E12),B12:E12,0)) -> Sigamos Haciendo Historia (PVEM-PT-Morena) | P12: =(MAX(B12:E12)-LARGE(B12:E12,2))/H12*100 -> 13.831771 | Q12: =COUNTIFS('Por distrito'!$A$4:$A$303,$A12,'Por distrito'!$N$4:$N$303,B$3) -> 18 | R12: =COUNTIFS('Por distrito'!$A$4:$A$303,$A12,'Por distrito'!$N$4:$N$303,C$3) -> 4 | S12: =COUNTIFS('Por distrito'!$A$4:$A$303,$A12,'Por distrito'!$N$4:$N$303,D$3) -> 0 | T12: =COUNTIF('Por distrito'!$A$4:$A$303,$A12) -> 22
A13: ='Votos por partido'!A13 -> Durango | B13: ='Votos por partido'!F13+'Votos por partido'!G13+'Votos por partido'!I13+'Votos por partido'!O13+'Votos por partido'!P13+'Votos por partido'!Q13+'Votos por partido'!R13 -> 393389 | C13: ='Votos por partido'!C13+'Votos por partido'!D13+'Votos por partido'!E13+'Votos por partido'!K13+'Votos por partido'!L13+'Votos por partido'!M13+'Votos por partido'!N13 -> 302319 | D13: ='Votos por partido'!H13 -> 53349 | E13: ='Votos por partido'!J13 -> 0 | F13: ='Votos por partido'!S13 -> 399 | G13: ='Votos por partido'!T13 -> 21183 | H13: ='Votos por partido'!U13 -> 770639 | I13: ='Votos por partido'!V13 -> 1397618 | J13: =H13/I13 -> 0.55139459 | K13: =B13/H13 -> 0.51047118 | L13: =C13/H13 -> 0.39229652 | M13: =D13/H13 -> 0.069226966 | N13: =G13/H13 -> 0.027487578 | O13: =INDEX($B$3:$E$3,MATCH(MAX(B13:E13),B13:E13,0)) -> Sigamos Haciendo Historia (PVEM-PT-Morena) | P13: =(MAX(B13:E13)-LARGE(B13:E13,2))/H13*100 -> 11.817466 | Q13: =COUNTIFS('Por distrito'!$A$4:$A$303,$A13,'Por distrito'!$N$4:$N$303,B$3) -> 3 | R13: =COUNTIFS('Por distrito'!$A$4:$A$303,$A13,'Por distrito'!$N$4:$N$303,C$3) -> 1 | S13: =COUNTIFS('Por distrito'!$A$4:$A$303,$A13,'Por distrito'!$N$4:$N$303,D$3) -> 0 | T13: =COUNTIF('Por distrito'!$A$4:$A$303,$A13) -> 4
A14: ='Votos por partido'!A14 -> Guanajuato | B14: ='Votos por partido'!F14+'Votos por partido'!G14+'Votos por partido'!I14+'Votos por partido'!O14+'Votos por partido'!P14+'Votos por partido'!Q14+'Votos por partido'!R14 -> 1187486 | C14: ='Votos por partido'!C14+'Votos por partido'!D14+'Votos por partido'!E14+'Votos por partido'!K14+'Votos por partido'!L14+'Votos por partido'!M14+'Votos por partido'!N14 -> 1253332 | D14: ='Votos por partido'!H14 -> 209268 | E14: ='Votos por partido'!J14 -> 0 | F14: ='Votos por partido'!S14 -> 1845 | G14: ='Votos por partido'!T14 -> 72736 | H14: ='Votos por partido'!U14 -> 2724667 | I14: ='Votos por partido'!V14 -> 4831304 | J14: =H14/I14 -> 0.56396099 | K14: =B14/H14 -> 0.43582794 | L14: =C14/H14 -> 0.45999456 | M14: =D14/H14 -> 0.076804982 | N14: =G14/H14 -> 0.026695372 | O14: =INDEX($B$3:$E$3,MATCH(MAX(B14:E14),B14:E14,0)) -> Fuerza y Corazón por México (PAN-PRI-PRD) | P14: =(MAX(B14:E14)-LARGE(B14:E14,2))/H14*100 -> 2.4166623 | Q14: =COUNTIFS('Por distrito'!$A$4:$A$303,$A14,'Por distrito'!$N$4:$N$303,B$3) -> 7 | R14: =COUNTIFS('Por distrito'!$A$4:$A$303,$A14,'Por distrito'!$N$4:$N$303,C$3) -> 8 | S14: =COUNTIFS('Por distrito'!$A$4:$A$303,$A14,'Por distrito'!$N$4:$N$303,D$3) -> 0 | T14: =COUNTIF('Por distrito'!$A$4:$A$303,$A14) -> 15
A15: ='Votos por partido'!A15 -> Guerrero | B15: ='Votos por partido'!F15+'Votos por partido'!G15+'Votos por partido'!I15+'Votos por partido'!O15+'Votos por partido'!P15+'Votos por partido'!Q15+'Votos por partido'!R15 -> 999975 | C15: ='Votos por partido'!C15+'Votos por partido'!D15+'Votos por partido'!E15+'Votos por partido'!K15+'Votos por partido'!L15+'Votos por partido'!M15+'Votos por partido'!N15 -> 340048 | D15: ='Votos por partido'!H15 -> 116383 | E15: ='Votos por partido'!J15 -> 0 | F15: ='Votos por partido'!S15 -> 1801 | G15: ='Votos por partido'!T15 -> 77264 | H15: ='Votos por partido'!U15 -> 1535471 | I15: ='Votos por partido'!V15 -> 2643422 | J15: =H15/I15 -> 0.58086488 | K15: =B15/H15 -> 0.65124968 | L15: =C15/H15 -> 0.22146169 | M15: =D15/H15 -> 0.075796287 | N15: =G15/H15 -> 0.050319413 | O15: =INDEX($B$3:$E$3,MATCH(MAX(B15:E15),B15:E15,0)) -> Sigamos Haciendo Historia (PVEM-PT-Morena) | P15: =(MAX(B15:E15)-LARGE(B15:E15,2))/H15*100 -> 42.978799 | Q15: =COUNTIFS('Por distrito'!$A$4:$A$303,$A15,'Por distrito'!$N$4:$N$303,B$3) -> 8 | R15: =COUNTIFS('Por distrito'!$A$4:$A$303,$A15,'Por distrito'!$N$4:$N$303,C$3) -> 0 | S15: =COUNTIFS('Por distrito'!$A$4:$A$303,$A15,'Por distrito'!$N$4:$N$303,D$3) -> 0 | T15: =COUNTIF('Por distrito'!$A$4:$A$303,$A15) -> 8
... A35: ='Votos por partido'!A35 -> Zacatecas | B35: ='Votos por partido'!F35+'Votos por partido'!G35+'Votos por partido'!I35+'Votos por partido'!O35+'Votos por partido'!P35+'Votos por partido'!Q35+'Votos por partido'!R35 -> 367888 | C35: ='Votos por partido'!C35+'Votos por partido'!D35+'Votos por partido'!E35+'Votos por partido'!K35+'Votos por partido'!L35+'Votos por partido'!M35+'Votos por partido'!N35 -> 271397 | D35: ='Votos por partido'!H35 -> 92299 | E35: ='Votos por partido'!J35 -> 0 | F35: ='Votos por partido'!S35 -> 711 | G35: ='Votos por partido'!T35 -> 30604 | H35: ='Votos por partido'!U35 -> 762899 | I35: ='Votos por partido'!V35 -> 1265977 | J35: =H35/I35 -> 0.60261679 | K35: =B35/H35 -> 0.48222373 | L35: =C35/H35 -> 0.35574434 | M35: =D35/H35 -> 0.12098456 | N35: =G35/H35 -> 0.040115402 | O35: =INDEX($B$3:$E$3,MATCH(MAX(B35:E35),B35:E35,0)) -> Sigamos Haciendo Historia (PVEM-PT-Morena) | P35: =(MAX(B35:E35)-LARGE(B35:E35,2))/H35*100 -> 12.647939 | Q35: =COUNTIFS('Por distrito'!$A$4:$A$303,$A35,'Por distrito'!$N$4:$N$303,B$3) -> 4 | R35: =COUNTIFS('Por distrito'!$A$4:$A$303,$A35,'Por distrito'!$N$4:$N$303,C$3) -> 0 | S35: =COUNTIFS('Por distrito'!$A$4:$A$303,$A35,'Por distrito'!$N$4:$N$303,D$3) -> 0 | T35: =COUNTIF('Por distrito'!$A$4:$A$303,$A35) -> 4
A36: Nacional | B36: ='Votos por partido'!F36+'Votos por partido'!G36+'Votos por partido'!I36+'Votos por partido'!O36+'Votos por partido'!P36+'Votos por partido'!Q36+'Votos por partido'!R36 -> 32535023 | C36: ='Votos por partido'!C36+'Votos por partido'!D36+'Votos por partido'!E36+'Votos por partido'!K36+'Votos por partido'!L36+'Votos por partido'!M36+'Votos por partido'!N36 -> 18122831 | D36: ='Votos por partido'!H36 -> 6497404 | E36: ='Votos por partido'!J36 -> 72012 | F36: ='Votos por partido'!S36 -> 49329 | G36: ='Votos por partido'!T36 -> 2189869 | H36: ='Votos por partido'!U36 -> 59466468 | I36: ='Votos por partido'!V36 -> 98214289 | J36: =H36/I36 -> 0.60547674 | K36: =B36/H36 -> 0.54711544 | L36: =C36/H36 -> 0.30475714 | M36: =D36/H36 -> 0.10926164 | N36: =G36/H36 -> 0.036825274 | O36: =INDEX($B$3:$E$3,MATCH(MAX(B36:E36),B36:E36,0)) -> Sigamos Haciendo Historia (PVEM-PT-Morena) | P36: =(MAX(B36:E36)-LARGE(B36:E36,2))/H36*100 -> 24.23583 | Q36: =SUM(Q4:Q35) -> 255 | R36: =SUM(R4:R35) -> 43 | S36: =SUM(S4:S35) -> 1 | T36: =SUM(T4:T35) -> 300

Sheet Por distrito
A1: Resultados por distrito federal – Diputaciones federales 2024 (fuente: DIP_FED_2024.csv)
A2: Bloque = partido solo + combinaciones de coalición. Las dos últimas columnas (valores fijos) separan a los partidos coaligados en cada distrito de los que compitieron solos.
A3: Estado | B3: Distrito | C3: Sigamos Haciendo Historia (PVEM-PT-Morena) | D3: Fuerza y Corazón por México (PAN-PRI-PRD) | E3: MC | F3: Independientes | G3: No registrados | H3: Votos nulos | I3: Total votos | J3: Sigamos Haciendo Historia % | K3: Fuerza y Corazón % | L3: MC % | M3: Votos nulos % | N3: Bloque ganador | O3: Margen (pts) | P3: Candidatura ganadora (según coaliciones reales) | Q3: Candidatura en 2º lugar
A4: Aguascalientes | B4: 1 | C4: 90589 | D4: 109134 | E4: 15288 | F4: 0 | G4: 137 | H4: 7178 | I4: 222326 | J4: =IF(I4=0,0,C4/I4) -> 0.40746022 | K4: =IF(I4=0,0,D4/I4) -> 0.49087376 | L4: =IF(I4=0,0,E4/I4) -> 0.068763887 | M4: =IF(I4=0,0,H4/I4) -> 0.032285922 | N4: =INDEX($C$3:$F$3,MATCH(MAX(C4:F4),C4:F4,0)) -> Fuerza y Corazón por México (PAN-PRI-PRD) | O4: =IF(I4=0,0,(MAX(C4:F4)-LARGE(C4:F4,2))/I4*100) -> 8.3413546 | P4: PAN-PRI-PRD | Q4: PVEM-PT-MORENA
A5: Aguascalientes | B5: 2 | C5: 77616 | D5: 90063 | E5: 20862 | F5: 0 | G5: 218 | H5: 4533 | I5: 193292 | J5: =IF(I5=0,0,C5/I5) -> 0.40154792 | K5: =IF(I5=0,0,D5/I5) -> 0.46594272 | L5: =IF(I5=0,0,E5/I5) -> 0.10792997 | M5: =IF(I5=0,0,H5/I5) -> 0.023451566 | N5: =INDEX($C$3:$F$3,MATCH(MAX(C5:F5),C5:F5,0)) -> Fuerza y Corazón por México (PAN-PRI-PRD) | O5: =IF(I5=0,0,(MAX(C5:F5)-LARGE(C5:F5,2))/I5*100) -> 6.4394802 | P5: PAN-PRI-PRD | Q5: PVEM-PT-MORENA
A6: Aguascalientes | B6: 3 | C6: 76483 | D6: 138449 | E6: 16793 | F6: 0 | G6: 230 | H6: 9149 | I6: 241104 | J6: =IF(I6=0,0,C6/I6) -> 0.31721995 | K6: =IF(I6=0,0,D6/I6) -> 0.57422938 | L6: =IF(I6=0,0,E6/I6) -> 0.069650441 | M6: =IF(I6=0,0,H6/I6) -> 0.03794628 | N6: =INDEX($C$3:$F$3,MATCH(MAX(C6:F6),C6:F6,0)) -> Fuerza y Corazón por México (PAN-PRI-PRD) | O6: =IF(I6=0,0,(MAX(C6:F6)-LARGE(C6:F6,2))/I6*100) -> 25.700942 | P6: PAN | Q6: PVEM-PT-MORENA
A7: Baja California | B7: 1 | C7: 87776 | D7: 60808 | E7: 15030 | F7: 0 | G7: 153 | H7: 7249 | I7: 171016 | J7: =IF(I7=0,0,C7/I7) -> 0.51326192 | K7: =IF(I7=0,0,D7/I7) -> 0.35556907 | L7: =IF(I7=0,0,E7/I7) -> 0.087886514 | M7: =IF(I7=0,0,H7/I7) -> 0.042387847 | N7: =INDEX($C$3:$F$3,MATCH(MAX(C7:F7),C7:F7,0)) -> Sigamos Haciendo Historia (PVEM-PT-Morena) | O7: =IF(I7=0,0,(MAX(C7:F7)-LARGE(C7:F7,2))/I7*100) -> 15.769285 | P7: MORENA | Q7: PAN-PRI-PRD
A8: Baja California | B8: 2 | C8: 98873 | D8: 44286 | E8: 14428 | F8: 0 | G8: 149 | H8: 8575 | I8: 166311 | J8: =IF(I8=0,0,C8/I8) -> 0.59450668 | K8: =IF(I8=0,0,D8/I8) -> 0.26628425 | L8: =IF(I8=0,0,E8/I8) -> 0.086753131 | M8: =IF(I8=0,0,H8/I8) -> 0.051560029 | N8: =INDEX($C$3:$F$3,MATCH(MAX(C8:F8),C8:F8,0)) -> Sigamos Haciendo Historia (PVEM-PT-Morena) | O8: =IF(I8=0,0,(MAX(C8:F8)-LARGE(C8:F8,2))/I8*100) -> 32.822243 | P8: MORENA | Q8: PAN-PRI-PRD
A9: Baja California | B9: 3 | C9: 105869 | D9: 38093 | E9: 13802 | F9: 0 | G9: 353 | H9: 10939 | I9: 169056 | J9: =IF(I9=0,0,C9/I9) -> 0.62623628 | K9: =IF(I9=0,0,D9/I9) -> 0.2253277 | L9: =IF(I9=0,0,E9/I9) -> 0.081641586 | M9: =IF(I9=0,0,H9/I9) -> 0.064706369 | N9: =INDEX($C$3:$F$3,MATCH(MAX(C9:F9),C9:F9,0)) -> Sigamos Haciendo Historia (PVEM-PT-Morena) | O9: =IF(I9=0,0,(MAX(C9:F9)-LARGE(C9:F9,2))/I9*100) -> 40.090857 | P9: MORENA | Q9: PAN-PRI-PRD
A10: Baja California | B10: 4 | C10: 133675 | D10: 15671 | E10: 14399 | F10: 0 | G10: 203 | H10: 9940 | I10: 173888 | J10: =IF(I10=0,0,C10/I10) -> 0.76874195 | K10: =IF(I10=0,0,D10/I10) -> 0.090121227 | L10: =IF(I10=0,0,E10/I10) -> 0.082806174 | M10: =IF(I10=0,0,H10/I10) -> 0.057163232 | N10: =INDEX($C$3:$F$3,MATCH(MAX(C10:F10),C10:F10,0)) -> Sigamos Haciendo Historia (PVEM-PT-Morena) | O10: =IF(I10=0,0,(MAX(C10:F10)-LARGE(C10:F10,2))/I10*100) -> 67.862072 | P10: MORENA | Q10: PT
A11: Baja California | B11: 5 | C11: 114662 | D11: 55329 | E11: 18945 | F11: 0 | G11: 304 | H11: 9864 | I11: 199104 | J11: =IF(I11=0,0,C11/I11) -> 0.57588999 | K11: =IF(I11=0,0,D11/I11) -> 0.27788995 | L11: =IF(I11=0,0,E11/I11) -> 0.095151278 | M11: =IF(I11=0,0,H11/I11) -> 0.049541948 | N11: =INDEX($C$3:$F$3,MATCH(MAX(C11:F11),C11:F11,0)) -> Sigamos Haciendo Historia (PVEM-PT-Morena) | O11: =IF(I11=0,0,(MAX(C11:F11)-LARGE(C11:F11,2))/I11*100) -> 29.800004 | P11: MORENA | Q11: PAN-PRI-PRD
A12: Baja California | B12: 6 | C12: 114582 | D12: 41679 | E12: 18058 | F12: 0 | G12: 256 | H12: 10127 | I12: 184702 | J12: =IF(I12=0,0,C12/I12) -> 0.62036145 | K12: =IF(I12=0,0,D12/I12) -> 0.22565538 | L12: =IF(I12=0,0,E12/I12) -> 0.097768297 | M12: =IF(I12=0,0,H12/I12) -> 0.054828859 | N12: =INDEX($C$3:$F$3,MATCH(MAX(C12:F12),C12:F12,0)) -> Sigamos Haciendo Historia (PVEM-PT-Morena) | O12: =IF(I12=0,0,(MAX(C12:F12)-LARGE(C12:F12,2))/I12*100) -> 39.470607 | P12: MORENA | Q12: PAN-PRI-PRD
A13: Baja California | B13: 7 | C13: 99740 | D13: 31600 | E13: 13874 | F13: 0 | G13: 247 | H13: 9712 | I13: 155173 | J13: =IF(I13=0,0,C13/I13) -> 0.64276646 | K13: =IF(I13=0,0,D13/I13) -> 0.20364368 | L13: =IF(I13=0,0,E13/I13) -> 0.089409884 | M13: =IF(I13=0,0,H13/I13) -> 0.062588208 | N13: =INDEX($C$3:$F$3,MATCH(MAX(C13:F13),C13:F13,0)) -> Sigamos Haciendo Historia (PVEM-PT-Morena) | O13: =IF(I13=0,0,(MAX(C13:F13)-LARGE(C13:F13,2))/I13*100) -> 43.912279 | P13: MORENA | Q13: PAN-PRI-PRD
A14: Baja California | B14: 8 | C14: 122830 | D14: 23821 | E14: 14880 | F14: 0 | G14: 214 | H14: 4255 | I14: 166000 | J14: =IF(I14=0,0,C14/I14) -> 0.73993976 | K14: =IF(I14=0,0,D14/I14) -> 0.1435 | L14: =IF(I14=0,0,E14/I14) -> 0.089638554 | M14: =IF(I14=0,0,H14/I14) -> 0.02563253 | N14: =INDEX($C$3:$F$3,MATCH(MAX(C14:F14),C14:F14,0)) -> Sigamos Haciendo Historia (PVEM-PT-Morena) | O14: =IF(I14=0,0,(MAX(C14:F14)-LARGE(C14:F14,2))/I14*100) -> 59.643976 | P14: PVEM-PT-MORENA | Q14: PAN-PRI-PRD
A15: Baja California | B15: 9 | C15: 108033 | D15: 23014 | E15: 15959 | F15: 0 | G15: 194 | H15: 9979 | I15: 157179 | J15: =IF(I15=0,0,C15/I15) -> 0.68732464 | K15: =IF(I15=0,0,D15/I15) -> 0.14641905 | L15: =IF(I15=0,0,E15/I15) -> 0.10153392 | M15: =IF(I15=0,0,H15/I15) -> 0.063488125 | N15: =INDEX($C$3:$F$3,MATCH(MAX(C15:F15),C15:F15,0)) -> Sigamos Haciendo Historia (PVEM-PT-Morena) | O15: =IF(I15=0,0,(MAX(C15:F15)-LARGE(C15:F15,2))/I15*100) -> 54.090559 | P15: MORENA | Q15: PAN-PRI-PRD
... A303: Zacatecas | B303: 4 | C303: 91486 | D303: 56558 | E303: 23638 | F303: 0 | G303: 156 | H303: 6688 | I303: 178526 | J303: =IF(I303=0,0,C303/I303) -> 0.51245197 | K303: =IF(I303=0,0,D303/I303) -> 0.3168054 | L303: =IF(I303=0,0,E303/I303) -> 0.13240648 | M303: =IF(I303=0,0,H303/I303) -> 0.03746233 | N303: =INDEX($C$3:$F$3,MATCH(MAX(C303:F303),C303:F303,0)) -> Sigamos Haciendo Historia (PVEM-PT-Morena) | O303: =IF(I303=0,0,(MAX(C303:F303)-LARGE(C303:F303,2))/I303*100) -> 19.564657 | P303: PVEM-PT-MORENA | Q303: PAN-PRI-PRD

Sheet Votos por partido
A1: Votos por partido y combinación de coalición, por estado – Diputaciones federales 2024 (fuente: DIP_FED_2024.csv)
A3: Estado | B3: Actas | C3: PAN | D3: PRI | E3: PRD | F3: PVEM | G3: PT | H3: MC | I3: MORENA | J3: Independientes | K3: PAN-PRI-PRD | L3: PAN-PRI | M3: PAN-PRD | N3: PRI-PRD | O3: PVEM-PT-MORENA | P3: PVEM-PT | Q3: PVEM-MORENA | R3: PT-MORENA | S3: No registrados | T3: Votos nulos | U3: Total votos | V3: Lista nominal
A4: Aguascalientes | B4: 1855 | C4: 267539 | D4: 47309 | E4: 14867 | F4: 21022 | G4: 14694 | H4: 52943 | I4: 196673 | J4: 0 | K4: 5199 | L4: 2227 | M4: 418 | N4: 87 | O4: 7979 | P4: 667 | Q4: 2039 | R4: 1614 | S4: 585 | T4: 20860 | U4: 656722 | V4: 1097367
A5: Baja California | B5: 5424 | C5: 230778 | D5: 73766 | E5: 16796 | F5: 98690 | G5: 83933 | H5: 139375 | I5: 797014 | J5: 0 | K5: 9546 | L5: 2907 | M5: 342 | N5: 166 | O5: 3586 | P5: 459 | Q5: 1501 | R5: 857 | S5: 2073 | T5: 80640 | U5: 1542429 | V5: 3197828
A6: Baja California Sur | B6: 1130 | C6: 87165 | D6: 12379 | E6: 3606 | F6: 16375 | G6: 24009 | H6: 24420 | I6: 133762 | J6: 0 | K6: 4741 | L6: 1403 | M6: 210 | N6: 60 | O6: 9922 | P6: 1487 | Q6: 1721 | R6: 2860 | S6: 323 | T6: 10798 | U6: 335241 | V6: 613630
A7: Campeche | B7: 1244 | C7: 19658 | D7: 43085 | E7: 2655 | F7: 13655 | G7: 14858 | H7: 141316 | I7: 179266 | J7: 0 | K7: 1732 | L7: 512 | M7: 62 | N7: 210 | O7: 10187 | P7: 1483 | Q7: 1729 | R7: 2117 | S7: 269 | T7: 13043 | U7: 445837 | V7: 694618
A8: Coahuila | B8: 4177 | C8: 95454 | D8: 601850 | E8: 25384 | F8: 61134 | G8: 54193 | H8: 61004 | I8: 589025 | J8: 0 | K8: 7927 | L8: 3549 | M8: 228 | N8: 1569 | O8: 23136 | P8: 2595 | Q8: 6514 | R8: 7907 | S8: 526 | T8: 34620 | U8: 1576615 | V8: 2410804
A9: Colima | B9: 1043 | C9: 46731 | D9: 47696 | E9: 6296 | F9: 20255 | G9: 10987 | H9: 54143 | I9: 121948 | J9: 0 | K9: 3876 | L9: 2689 | M9: 149 | N9: 91 | O9: 8174 | P9: 1094 | Q9: 2116 | R9: 1328 | S9: 305 | T9: 10704 | U9: 338582 | V9: 584287
A10: Chiapas | B10: 6938 | C10: 108011 | D10: 219303 | E10: 36797 | F10: 485372 | G10: 262229 | H10: 149057 | I10: 965975 | J10: 10032 | K10: 9965 | L10: 2866 | M10: 644 | N10: 611 | O10: 14369 | P10: 4283 | Q10: 6563 | R10: 5523 | S10: 1812 | T10: 172347 | U10: 2455759 | V10: 3944561
A11: Chihuahua | B11: 5805 | C11: 396511 | D11: 160288 | E11: 21766 | F11: 64438 | G11: 51873 | H11: 138729 | I11: 652839 | J11: 0 | K11: 21855 | L11: 8552 | M11: 729 | N11: 514 | O11: 35802 | P11: 3664 | Q11: 9710 | R11: 10427 | S11: 1056 | T11: 46866 | U11: 1625619 | V11: 3082424
A12: Ciudad de México | B12: 13497 | C12: 1329708 | D12: 455300 | E12: 146532 | F12: 265172 | G12: 173423 | H12: 473754 | I12: 2149156 | J12: 0 | K12: 117776 | L12: 20342 | M12: 4439 | N12: 2164 | O12: 178668 | P12: 11891 | Q12: 31998 | R12: 30073 | S12: 6549 | T12: 127438 | U12: 5524383 | V12: 7919037
A13: Durango | B13: 2639 | C13: 99167 | D13: 173120 | E13: 14871 | F13: 34121 | G13: 36473 | H13: 53349 | I13: 291324 | J13: 0 | K13: 10031 | L13: 4571 | M13: 230 | N13: 329 | O13: 19475 | P13: 2488 | Q13: 4612 | R13: 4896 | S13: 399 | T13: 21183 | U13: 770639 | V13: 1397618
A14: Guanajuato | B14: 8200 | C14: 1025371 | D14: 173941 | E14: 27734 | F14: 137961 | G14: 56953 | H14: 209268 | I14: 932726 | J14: 0 | K14: 17272 | L14: 7685 | M14: 957 | N14: 372 | O14: 38091 | P14: 3699 | Q14: 11210 | R14: 6846 | S14: 1845 | T14: 72736 | U14: 2724667 | V14: 4831304
A15: Guerrero | B15: 5158 | C15: 55522 | D15: 181366 | E15: 89832 | F15: 137643 | G15: 95738 | H15: 116383 | I15: 714871 | J15: 0 | K15: 9243 | L15: 1693 | M15: 834 | N15: 1558 | O15: 30532 | P15: 5712 | Q15: 9513 | R15: 5966 | S15: 1801 | T15: 77264 | U15: 1535471 | V15: 2643422
... A35: Zacatecas | B35: 2672 | C35: 86804 | D35: 137573 | E35: 32921 | F35: 52569 | G35: 48953 | H35: 92299 | I35: 248821 | J35: 0 | K35: 10654 | L35: 2483 | M35: 468 | N35: 494 | O35: 8692 | P35: 2124 | Q35: 3863 | R35: 2866 | S35: 711 | T35: 30604 | U35: 762899 | V35: 1265977
A36: Nacional | B36: =SUM(B4:B35) -> 171643 | C36: =SUM(C4:C35) -> 9733370 | D36: =SUM(D4:D35) -> 6310988 | E36: =SUM(E4:E35) -> 1219760 | F36: =SUM(F4:F35) -> 4448752 | G36: =SUM(G4:G35) -> 2738768 | H36: =SUM(H4:H35) -> 6497404 | I36: =SUM(I4:I35) -> 23694740 | ... V36: =SUM(V4:V35) -> 98214289
