Workbook

Sheet Resumen
A1: Diputaciones federales 2021 – Resumen
A2: Fuente: Diputados Federales 2021.csv (PREP)
A4: Bloque | B4: Votos | C4: % del total | D4: % de votos válidos | E4: Distritos ganados | F4: Estados ganados (por votos)
A5: Va por México (PAN-PRI-PRD) | B5: ='Por estado'!B36 -> 19477887 | C5: =B5/$B$14 -> 0.39628411 | D5: =B5/SUM($B$5:$B$11) -> 0.41061346 | E5: =COUNTIF('Por distrito'!$Q$4:$Q$303,A5) -> 111 | F5: =COUNTIF('Por estado'!$R$4:$R$35,A5) -> 11
A6: Juntos Hacemos Historia (Morena-PT-PVEM) | B6: ='Por estado'!C36 -> 21025742 | C6: =B6/$B$14 -> 0.42777573 | D6: =B6/SUM($B$5:$B$11) -> 0.44324381 | E6: =COUNTIF('Por distrito'!$Q$4:$Q$303,A6) -> 182 | F6: =COUNTIF('Por estado'!$R$4:$R$35,A6) -> 20
A7: MC | B7: ='Por estado'!D36 -> 3449982 | C7: =B7/$B$14 -> 0.070191035 | D7: =B7/SUM($B$5:$B$11) -> 0.072729093 | E7: =COUNTIF('Por distrito'!$Q$4:$Q$303,A7) -> 7 | F7: =COUNTIF('Por estado'!$R$4:$R$35,A7) -> 1
A8: PES | B8: ='Por estado'!E36 -> 1352544 | C8: =B8/$B$14 -> 0.027517959 | D8: =B8/SUM($B$5:$B$11) -> 0.028512989 | E8: =COUNTIF('Por distrito'!$Q$4:$Q$303,A8) -> 0 | F8: =COUNTIF('Por estado'!$R$4:$R$35,A8) -> 0
A9: RSP | B9: ='Por estado'!F36 -> 868515 | C9: =B9/$B$14 -> 0.017670227 | D9: =B9/SUM($B$5:$B$11) -> 0.01830917 | E9: =COUNTIF('Por distrito'!$Q$4:$Q$303,A9) -> 0 | F9: =COUNTIF('Por estado'!$R$4:$R$35,A9) -> 0
A10: FXM | B10: ='Por estado'!G36 -> 1217084 | C10: =B10/$B$14 -> 0.02476198 | D10: =B10/SUM($B$5:$B$11) -> 0.025657356 | E10: =COUNTIF('Por distrito'!$Q$4:$Q$303,A10) -> 0 | F10: =COUNTIF('Por estado'!$R$4:$R$35,A10) -> 0
A11: Independientes | B11: ='Por estado'!H36 -> 44311 | C11: =B11/$B$14 -> 0.00090152208 | D11: =B11/SUM($B$5:$B$11) -> 0.00093412048 | E11: =COUNTIF('Por distrito'!$Q$4:$Q$303,A11) -> 0 | F11: =COUNTIF('Por estado'!$R$4:$R$35,A11) -> 0
A12: No registrados | B12: ='Por estado'!I36 -> 41933 | C12: =B12/$B$14 -> 0.00085314087
A13: Votos nulos | B13: ='Por estado'!J36 -> 1673322 | C13: =B13/$B$14 -> 0.034044294
A14: Total votos emitidos | B14: ='Por estado'!K36 -> 49151320
A15: Lista nominal | B15: ='Por estado'!L36 -> 93328771
A16: Participación | B16: =B14/B15 -> 0.52664703
A17: Actas | B17: ='Votos por partido'!B36 -> 163666
A19: Candidatura ganadora por distrito (según coaliciones reales) | B19: Distritos
A20: PVEM-PT-MORENA | B20: 121
A21: MORENA | B21: 64
A22: PAN-PRI-PRD | B22: 63
A23: PAN | B23: 33
A24: PRI | B24: 11
A25: MC | B25: 7
A26: PVEM | B26: 1
A28: Notas:
A29: Cada bloque suma el voto del partido solo más las combinaciones de coalición. Va por México (PAN, PRI, PRD) y Juntos Hacemos Historia (Morena, PT, PVEM) no se postularon en común en todos los distritos; donde no hubo coalición, o fue parcial, los partidos compitieron por separado. La tabla "Candidatura ganadora por distrito" lo toma en cuenta (p. ej. "MORENA" = Morena compitiendo sin coalición).
A30: Se eligen 300 diputaciones por mayoría relativa. El archivo no incluye las 200 de representación proporcional ni valida el cómputo oficial.
A31: El archivo no usa guiones: donde un partido no tuvo votos aparece 0, por eso las columnas de combinaciones de coalición se ven en cero en los distritos sin ese acuerdo. Las casillas especiales (tipo S, 415,313 votos) no tienen lista nominal; la participación calculada (52.66%) coincide con la del encabezado del archivo.
A32: Los nombres de estados se tomaron del archivo con los acentos corregidos.

Sheet Por estado
A1: Resultados por estado y bloque – Diputaciones federales 2021 (fuente: Diputados Federales 2021.csv)
A2: La diputación se decide por distrito; el ganador por estado es solo informativo. Las últimas columnas cuentan los distritos que ganó cada bloque (hoja Por distrito).
A3: Estado | B3: Va por México (PAN-PRI-PRD) | C3: Juntos Hacemos Historia (Morena-PT-PVEM) | D3: MC | E3: PES | F3: RSP | G3: FXM | H3: Independientes | I3: No registrados | J3: Votos nulos | K3: Total votos | L3: Lista nominal | M3: Participación | N3: Va por México % | O3: Juntos Hacemos Historia % | P3: MC % | Q3: Votos nulos % | R3: Bloque ganador (votos del estado) | S3: Margen (pts) | T3: Distritos: Va por México | U3: Distritos: Juntos Hacemos Historia | V3: Distritos: MC | W3: Distritos del estado
A4: ='Votos por partido'!A4 -> Aguascalientes | B4: ='Votos por partido'!C4+'Votos por partido'!D4+'Votos por partido'!E4+'Votos por partido'!N4+'Votos por partido'!O4+'Votos por partido'!P4+'Votos por partido'!Q4 -> 290141 | C4: ='Votos por partido'!F4+'Votos por partido'!G4+'Votos por partido'!I4+'Votos por partido'!R4+'Votos por partido'!S4+'Votos por partido'!T4+'Votos por partido'!U4 -> 159142 | D4: ='Votos por partido'!H4 -> 19961 | E4: ='Votos por partido'!J4 -> 7860 | F4: ='Votos por partido'!K4 -> 4232 | G4: ='Votos por partido'!L4 -> 15211 | H4: ='Votos por partido'!M4 -> 0 | I4: ='Votos por partido'!V4 -> 652 | J4: ='Votos por partido'!W4 -> 16889 | K4: ='Votos por partido'!X4 -> 514088 | L4: ='Votos por partido'!Y4 -> 1017411 | M4: =K4/L4 -> 0.50529039 | N4: =B4/K4 -> 0.56438003 | O4: =C4/K4 -> 0.30956179 | P4: =D4/K4 -> 0.038827983 | Q4: =J4/K4 -> 0.032852352 | R4: =INDEX($B$3:$H$3,MATCH(MAX(B4:H4),B4:H4,0)) -> Va por México (PAN-PRI-PRD) | S4: =(MAX(B4:H4)-LARGE(B4:H4,2))/K4*100 -> 25.481824 | T4: =COUNTIFS('Por distrito'!$A$4:$A$303,$A4,'Por distrito'!$Q$4:$Q$303,B$3) -> 3 | U4: =COUNTIFS('Por distrito'!$A$4:$A$303,$A4,'Por distrito'!$Q$4:$Q$303,C$3) -> 0 | V4: =COUNTIFS('Por distrito'!$A$4:$A$303,$A4,'Por distrito'!$Q$4:$Q$303,D$3) -> 0 | W4: =COUNTIF('Por distrito'!$A$4:$A$303,$A4) -> 3
A5: ='Votos por partido'!A5 -> Baja California | B5: ='Votos por partido'!C5+'Votos por partido'!D5+'Votos por partido'!E5+'Votos por partido'!N5+'Votos por partido'!O5+'Votos por partido'!P5+'Votos por partido'!Q5 -> 245130 | C5: ='Votos por partido'!F5+'Votos por partido'!G5+'Votos por partido'!I5+'Votos por partido'!R5+'Votos por partido'!S5+'Votos por partido'!T5+'Votos por partido'!U5 -> 552732 | D5: ='Votos por partido'!H5 -> 52050 | E5: ='Votos por partido'!J5 -> 180263 | F5: ='Votos por partido'!K5 -> 18272 | G5: ='Votos por partido'!L5 -> 36741 | H5: ='Votos por partido'!M5 -> 0 | I5: ='Votos por partido'!V5 -> 1022 | J5: ='Votos por partido'!W5 -> 36965 | K5: ='Votos por partido'!X5 -> 1123175 | L5: ='Votos por partido'!Y5 -> 2919186 | M5: =K5/L5 -> 0.38475623 | N5: =B5/K5 -> 0.21824738 | O5: =C5/K5 -> 0.49211565 | P5: =D5/K5 -> 0.046341843 | Q5: =J5/K5 -> 0.032911167 | R5: =INDEX($B$3:$H$3,MATCH(MAX(B5:H5),B5:H5,0)) -> Juntos Hacemos Historia (Morena-PT-PVEM) | S5: =(MAX(B5:H5)-LARGE(B5:H5,2))/K5*100 -> 27.386828 | T5: =COUNTIFS('Por distrito'!$A$4:$A$303,$A5,'Por distrito'!$Q$4:$Q$303,B$3) -> 0 | U5: =COUNTIFS('Por distrito'!$A$4:$A$303,$A5,'Por distrito'!$Q$4:$Q$303,C$3) -> 8 | V5: =COUNTIFS('Por distrito'!$A$4:$A$303,$A5,'Por distrito'!$Q$4:$Q$303,D$3) -> 0 | W5: =COUNTIF('Por distrito'!$A$4:$A$303,$A5) -> 8
A6: ='Votos por partido'!A6 -> Baja California Sur | B6: ='Votos por partido'!C6+'Votos por partido'!D6+'Votos por partido'!E6+'Votos por partido'!N6+'Votos por partido'!O6+'Votos por partido'!P6+'Votos por partido'!Q6 -> 112653 | C6: ='Votos por partido'!F6+'Votos por partido'!G6+'Votos por partido'!I6+'Votos por partido'!R6+'Votos por partido'!S6+'Votos por partido'!T6+'Votos por partido'!U6 -> 128716 | D6: ='Votos por partido'!H6 -> 9177 | E6: ='Votos por partido'!J6 -> 6399 | F6: ='Votos por partido'!K6 -> 4273 | G6: ='Votos por partido'!L6 -> 9781 | H6: ='Votos por partido'!M6 -> 0 | I6: ='Votos por partido'!V6 -> 232 | J6: ='Votos por partido'!W6 -> 8655 | K6: ='Votos por partido'!X6 -> 279886 | L6: ='Votos por partido'!Y6 -> 561652 | M6: =K6/L6 -> 0.49832637 | N6: =B6/K6 -> 0.40249602 | O6: =C6/K6 -> 0.45988724 | P6: =D6/K6 -> 0.03278835 | Q6: =J6/K6 -> 0.030923304 | R6: =INDEX($B$3:$H$3,MATCH(MAX(B6:H6),B6:H6,0)) -> Juntos Hacemos Historia (Morena-PT-PVEM) | S6: =(MAX(B6:H6)-LARGE(B6:H6,2))/K6*100 -> 5.7391224 | T6: =COUNTIFS('Por distrito'!$A$4:$A$303,$A6,'Por distrito'!$Q$4:$Q$303,B$3) -> 0 | U6: =COUNTIFS('Por distrito'!$A$4:$A$303,$A6,'Por distrito'!$Q$4:$Q$303,C$3) -> 2 | V6: =COUNTIFS('Por distrito'!$A$4:$A$303,$A6,'Por distrito'!$Q$4:$Q$303,D$3) -> 0 | W6: =COUNTIF('Por distrito'!$A$4:$A$303,$A6) -> 2
A7: ='Votos por partido'!A7 -> Campeche | B7: ='Votos por partido'!C7+'Votos por partido'!D7+'Votos por partido'!E7+'Votos por partido'!N7+'Votos por partido'!O7+'Votos por partido'!P7+'Votos por partido'!Q7 -> 136480 | C7: ='Votos por partido'!F7+'Votos por partido'!G7+'Votos por partido'!I7+'Votos por partido'!R7+'Votos por partido'!S7+'Votos por partido'!T7+'Votos por partido'!U7 -> 185995 | D7: ='Votos por partido'!H7 -> 79992 | E7: ='Votos por partido'!J7 -> 3546 | F7: ='Votos por partido'!K7 -> 4950 | G7: ='Votos por partido'!L7 -> 2350 | H7: ='Votos por partido'!M7 -> 0 | I7: ='Votos por partido'!V7 -> 133 | J7: ='Votos por partido'!W7 -> 11008 | K7: ='Votos por partido'!X7 -> 424454 | L7: ='Votos por partido'!Y7 -> 668750 | M7: =K7/L7 -> 0.63469757 | N7: =B7/K7 -> 0.3215425 | O7: =C7/K7 -> 0.43819825 | P7: =D7/K7 -> 0.18845858 | Q7: =J7/K7 -> 0.025934495 | R7: =INDEX($B$3:$H$3,MATCH(MAX(B7:H7),B7:H7,0)) -> Juntos Hacemos Historia (Morena-PT-PVEM) | S7: =(MAX(B7:H7)-LARGE(B7:H7,2))/K7*100 -> 11.665575 | T7: =COUNTIFS('Por distrito'!$A$4:$A$303,$A7,'Por distrito'!$Q$4:$Q$303,B$3) -> 0 | U7: =COUNTIFS('Por distrito'!$A$4:$A$303,$A7,'Por distrito'!$Q$4:$Q$303,C$3) -> 2 | V7: =COUNTIFS('Por distrito'!$A$4:$A$303,$A7,'Por distrito'!$Q$4:$Q$303,D$3) -> 0 | W7: =COUNTIF('Por distrito'!$A$4:$A$303,$A7) -> 2
A8: ='Votos por partido'!A8 -> Coahuila | B8: ='Votos por partido'!C8+'Votos por partido'!D8+'Votos por partido'!E8+'Votos por partido'!N8+'Votos por partido'!O8+'Votos por partido'!P8+'Votos por partido'!Q8 -> 721836 | C8: ='Votos por partido'!F8+'Votos por partido'!G8+'Votos por partido'!I8+'Votos por partido'!R8+'Votos por partido'!S8+'Votos por partido'!T8+'Votos por partido'!U8 -> 493845 | D8: ='Votos por partido'!H8 -> 23497 | E8: ='Votos por partido'!J8 -> 9012 | F8: ='Votos por partido'!K8 -> 5029 | G8: ='Votos por partido'!L8 -> 27308 | H8: ='Votos por partido'!M8 -> 0 | I8: ='Votos por partido'!V8 -> 504 | J8: ='Votos por partido'!W8 -> 26817 | K8: ='Votos por partido'!X8 -> 1307848 | L8: ='Votos por partido'!Y8 -> 2262060 | M8: =K8/L8 -> 0.5781668 | N8: =B8/K8 -> 0.55192652 | O8: =C8/K8 -> 0.37760122 | P8: =D8/K8 -> 0.017966155 | Q8: =J8/K8 -> 0.020504676 | R8: =INDEX($B$3:$H$3,MATCH(MAX(B8:H8),B8:H8,0)) -> Va por México (PAN-PRI-PRD) | S8: =(MAX(B8:H8)-LARGE(B8:H8,2))/K8*100 -> 17.43253 | T8: =COUNTIFS('Por distrito'!$A$4:$A$303,$A8,'Por distrito'!$Q$4:$Q$303,B$3) -> 6 | U8: =COUNTIFS('Por distrito'!$A$4:$A$303,$A8,'Por distrito'!$Q$4:$Q$303,C$3) -> 1 | V8: =COUNTIFS('Por distrito'!$A$4:$A$303,$A8,'Por distrito'!$Q$4:$Q$303,D$3) -> 0 | W8: =COUNTIF('Por distrito'!$A$4:$A$303,$A8) -> 7
A9: ='Votos por partido'!A9 -> Colima | B9: ='Votos por partido'!C9+'Votos por partido'!D9+'Votos por partido'!E9+'Votos por partido'!N9+'Votos por partido'!O9+'Votos por partido'!P9+'Votos por partido'!Q9 -> 79734 | C9: ='Votos por partido'!F9+'Votos por partido'!G9+'Votos por partido'!I9+'Votos por partido'!R9+'Votos por partido'!S9+'Votos por partido'!T9+'Votos por partido'!U9 -> 149063 | D9: ='Votos por partido'!H9 -> 38349 | E9: ='Votos por partido'!J9 -> 9167 | F9: ='Votos por partido'!K9 -> 3138 | G9: ='Votos por partido'!L9 -> 9537 | H9: ='Votos por partido'!M9 -> 0 | I9: ='Votos por partido'!V9 -> 290 | J9: ='Votos por partido'!W9 -> 8418 | K9: ='Votos por partido'!X9 -> 297696 | L9: ='Votos por partido'!Y9 -> 556319 | M9: =K9/L9 -> 0.53511744 | N9: =B9/K9 -> 0.26783699 | O9: =C9/K9 -> 0.50072221 | P9: =D9/K9 -> 0.12881933 | Q9: =J9/K9 -> 0.028277169 | R9: =INDEX($B$3:$H$3,MATCH(MAX(B9:H9),B9:H9,0)) -> Juntos Hacemos Historia (Morena-PT-PVEM) | S9: =(MAX(B9:H9)-LARGE(B9:H9,2))/K9*100 -> 23.288523 | T9: =COUNTIFS('Por distrito'!$A$4:$A$303,$A9,'Por distrito'!$Q$4:$Q$303,B$3) -> 0 | U9: =COUNTIFS('Por distrito'!$A$4:$A$303,$A9,'Por distrito'!$Q$4:$Q$303,C$3) -> 2 | V9: =COUNTIFS('Por distrito'!$A$4:$A$303,$A9,'Por distrito'!$Q$4:$Q$303,D$3) -> 0 | W9: =COUNTIF('Por distrito'!$A$4:$A$303,$A9) -> 2
A10: ='Votos por partido'!A10 -> Chiapas | B10: ='Votos por partido'!C10+'Votos por partido'!D10+'Votos por partido'!E10+'Votos por partido'!N10+'Votos por partido'!O10+'Votos por partido'!P10+'Votos por partido'!Q10 -> 396455 | C10: ='Votos por partido'!F10+'Votos por partido'!G10+'Votos por partido'!I10+'Votos por partido'!R10+'Votos por partido'!S10+'Votos por partido'!T10+'Votos por partido'!U10 -> 1380252 | D10: ='Votos por partido'!H10 -> 68448 | E10: ='Votos por partido'!J10 -> 144833 | F10: ='Votos por partido'!K10 -> 78926 | G10: ='Votos por partido'!L10 -> 33173 | H10: ='Votos por partido'!M10 -> 0 | I10: ='Votos por partido'!V10 -> 2108 | J10: ='Votos por partido'!W10 -> 140620 | K10: ='Votos por partido'!X10 -> 2244815 | L10: ='Votos por partido'!Y10 -> 3659796 | M10: =K10/L10 -> 0.61337162 | N10: =B10/K10 -> 0.17660921 | O10: =C10/K10 -> 0.61486225 | P10: =D10/K10 -> 0.0304916 | Q10: =J10/K10 -> 0.062642133 | R10: =INDEX($B$3:$H$3,MATCH(MAX(B10:H10),B10:H10,0)) -> Juntos Hacemos Historia (Morena-PT-PVEM) | S10: =(MAX(B10:H10)-LARGE(B10:H10,2))/K10*100 -> 43.825304 | T10: =COUNTIFS('Por distrito'!$A$4:$A$303,$A10,'Por distrito'!$Q$4:$Q$303,B$3) -> 1 | U10: =COUNTIFS('Por distrito'!$A$4:$A$303,$A10,'Por distrito'!$Q$4:$Q$303,C$3) -> 12 | V10: =COUNTIFS('Por distrito'!$A$4:$A$303,$A10,'Por distrito'!$Q$4:$Q$303,D$3) -> 0 | W10: =COUNTIF('Por distrito'!$A$4:$A$303,$A10) -> 13
A11: ='Votos por partido'!A11 -> Chihuahua | B11: ='Votos por partido'!C11+'Votos por partido'!D11+'Votos por partido'!E11+'Votos por partido'!N11+'Votos por partido'!O11+'Votos por partido'!P11+'Votos por partido'!Q11 -> 669568 | C11: ='Votos por partido'!F11+'Votos por partido'!G11+'Votos por partido'!I11+'Votos por partido'!R11+'Votos por partido'!S11+'Votos por partido'!T11+'Votos por partido'!U11 -> 466975 | D11: ='Votos por partido'!H11 -> 114600 | E11: ='Votos por partido'!J11 -> 30397 | F11: ='Votos por partido'!K11 -> 9731 | G11: ='Votos por partido'!L11 -> 16108 | H11: ='Votos por partido'!M11 -> 0 | I11: ='Votos por partido'!V11 -> 737 | J11: ='Votos por partido'!W11 -> 44523 | K11: ='Votos por partido'!X11 -> 1352639 | L11: ='Votos por partido'!Y11 -> 2894525 | M11: =K11/L11 -> 0.46730949 | N11: =B11/K11 -> 0.49500865 | O11: =C11/K11 -> 0.34523254 | P11: =D11/K11 -> 0.084723271 | Q11: =J11/K11 -> 0.032915656 | R11: =INDEX($B$3:$H$3,MATCH(MAX(B11:H11),B11:H11,0)) -> Va por México (PAN-PRI-PRD) | S11: =(MAX(B11:H11)-LARGE(B11:H11,2))/K11*100 -> 14.97761 | T11: =COUNTIFS('Por distrito'!$A$4:$A$303,$A11,'Por distrito'!$Q$4:$Q$303,B$3) -> 6 | U11: =COUNTIFS('Por distrito'!$A$4:$A$303,$A11,'Por distrito'!$Q$4:$Q$303,C$3) -> 3 | V11: =COUNTIFS('Por distrito'!$A$4:$A$303,$A11,'Por distrito'!$Q$4:$Q$303,D$3) -> 0 | W11: =COUNTIF('Por distrito'!$A$4:$A$303,$A11) -> 9
A12: ='Votos por partido'!A12 -> Ciudad de México | B12: ='Votos por partido'!C12+'Votos por partido'!D12+'Votos por partido'!E12+'Votos por partido'!N12+'Votos por partido'!O12+'Votos por partido'!P12+'Votos por partido'!Q12 -> 1842918 | C12: ='Votos por partido'!F12+'Votos por partido'!G12+'Votos por partido'!I12+'Votos por partido'!R12+'Votos por partido'!S12+'Votos por partido'!T12+'Votos por partido'!U12 -> 1751102 | D12: ='Votos por partido'!H12 -> 146636 | E12: ='Votos por partido'!J12 -> 71264 | F12: ='Votos por partido'!K12 -> 32427 | G12: ='Votos por partido'!L12 -> 91841 | H12: ='Votos por partido'!M12 -> 0 | I12: ='Votos por partido'!V12 -> 5004 | J12: ='Votos por partido'!W12 -> 120351 | K12: ='Votos por partido'!X12 -> 4061543 | L12: ='Votos por partido'!Y12 -> 7772434 | M12: =K12/L12 -> 0.52255741 | N12: =B12/K12 -> 0.45374824 | O12: =C12/K12 -> 0.43114206 | P12: =D12/K12 -> 0.03610352 | Q12: =J12/K12 -> 0.029631842 | R12: =INDEX($B$3:$H$3,MATCH(MAX(B12:H12),B12:H12,0)) -> Va por México (PAN-PRI-PRD) | S12: =(MAX(B12:H12)-LARGE(B12:H12,2))/K12*100 -> 2.2606187 | T12: =COUNTIFS('Por distrito'!$A$4:$A$303,$A12,'Por distrito'!$Q$4:$Q$303,B$3) -> 10 | U12: =COUNTIFS('Por distrito'!$A$4:$A$303,$A12,'Por distrito'!$Q$4:$Q$303,C$3) -> 14 | V12: =COUNTIFS('Por distrito'!$A$4:$A$303,$A12,'Por distrito'!$Q$4:$Q$303,D$3) -> 0 | W12: =COUNTIF('Por distrito'!$A$4:$A$303,$A12) -> 24
A13: ='Votos por partido'!A13 -> Durango | B13: ='Votos por partido'!C13+'Votos por partido'!D13+'Votos por partido'!E13+'Votos por partido'!N13+'Votos por partido'!O13+'Votos por partido'!P13+'Votos por partido'!Q13 -> 250507 | C13: ='Votos por partido'!F13+'Votos por partido'!G13+'Votos por partido'!I13+'Votos por partido'!R13+'Votos por partido'!S13+'Votos por partido'!T13+'Votos por partido'!U13 -> 238309 | D13: ='Votos por partido'!H13 -> 29462 | E13: ='Votos por partido'!J13 -> 9764 | F13: ='Votos por partido'!K13 -> 21705 | G13: ='Votos por partido'!L13 -> 8516 | H13: ='Votos por partido'!M13 -> 0 | I13: ='Votos por partido'!V13 -> 342 | J13: ='Votos por partido'!W13 -> 15356 | K13: ='Votos por partido'!X13 -> 573961 | L13: ='Votos por partido'!Y13 -> 1332814 | M13: =K13/L13 -> 0.43063848 | N13: =B13/K13 -> 0.436453 | O13: =C13/K13 -> 0.41520068 | P13: =D13/K13 -> 0.051331014 | Q13: =J13/K13 -> 0.026754431 | R13: =INDEX($B$3:$H$3,MATCH(MAX(B13:H13),B13:H13,0)) -> Va por México (PAN-PRI-PRD) | S13: =(MAX(B13:H13)-LARGE(B13:H13,2))/K13*100 -> 2.1252315 | T13: =COUNTIFS('Por distrito'!$A$4:$A$303,$A13,'Por distrito'!$Q$4:$Q$303,B$3) -> 2 | U13: =COUNTIFS('Por distrito'!$A$4:$A$303,$A13,'Por distrito'!$Q$4:$Q$303,C$3) -> 2 | V13: =COUNTIFS('Por distrito'!$A$4:$A$303,$A13,'Por distrito'!$Q$4:$Q$303,D$3) -> 0 | W13: =COUNTIF('Por distrito'!$A$4:$A$303,$A13) -> 4
A14: ='Votos por partido'!A14 -> Guanajuato | B14: ='Votos por partido'!C14+'Votos por partido'!D14+'Votos por partido'!E14+'Votos por partido'!N14+'Votos por partido'!O14+'Votos por partido'!P14+'Votos por partido'!Q14 -> 1141352 | C14: ='Votos por partido'!F14+'Votos por partido'!G14+'Votos por partido'!I14+'Votos por partido'!R14+'Votos por partido'!S14+'Votos por partido'!T14+'Votos por partido'!U14 -> 634512 | D14: ='Votos por partido'!H14 -> 88093 | E14: ='Votos por partido'!J14 -> 33596 | F14: ='Votos por partido'!K14 -> 34390 | G14: ='Votos por partido'!L14 -> 33976 | H14: ='Votos por partido'!M14 -> 0 | I14: ='Votos por partido'!V14 -> 1611 | J14: ='Votos por partido'!W14 -> 59286 | K14: ='Votos por partido'!X14 -> 2026816 | L14: ='Votos por partido'!Y14 -> 4583856 | M14: =K14/L14 -> 0.44216398 | N14: =B14/K14 -> 0.56312561 | O14: =C14/K14 -> 0.31305851 | P14: =D14/K14 -> 0.043463738 | Q14: =J14/K14 -> 0.029250805 | R14: =INDEX($B$3:$H$3,MATCH(MAX(B14:H14),B14:H14,0)) -> Va por México (PAN-PRI-PRD) | S14: =(MAX(B14:H14)-LARGE(B14:H14,2))/K14*100 -> 25.00671 | T14: =COUNTIFS('Por distrito'!$A$4:$A$303,$A14,'Por distrito'!$Q$4:$Q$303,B$3) -> 15 | U14: =COUNTIFS('Por distrito'!$A$4:$A$303,$A14,'Por distrito'!$Q$4:$Q$303,C$3) -> 0 | V14: =COUNTIFS('Por distrito'!$A$4:$A$303,$A14,'Por distrito'!$Q$4:$Q$303,D$3) -> 0 | W14: =COUNTIF('Por distrito'!$A$4:$A$303,$A14) -> 15
A15: ='Votos por partido'!A15 -> Guerrero | B15: ='Votos por partido'!C15+'Votos por partido'!D15+'Votos por partido'!E15+'Votos por partido'!N15+'Votos por partido'!O15+'Votos por partido'!P15+'Votos por partido'!Q15 -> 614672 | C15: ='Votos por partido'!F15+'Votos por partido'!G15+'Votos por partido'!I15+'Votos por partido'!R15+'Votos por partido'!S15+'Votos por partido'!T15+'Votos por partido'!U15 -> 699857 | D15: ='Votos por partido'!H15 -> 43185 | E15: ='Votos por partido'!J15 -> 27604 | F15: ='Votos por partido'!K15 -> 16014 | G15: ='Votos por partido'!L15 -> 21833 | H15: ='Votos por partido'!M15 -> 0 | I15: ='Votos por partido'!V15 -> 4631 | J15: ='Votos por partido'!W15 -> 54489 | K15: ='Votos por partido'!X15 -> 1482285 | L15: ='Votos por partido'!Y15 -> 2563067 | M15: =K15/L15 -> 0.57832472 | N15: =B15/K15 -> 0.41467869 | O15: =C15/K15 -> 0.47214739 | P15: =D15/K15 -> 0.029134073 | Q15: =J15/K15 -> 0.036760137 | R15: =INDEX($B$3:$H$3,MATCH(MAX(B15:H15),B15:H15,0)) -> Juntos Hacemos Historia (Morena-PT-PVEM) | S15: =(MAX(B15:H15)-LARGE(B15:H15,2))/K15*100 -> 5.7468705 | T15: =COUNTIFS('Por distrito'!$A$4:$A$303,$A15,'Por distrito'!$Q$4:$Q$303,B$3) -> 3 | U15: =COUNTIFS('Por distrito'!$A$4:$A$303,$A15,'Por distrito'!$Q$4:$Q$303,C$3) -> 6 | V15: =COUNTIFS('Por distrito'!$A$4:$A$303,$A15,'Por distrito'!$Q$4:$Q$303,D$3) -> 0 | W15: =COUNTIF('Por distrito'!$A$4:$A$303,$A15) -> 9
... A35: ='Votos por partido'!A35 -> Zacatecas | B35: ='Votos por partido'!C35+'Votos por partido'!D35+'Votos por partido'!E35+'Votos por partido'!N35+'Votos por partido'!O35+'Votos por partido'!P35+'Votos por partido'!Q35 -> 275365 | C35: ='Votos por partido'!F35+'Votos por partido'!G35+'Votos por partido'!I35+'Votos por partido'!R35+'Votos por partido'!S35+'Votos por partido'!T35+'Votos por partido'!U35 -> 312507 | D35: ='Votos por partido'!H35 -> 24753 | E35: ='Votos por partido'!J35 -> 23811 | F35: ='Votos por partido'!K35 -> 5655 | G35: ='Votos por partido'!L35 -> 25351 | H35: ='Votos por partido'!M35 -> 0 | I35: ='Votos por partido'!V35 -> 352 | J35: ='Votos por partido'!W35 -> 25829 | K35: ='Votos por partido'!X35 -> 693623 | L35: ='Votos por partido'!Y35 -> 1211040 | M35: =K35/L35 -> 0.57274987 | N35: =B35/K35 -> 0.3969952 | O35: =C35/K35 -> 0.45054302 | P35: =D35/K35 -> 0.035686533 | Q35: =J35/K35 -> 0.037237808 | R35: =INDEX($B$3:$H$3,MATCH(MAX(B35:H35),B35:H35,0)) -> Juntos Hacemos Historia (Morena-PT-PVEM) | S35: =(MAX(B35:H35)-LARGE(B35:H35,2))/K35*100 -> 5.3547821 | T35: =COUNTIFS('Por distrito'!$A$4:$A$303,$A35,'Por distrito'!$Q$4:$Q$303,B$3) -> 1 | U35: =COUNTIFS('Por distrito'!$A$4:$A$303,$A35,'Por distrito'!$Q$4:$Q$303,C$3) -> 3 | V35: =COUNTIFS('Por distrito'!$A$4:$A$303,$A35,'Por distrito'!$Q$4:$Q$303,D$3) -> 0 | W35: =COUNTIF('Por distrito'!$A$4:$A$303,$A35) -> 4
A36: Nacional | B36: ='Votos por partido'!C36+'Votos por partido'!D36+'Votos por partido'!E36+'Votos por partido'!N36+'Votos por partido'!O36+'Votos por partido'!P36+'Votos por partido'!Q36 -> 19477887 | C36: ='Votos por partido'!F36+'Votos por partido'!G36+'Votos por partido'!I36+'Votos por partido'!R36+'Votos por partido'!S36+'Votos por partido'!T36+'Votos por partido'!U36 -> 21025742 | D36: ='Votos por partido'!H36 -> 3449982 | E36: ='Votos por partido'!J36 -> 1352544 | F36: ='Votos por partido'!K36 -> 868515 | G36: ='Votos por partido'!L36 -> 1217084 | H36: ='Votos por partido'!M36 -> 44311 | I36: ='Votos por partido'!V36 -> 41933 | J36: ='Votos por partido'!W36 -> 1673322 | K36: ='Votos por partido'!X36 -> 49151320 | L36: ='Votos por partido'!Y36 -> 93328771 | M36: =K36/L36 -> 0.52664703 | N36: =B36/K36 -> 0.39628411 | O36: =C36/K36 -> 0.42777573 | P36: =D36/K36 -> 0.070191035 | Q36: =J36/K36 -> 0.034044294 | R36: =INDEX($B$3:$H$3,MATCH(MAX(B36:H36),B36:H36,0)) -> Juntos Hacemos Historia (Morena-PT-PVEM) | S36: =(MAX(B36:H36)-LARGE(B36:H36,2))/K36*100 -> 3.1491626 | T36: =SUM(T4:T35) -> 111 | U36: =SUM(U4:U35) -> 182 | V36: =SUM(V4:V35) -> 7 | W36: =SUM(W4:W35) -> 300

Sheet Por distrito
A1: Resultados por distrito federal – Diputaciones federales 2021 (fuente: Diputados Federales 2021.csv)
A2: Bloque = partido solo + combinaciones de coalición. Las dos últimas columnas (valores fijos) separan a los partidos que fueron coaligados en cada distrito de los que compitieron solos.
A3: Estado | B3: Distrito | C3: Va por México (PAN-PRI-PRD) | D3: Juntos Hacemos Historia (Morena-PT-PVEM) | E3: MC | F3: PES | G3: RSP | H3: FXM | I3: Independientes | J3: No registrados | K3: Votos nulos | L3: Total votos | M3: Va por México % | N3: Juntos Hacemos Historia % | O3: MC % | P3: Votos nulos % | Q3: Bloque ganador | R3: Margen (pts) | S3: Candidatura ganadora (según coaliciones reales) | T3: Candidatura en 2º lugar
A4: Aguascalientes | B4: 1 | C4: 94438 | D4: 67744 | E4: 6494 | F4: 3184 | G4: 2208 | H4: 9231 | I4: 0 | J4: 223 | K4: 7006 | L4: 190528 | M4: =IF(L4=0,0,C4/L4) -> 0.49566468 | N4: =IF(L4=0,0,D4/L4) -> 0.35555929 | O4: =IF(L4=0,0,E4/L4) -> 0.034084229 | P4: =IF(L4=0,0,K4/L4) -> 0.036771498 | Q4: =INDEX($C$3:$I$3,MATCH(MAX(C4:I4),C4:I4,0)) -> Va por México (PAN-PRI-PRD) | R4: =IF(L4=0,0,(MAX(C4:I4)-LARGE(C4:I4,2))/L4*100) -> 14.010539 | S4: PAN-PRI-PRD | T4: MORENA
A5: Aguascalientes | B5: 2 | C5: 78396 | D5: 46992 | E5: 6339 | F5: 2433 | G5: 1049 | H5: 2872 | I5: 0 | J5: 232 | K5: 5001 | L5: 143314 | M5: =IF(L5=0,0,C5/L5) -> 0.54702262 | N5: =IF(L5=0,0,D5/L5) -> 0.32789539 | O5: =IF(L5=0,0,E5/L5) -> 0.044231548 | P5: =IF(L5=0,0,K5/L5) -> 0.034895404 | Q5: =INDEX($C$3:$I$3,MATCH(MAX(C5:I5),C5:I5,0)) -> Va por México (PAN-PRI-PRD) | R5: =IF(L5=0,0,(MAX(C5:I5)-LARGE(C5:I5,2))/L5*100) -> 21.912723 | S5: PAN | T5: PVEM-PT-MORENA
A6: Aguascalientes | B6: 3 | C6: 117307 | D6: 44406 | E6: 7128 | F6: 2243 | G6: 975 | H6: 3108 | I6: 0 | J6: 197 | K6: 4882 | L6: 180246 | M6: =IF(L6=0,0,C6/L6) -> 0.65081611 | N6: =IF(L6=0,0,D6/L6) -> 0.2463633 | O6: =IF(L6=0,0,E6/L6) -> 0.039545954 | P6: =IF(L6=0,0,K6/L6) -> 0.027085206 | Q6: =INDEX($C$3:$I$3,MATCH(MAX(C6:I6),C6:I6,0)) -> Va por México (PAN-PRI-PRD) | R6: =IF(L6=0,0,(MAX(C6:I6)-LARGE(C6:I6,2))/L6*100) -> 40.44528 | S6: PAN | T6: PVEM-PT-MORENA
A7: Baja California | B7: 1 | C7: 31859 | D7: 65037 | E7: 8432 | F7: 20582 | G7: 1632 | H7: 2650 | I7: 0 | J7: 112 | K7: 4059 | L7: 134363 | M7: =IF(L7=0,0,C7/L7) -> 0.23711141 | N7: =IF(L7=0,0,D7/L7) -> 0.4840395 | O7: =IF(L7=0,0,E7/L7) -> 0.062755372 | P7: =IF(L7=0,0,K7/L7) -> 0.030209209 | Q7: =INDEX($C$3:$I$3,MATCH(MAX(C7:I7),C7:I7,0)) -> Juntos Hacemos Historia (Morena-PT-PVEM) | R7: =IF(L7=0,0,(MAX(C7:I7)-LARGE(C7:I7,2))/L7*100) -> 24.69281 | S7: PVEM-PT-MORENA | T7: PAN-PRI-PRD
A8: Baja California | B8: 2 | C8: 42834 | D8: 62703 | E8: 7999 | F8: 22197 | G8: 2273 | H8: 2546 | I8: 0 | J8: 145 | K8: 5060 | L8: 145757 | M8: =IF(L8=0,0,C8/L8) -> 0.29387268 | N8: =IF(L8=0,0,D8/L8) -> 0.4301886 | O8: =IF(L8=0,0,E8/L8) -> 0.054879011 | P8: =IF(L8=0,0,K8/L8) -> 0.034715314 | Q8: =INDEX($C$3:$I$3,MATCH(MAX(C8:I8),C8:I8,0)) -> Juntos Hacemos Historia (Morena-PT-PVEM) | R8: =IF(L8=0,0,(MAX(C8:I8)-LARGE(C8:I8,2))/L8*100) -> 13.631592 | S8: MORENA | T8: PAN
A9: Baja California | B9: 3 | C9: 27560 | D9: 64801 | E9: 5337 | F9: 17317 | G9: 3907 | H9: 14696 | I9: 0 | J9: 121 | K9: 4868 | L9: 138607 | M9: =IF(L9=0,0,C9/L9) -> 0.19883556 | N9: =IF(L9=0,0,D9/L9) -> 0.46751607 | O9: =IF(L9=0,0,E9/L9) -> 0.038504549 | P9: =IF(L9=0,0,K9/L9) -> 0.035120881 | Q9: =INDEX($C$3:$I$3,MATCH(MAX(C9:I9),C9:I9,0)) -> Juntos Hacemos Historia (Morena-PT-PVEM) | R9: =IF(L9=0,0,(MAX(C9:I9)-LARGE(C9:I9,2))/L9*100) -> 26.868051 | S9: PVEM-PT-MORENA | T9: PAN-PRI-PRD
A10: Baja California | B10: 4 | C10: 17646 | D10: 89570 | E10: 5480 | F10: 19177 | G10: 1692 | H10: 2558 | I10: 0 | J10: 106 | K10: 4921 | L10: 141150 | M10: =IF(L10=0,0,C10/L10) -> 0.12501594 | N10: =IF(L10=0,0,D10/L10) -> 0.63457315 | O10: =IF(L10=0,0,E10/L10) -> 0.038823946 | P10: =IF(L10=0,0,K10/L10) -> 0.03486362 | Q10: =INDEX($C$3:$I$3,MATCH(MAX(C10:I10),C10:I10,0)) -> Juntos Hacemos Historia (Morena-PT-PVEM) | R10: =IF(L10=0,0,(MAX(C10:I10)-LARGE(C10:I10,2))/L10*100) -> 49.871059 | S10: MORENA | T10: PES
A11: Baja California | B11: 5 | C11: 42493 | D11: 67132 | E11: 6540 | F11: 26436 | G11: 2421 | H11: 3085 | I11: 0 | J11: 157 | K11: 4606 | L11: 152870 | M11: =IF(L11=0,0,C11/L11) -> 0.27796821 | N11: =IF(L11=0,0,D11/L11) -> 0.43914437 | O11: =IF(L11=0,0,E11/L11) -> 0.042781448 | P11: =IF(L11=0,0,K11/L11) -> 0.030130176 | Q11: =INDEX($C$3:$I$3,MATCH(MAX(C11:I11),C11:I11,0)) -> Juntos Hacemos Historia (Morena-PT-PVEM) | R11: =IF(L11=0,0,(MAX(C11:I11)-LARGE(C11:I11,2))/L11*100) -> 16.117616 | S11: MORENA | T11: PAN-PRI-PRD
A12: Baja California | B12: 6 | C12: 37167 | D12: 62922 | E12: 6103 | F12: 28160 | G12: 1688 | H12: 2667 | I12: 0 | J12: 88 | K12: 4914 | L12: 143709 | M12: =IF(L12=0,0,C12/L12) -> 0.25862681 | N12: =IF(L12=0,0,D12/L12) -> 0.43784314 | O12: =IF(L12=0,0,E12/L12) -> 0.042467765 | P12: =IF(L12=0,0,K12/L12) -> 0.034194101 | Q12: =INDEX($C$3:$I$3,MATCH(MAX(C12:I12),C12:I12,0)) -> Juntos Hacemos Historia (Morena-PT-PVEM) | R12: =IF(L12=0,0,(MAX(C12:I12)-LARGE(C12:I12,2))/L12*100) -> 17.921633 | S12: MORENA | T12: PAN-PRI-PRD
A13: Baja California | B13: 7 | C13: 22417 | D13: 66088 | E13: 7050 | F13: 22148 | G13: 3142 | H13: 5993 | I13: 0 | J13: 180 | K13: 4806 | L13: 131824 | M13: =IF(L13=0,0,C13/L13) -> 0.17005249 | N13: =IF(L13=0,0,D13/L13) -> 0.50133511 | O13: =IF(L13=0,0,E13/L13) -> 0.053480398 | P13: =IF(L13=0,0,K13/L13) -> 0.036457701 | Q13: =INDEX($C$3:$I$3,MATCH(MAX(C13:I13),C13:I13,0)) -> Juntos Hacemos Historia (Morena-PT-PVEM) | R13: =IF(L13=0,0,(MAX(C13:I13)-LARGE(C13:I13,2))/L13*100) -> 33.128262 | S13: PVEM-PT-MORENA | T13: PAN-PRI-PRD
A14: Baja California | B14: 8 | C14: 23154 | D14: 74479 | E14: 5109 | F14: 24246 | G14: 1517 | H14: 2546 | I14: 0 | J14: 113 | K14: 3731 | L14: 134895 | M14: =IF(L14=0,0,C14/L14) -> 0.17164461 | N14: =IF(L14=0,0,D14/L14) -> 0.55212573 | O14: =IF(L14=0,0,E14/L14) -> 0.037873902 | P14: =IF(L14=0,0,K14/L14) -> 0.027658549 | Q14: =INDEX($C$3:$I$3,MATCH(MAX(C14:I14),C14:I14,0)) -> Juntos Hacemos Historia (Morena-PT-PVEM) | R14: =IF(L14=0,0,(MAX(C14:I14)-LARGE(C14:I14,2))/L14*100) -> 37.238593 | S14: PVEM-PT-MORENA | T14: PES
A15: Baja California Sur | B15: 1 | C15: 71579 | D15: 71821 | E15: 5900 | F15: 3822 | G15: 1665 | H15: 4254 | I15: 0 | J15: 126 | K15: 5004 | L15: 164171 | M15: =IF(L15=0,0,C15/L15) -> 0.4360027 | N15: =IF(L15=0,0,D15/L15) -> 0.43747678 | O15: =IF(L15=0,0,E15/L15) -> 0.035938138 | P15: =IF(L15=0,0,K15/L15) -> 0.030480414 | Q15: =INDEX($C$3:$I$3,MATCH(MAX(C15:I15),C15:I15,0)) -> Juntos Hacemos Historia (Morena-PT-PVEM) | R15: =IF(L15=0,0,(MAX(C15:I15)-LARGE(C15:I15,2))/L15*100) -> 0.14740728 | S15: PVEM-PT-MORENA | T15: PAN-PRI-PRD
... A303: Zacatecas | B303: 4 | C303: 65345 | D303: 85692 | E303: 6940 | F303: 4230 | G303: 2003 | H303: 8815 | I303: 0 | J303: 136 | K303: 7119 | L303: 180280 | M303: =IF(L303=0,0,C303/L303) -> 0.36246394 | N303: =IF(L303=0,0,D303/L303) -> 0.47532727 | O303: =IF(L303=0,0,E303/L303) -> 0.038495673 | P303: =IF(L303=0,0,K303/L303) -> 0.039488573 | Q303: =INDEX($C$3:$I$3,MATCH(MAX(C303:I303),C303:I303,0)) -> Juntos Hacemos Historia (Morena-PT-PVEM) | R303: =IF(L303=0,0,(MAX(C303:I303)-LARGE(C303:I303,2))/L303*100) -> 11.286332 | S303: PAN-PRI-PRD | T303: MORENA

Sheet Votos por partido
A1: Votos por partido y combinación de coalición, por estado – Diputaciones federales 2021 (fuente: Diputados Federales 2021.csv)
A3: Estado | B3: Actas | C3: PAN | D3: PRI | E3: PRD | F3: PVEM | G3: PT | H3: MC | I3: MORENA | J3: PES | K3: RSP | L3: FXM | M3: CI | N3: PAN-PRI-PRD | O3: PAN-PRI | P3: PAN-PRD | Q3: PRI-PRD | R3: PVEM-PT-MORENA | S3: PVEM-PT | T3: PVEM-MORENA | U3: PT-MORENA | V3: No registrados | W3: Votos Nulos | X3: Total votos | Y3: Lista nominal
A4: Aguascalientes | B4: 1723 | C4: 228690 | D4: 46452 | E4: 14022 | F4: 18329 | G4: 11876 | H4: 19961 | I4: 128235 | J4: 7860 | K4: 4232 | L4: 15211 | M4: 0 | N4: 262 | O4: 222 | P4: 452 | Q4: 41 | R4: 165 | S4: 26 | T4: 70 | U4: 441 | V4: 652 | W4: 16889 | X4: 514088 | Y4: 1017411
A5: Baja California | B5: 5010 | C5: 162490 | D5: 62714 | E5: 14936 | F5: 27156 | G5: 25983 | H5: 52050 | I5: 495458 | J5: 180263 | K5: 18272 | L5: 36741 | M5: 0 | N5: 3737 | O5: 922 | P5: 233 | Q5: 98 | R5: 1694 | S5: 300 | T5: 589 | U5: 1552 | V5: 1022 | W5: 36965 | X5: 1123175 | Y5: 2919186
A6: Baja California Sur | B6: 1049 | C6: 94458 | D6: 11370 | E6: 2422 | F6: 8611 | G6: 14456 | H6: 9177 | I6: 98443 | J6: 6399 | K6: 4273 | L6: 9781 | M6: 0 | N6: 2668 | O6: 1510 | P6: 192 | Q6: 33 | R6: 323 | S6: 82 | T6: 187 | U6: 6614 | V6: 232 | W6: 8655 | X6: 279886 | Y6: 561652
A7: Campeche | B7: 1200 | C7: 20864 | D7: 107041 | E7: 3451 | F7: 5623 | G7: 7655 | H7: 79992 | I7: 172717 | J7: 3546 | K7: 4950 | L7: 2350 | M7: 0 | N7: 3569 | O7: 1321 | P7: 71 | Q7: 163 | R7: 0 | S7: 0 | T7: 0 | U7: 0 | V7: 133 | W7: 11008 | X7: 424454 | Y7: 668750
A8: Coahuila | B8: 3923 | C8: 190669 | D8: 516245 | E8: 14922 | F8: 38516 | G8: 21101 | H8: 23497 | I8: 431954 | J8: 9012 | K8: 5029 | L8: 27308 | M8: 0 | N8: 0 | O8: 0 | P8: 0 | Q8: 0 | R8: 620 | S8: 109 | T8: 644 | U8: 901 | V8: 504 | W8: 26817 | X8: 1307848 | Y8: 2262060
A9: Colima | B9: 989 | C9: 31669 | D9: 41776 | E9: 2300 | F9: 50286 | G9: 7273 | H9: 38349 | I9: 91504 | J9: 9167 | K9: 3138 | L9: 9537 | M9: 0 | N9: 3125 | O9: 743 | P9: 64 | Q9: 57 | R9: 0 | S9: 0 | T9: 0 | U9: 0 | V9: 290 | W9: 8418 | X9: 297696 | Y9: 556319
A10: Chiapas | B10: 6496 | C10: 71690 | D10: 264636 | E10: 49814 | F10: 435278 | G10: 151528 | H10: 68448 | I10: 786960 | J10: 144833 | K10: 78926 | L10: 33173 | M10: 0 | N10: 7391 | O10: 1732 | P10: 471 | Q10: 721 | R10: 2632 | S10: 730 | T10: 1510 | U10: 1614 | V10: 2108 | W10: 140620 | X10: 2244815 | Y10: 3659796
A11: Chihuahua | B11: 5543 | C11: 486701 | D11: 163143 | E11: 15367 | F11: 37768 | G11: 23416 | H11: 114600 | I11: 401425 | J11: 30397 | K11: 9731 | L11: 16108 | M11: 0 | N11: 1517 | O11: 2040 | P11: 679 | Q11: 121 | R11: 760 | S11: 162 | T11: 492 | U11: 2952 | V11: 737 | W11: 44523 | X11: 1352639 | Y11: 2894525
A12: Ciudad de México | B12: 13206 | C12: 1026858 | D12: 575170 | E12: 187414 | F12: 120154 | G12: 83562 | H12: 146636 | I12: 1532025 | J12: 71264 | K12: 32427 | L12: 91841 | M12: 0 | N12: 41359 | O12: 7921 | P12: 2038 | Q12: 2158 | R12: 4293 | S12: 463 | T12: 1388 | U12: 9217 | V12: 5004 | W12: 120351 | X12: 4061543 | Y12: 7772434
A13: Durango | B13: 2557 | C13: 100245 | D13: 132143 | E13: 10155 | F13: 30861 | G13: 16166 | H13: 29462 | I13: 186349 | J13: 9764 | K13: 21705 | L13: 8516 | M13: 0 | N13: 4576 | O13: 2964 | P13: 212 | Q13: 212 | R13: 899 | S13: 203 | T13: 598 | U13: 3233 | V13: 342 | W13: 15356 | X13: 573961 | Y13: 1332814
A14: Guanajuato | B14: 7791 | C14: 851833 | D14: 244940 | E14: 44094 | F14: 109156 | G14: 37867 | H14: 88093 | I14: 487354 | J14: 33596 | K14: 34390 | L14: 33976 | M14: 0 | N14: 252 | O14: 102 | P14: 63 | Q14: 68 | R14: 27 | S14: 15 | T14: 33 | U14: 60 | V14: 1611 | W14: 59286 | X14: 2026816 | Y14: 4583856
A15: Guerrero | B15: 5078 | C15: 46351 | D15: 367461 | E15: 190067 | F15: 51835 | G15: 58998 | H15: 43185 | I15: 585876 | J15: 27604 | K15: 16014 | L15: 21833 | M15: 0 | N15: 2214 | O15: 845 | P15: 359 | Q15: 7375 | R15: 973 | S15: 423 | T15: 688 | U15: 1064 | V15: 4631 | W15: 54489 | X15: 1482285 | Y15: 2563067
... A35: Zacatecas | B35: 2599 | C35: 69341 | D35: 166842 | E35: 29854 | F35: 32081 | G35: 55565 | H35: 24753 | I35: 221693 | J35: 23811 | K35: 5655 | L35: 25351 | M35: 0 | N35: 6912 | O35: 1536 | P35: 331 | Q35: 549 | R35: 1048 | S35: 310 | T35: 493 | U35: 1317 | V35: 352 | W35: 25829 | X35: 693623 | Y35: 1211040
A36: Nacional | B36: =SUM(B4:B35) -> 163666 | C36: =SUM(C4:C35) -> 8851906 | D36: =SUM(D4:D35) -> 8595641 | E36: =SUM(E4:E35) -> 1699019 | F36: =SUM(F4:F35) -> 2630172 | G36: =SUM(G4:G35) -> 1524824 | H36: =SUM(H4:H35) -> 3449982 | I36: =SUM(I4:I35) -> 16688329 | ... Y36: =SUM(Y4:Y35) -> 93328771
